2026/08/25 18:50:49.970, 17.91, 450.00, 0, 10, 210, 3105, 440
2026/08/25 18:50:50.079, 17.91, 450.00, 0, 10, 210, 3105, 440
2026/08/25 18:50:50.182, 17.91, 450.00, 0, 10, 210, 3105, 440
2026/08/25 18:50:50.284, 17.91, 450.00, 0, 10, 210, 3105, 440
2026/08/25 18:50:50.387, 17.91, 450.00, 0, 10, 210, 3105, 440
2026/08/25 18:50:50.489, 17.91, 450.00, 0, 10, 210, 3105, 440
2026/08/25 18:50:50.592, 16.66, 450.00, 0, 10, 210, 3105, 440
2026/08/25 18:50:50.694, 16.66, 450.00, 0, 10, 210, 3105, 440
2026/08/25 18:50:50.796, 16.66, 450.00, 0, 10, 210, 3105, 440
2026/08/25 18:50:50.899, 16.66, 450.00, 0, 10, 210, 3105, 440
2026/08/25 18:50:51.001, 16.66, 450.00, 0, 10, 210, 3105, 440
2026/08/25 18:50:51.103, 16.66, 450.00, 0, 10, 210, 3105, 440
2026/08/25 18:50:51.206, 16.66, 450.00, 0, 10, 210, 3105, 440
2026/08/25 18:50:51.308, 16.66, 450.00, 0, 10, 210, 3105, 440
2026/08/25 18:50:51.411, 16.66, 450.00, 0, 10, 210, 3105, 440
2026/08/25 18:50:51.513, 16.66, 450.00, 0, 10, 210, 3105, 492
2026/08/25 18:50:51.615, 17.24, 450.00, 1, 3, 210, 3105, 626
2026/08/25 18:50:51.717, 17.24, 450.00, 1, 3, 210, 3105, 824
2026/08/25 18:50:51.819, 17.24, 450.00, 1, 3, 210, 3105, 888
2026/08/25 18:50:51.921, 17.24, 450.00, 1, 3, 210, 3105, 1080
2026/08/25 18:50:52.023, 17.24, 450.00, 1, 3, 210, 3105, 1208
2026/08/25 18:50:52.126, 29.43, 450.00, 10, 1, 2565, 3105, 1208
2026/08/25 18:50:52.264, 29.43, 450.00, 10, 1, 2565, 3105, 1240
2026/08/25 18:50:52.366, 29.43, 450.00, 10, 1, 2565, 3105, 1240
2026/08/25 18:50:52.469, 29.43, 450.00, 10, 1, 2565, 3105, 1240
2026/08/25 18:50:52.605, 150.64, 450.00, 100, 30, 2565, 3105, 1240
2026/08/25 18:50:52.742, 150.64, 450.00, 100, 30, 2565, 3105, 1240
2026/08/25 18:50:52.882, 150.64, 450.00, 100, 30, 2565, 3105, 1272
2026/08/25 18:50:53.023, 150.64, 450.00, 100, 30, 2565, 3105, 1272
2026/08/25 18:50:53.163, 209.94, 450.00, 100, 31, 2715, 3105, 1272
2026/08/25 18:50:53.265, 209.94, 450.00, 100, 31, 2715, 3105, 1272
2026/08/25 18:50:53.368, 209.94, 450.00, 100, 31, 2715, 3105, 1304
2026/08/25 18:50:53.471, 209.94, 450.00, 100, 31, 2715, 3105, 2776
2026/08/25 18:50:53.573, 209.94, 450.00, 100, 31, 2715, 3105, 2776
2026/08/25 18:50:53.676, 223.01, 450.00, 0, 0, 2715, 3105, 2776
2026/08/25 18:50:53.778, 223.01, 450.00, 0, 0, 2715, 3105, 2778
2026/08/25 18:50:53.880, 223.01, 450.00, 0, 0, 2715, 3105, 2778
2026/08/25 18:50:53.982, 223.01, 450.00, 0, 0, 2715, 3105, 2778
2026/08/25 18:50:54.084, 165.59, 450.00, 19, 2, 2715, 3105, 3082
2026/08/25 18:50:54.186, 165.59, 450.00, 19, 2, 2715, 3105, 3618
2026/08/25 18:50:54.289, 165.59, 450.00, 19, 2, 2715, 3105, 4738
2026/08/25 18:50:54.421, 165.59, 450.00, 19, 2, 2715, 3105, 4738
2026/08/25 18:50:54.563, 165.59, 450.00, 19, 2, 2715, 3105, 4804
2026/08/25 18:50:54.665, 141.91, 450.00, 88, 11, 2715, 3105, 5284
2026/08/25 18:50:54.767, 141.91, 450.00, 88, 11, 2715, 3105, 5286
2026/08/25 18:50:54.870, 141.91, 450.00, 88, 11, 2715, 3105, 5286
2026/08/25 18:50:54.973, 141.91, 450.00, 88, 11, 2715, 3105, 5286
2026/08/25 18:50:55.075, 141.91, 450.00, 88, 11, 2715, 3105, 5286
2026/08/25 18:50:55.177, 246.49, 450.00, 100, 11, 2715, 3105, 5286
2026/08/25 18:50:55.279, 246.49, 450.00, 100, 11, 2715, 3105, 5286
2026/08/25 18:50:55.381, 246.49, 450.00, 100, 11, 2715, 3105, 5286
2026/08/25 18:50:55.483, 246.49, 450.00, 100, 11, 2715, 3105, 5286
2026/08/25 18:50:55.585, 303.27, 450.00, 100, 11, 2700, 3105, 5286
2026/08/25 18:50:55.687, 303.27, 450.00, 100, 11, 2700, 3105, 5286
2026/08/25 18:50:55.790, 303.27, 450.00, 100, 11, 2700, 3105, 5286
2026/08/25 18:50:55.893, 303.27, 450.00, 100, 11, 2700, 3105, 5286
2026/08/25 18:50:55.995, 303.27, 450.00, 100, 11, 2700, 3105, 5286
2026/08/25 18:50:56.097, 306.38, 450.00, 100, 3, 2700, 3105, 5286
2026/08/25 18:50:56.199, 306.38, 450.00, 100, 3, 2700, 3105, 5286
2026/08/25 18:50:56.300, 306.38, 450.00, 100, 3, 2700, 3105, 5286
2026/08/25 18:50:56.403, 306.38, 450.00, 100, 3, 2700, 3105, 5286
2026/08/25 18:50:56.505, 306.38, 450.00, 100, 3, 2700, 3105, 5286
2026/08/25 18:50:56.608, 307.01, 450.00, 100, 1, 2700, 3105, 5286
2026/08/25 18:50:56.710, 307.01, 450.00, 100, 1, 2700, 3105, 5286
2026/08/25 18:50:56.812, 307.01, 450.00, 100, 1, 2700, 3105, 5286
2026/08/25 18:50:56.915, 307.01, 450.00, 100, 1, 2700, 3105, 5286
2026/08/25 18:50:57.017, 307.01, 450.00, 100, 1, 2700, 3105, 5286
2026/08/25 18:50:57.119, 306.41, 450.00, 100, 1, 2700, 3105, 5286
2026/08/25 18:50:57.221, 306.41, 450.00, 100, 1, 2700, 3105, 5286
2026/08/25 18:50:57.323, 306.41, 450.00, 100, 1, 2700, 3105, 5286
2026/08/25 18:50:57.425, 306.41, 450.00, 100, 1, 2700, 3105, 5286
2026/08/25 18:50:57.528, 306.41, 450.00, 100, 1, 2700, 3105, 5286
2026/08/25 18:50:57.630, 306.74, 450.00, 100, 1, 2700, 3105, 5286
2026/08/25 18:50:57.734, 306.74, 450.00, 100, 1, 2700, 3105, 5286
2026/08/25 18:50:57.835, 306.74, 450.00, 100, 1, 2700, 3105, 5286
2026/08/25 18:50:57.937, 306.74, 450.00, 100, 1, 2700, 3105, 5286
2026/08/25 18:50:58.039, 306.74, 450.00, 100, 1, 2700, 3105, 5286
2026/08/25 18:50:58.142, 307.89, 450.00, 100, 1, 2700, 3105, 5286
2026/08/25 18:50:58.244, 307.89, 450.00, 100, 1, 2700, 3105, 5286
2026/08/25 18:50:58.347, 307.89, 450.00, 100, 1, 2700, 3105, 5286
2026/08/25 18:50:58.450, 307.89, 450.00, 100, 1, 2700, 3105, 5286
2026/08/25 18:50:58.553, 307.89, 450.00, 100, 1, 2700, 3105, 5286
2026/08/25 18:50:58.655, 308.59, 450.00, 100, 1, 2700, 3105, 5286
2026/08/25 18:50:58.758, 308.59, 450.00, 100, 1, 2700, 3105, 5286
2026/08/25 18:50:58.861, 308.59, 450.00, 100, 1, 2700, 3105, 5286
2026/08/25 18:50:58.963, 308.59, 450.00, 100, 1, 2700, 3105, 5286
2026/08/25 18:50:59.065, 308.59, 450.00, 100, 1, 2700, 3105, 5286
2026/08/25 18:50:59.167, 308.95, 450.00, 100, 11, 2700, 3105, 5286
2026/08/25 18:50:59.270, 308.95, 450.00, 100, 11, 2700, 3105, 5286
2026/08/25 18:50:59.373, 308.95, 450.00, 100, 11, 2700, 3105, 5286
2026/08/25 18:50:59.475, 308.95, 450.00, 100, 11, 2700, 3105, 5286
2026/08/25 18:50:59.577, 308.95, 450.00, 100, 11, 2700, 3105, 5286
2026/08/25 18:50:59.679, 308.85, 450.00, 100, 11, 2700, 3105, 5286
2026/08/25 18:50:59.781, 308.85, 450.00, 100, 11, 2700, 3105, 5286
2026/08/25 18:50:59.883, 308.85, 450.00, 100, 11, 2700, 3105, 5286
2026/08/25 18:50:59.985, 308.85, 450.00, 100, 11, 2700, 3105, 5286
2026/08/25 18:51:00.088, 309.40, 450.00, 100, 11, 2700, 3105, 5286
2026/08/25 18:51:00.191, 309.40, 450.00, 100, 11, 2700, 3105, 5286
2026/08/25 18:51:00.293, 309.40, 450.00, 100, 11, 2700, 3105, 5286
2026/08/25 18:51:00.395, 309.40, 450.00, 100, 11, 2700, 3105, 5286
2026/08/25 18:51:00.497, 309.40, 450.00, 100, 11, 2700, 3105, 5286
2026/08/25 18:51:00.600, 309.54, 450.00, 100, 11, 2700, 3105, 5286
2026/08/25 18:51:00.702, 309.54, 450.00, 100, 11, 2700, 3105, 5286
2026/08/25 18:51:00.804, 309.54, 450.00, 100, 11, 2700, 3105, 5286
2026/08/25 18:51:00.907, 309.54, 450.00, 100, 11, 2700, 3105, 5286
2026/08/25 18:51:01.010, 309.54, 450.00, 100, 11, 2700, 3105, 5286
2026/08/25 18:51:01.112, 309.10, 450.00, 100, 1, 2700, 3105, 5286
2026/08/25 18:51:01.214, 309.10, 450.00, 100, 1, 2700, 3105, 5286
2026/08/25 18:51:01.316, 309.10, 450.00, 100, 1, 2700, 3105, 5286
2026/08/25 18:51:01.419, 309.10, 450.00, 100, 1, 2700, 3105, 5286
2026/08/25 18:51:01.521, 309.10, 450.00, 100, 1, 2700, 3105, 5286
2026/08/25 18:51:01.623, 297.82, 450.00, 100, 7, 2700, 3105, 5286
2026/08/25 18:51:01.726, 297.82, 450.00, 100, 7, 2700, 3105, 5286
2026/08/25 18:51:01.829, 297.82, 450.00, 100, 7, 2700, 3105, 5286
2026/08/25 18:51:01.931, 297.82, 450.00, 100, 7, 2700, 3105, 5286
2026/08/25 18:51:02.033, 297.82, 450.00, 100, 7, 2700, 3105, 5286
2026/08/25 18:51:02.135, 298.94, 450.00, 100, 7, 2700, 3105, 5286
2026/08/25 18:51:02.237, 298.94, 450.00, 100, 7, 2700, 3105, 5286
2026/08/25 18:51:02.339, 298.94, 450.00, 100, 7, 2700, 3105, 5286
2026/08/25 18:51:02.441, 298.94, 450.00, 100, 7, 2700, 3105, 5286
2026/08/25 18:51:02.543, 298.94, 450.00, 100, 7, 2700, 3105, 5286
2026/08/25 18:51:02.645, 311.69, 450.00, 100, 7, 2700, 3105, 5286
2026/08/25 18:51:02.748, 311.69, 450.00, 100, 7, 2700, 3105, 5286
2026/08/25 18:51:02.852, 311.69, 450.00, 100, 7, 2700, 3105, 5286
2026/08/25 18:51:02.955, 311.69, 450.00, 100, 7, 2700, 3105, 5286
2026/08/25 18:51:03.057, 311.69, 450.00, 100, 7, 2700, 3105, 5286
2026/08/25 18:51:03.159, 312.87, 450.00, 100, 7, 2700, 3105, 5286
2026/08/25 18:51:03.261, 312.87, 450.00, 100, 7, 2700, 3105, 5286
2026/08/25 18:51:03.363, 312.87, 450.00, 100, 7, 2700, 3105, 5286
2026/08/25 18:51:03.466, 312.87, 450.00, 100, 7, 2700, 3105, 5286
2026/08/25 18:51:03.569, 312.87, 450.00, 100, 7, 2700, 3105, 5286
2026/08/25 18:51:03.672, 313.80, 450.00, 100, 7, 2700, 3105, 5286
2026/08/25 18:51:03.774, 313.80, 450.00, 100, 7, 2700, 3105, 5286
2026/08/25 18:51:03.876, 313.80, 450.00, 100, 7, 2700, 3105, 6406
2026/08/25 18:51:03.978, 313.80, 450.00, 100, 7, 2700, 3105, 6406
2026/08/25 18:51:04.080, 289.49, 450.00, 100, 1, 2700, 3105, 6406
2026/08/25 18:51:04.182, 289.49, 450.00, 100, 1, 2700, 3105, 6406
2026/08/25 18:51:04.284, 289.49, 450.00, 100, 1, 2700, 3105, 6406
2026/08/25 18:51:04.387, 289.49, 450.00, 100, 1, 2700, 3105, 6406
2026/08/25 18:51:04.490, 289.49, 450.00, 100, 1, 2700, 3105, 6406
2026/08/25 18:51:04.592, 286.79, 450.00, 100, 1, 2700, 3105, 6406
2026/08/25 18:51:04.694, 286.79, 450.00, 100, 1, 2700, 3105, 6406
2026/08/25 18:51:04.796, 286.79, 450.00, 100, 1, 2700, 3105, 6406
2026/08/25 18:51:04.898, 286.79, 450.00, 100, 1, 2700, 3105, 6406
2026/08/25 18:51:05.000, 286.79, 450.00, 100, 1, 2700, 3105, 6406
2026/08/25 18:51:05.102, 308.47, 450.00, 100, 2, 2700, 3105, 6406
2026/08/25 18:51:05.204, 308.47, 450.00, 100, 2, 2700, 3105, 6406
2026/08/25 18:51:05.307, 308.47, 450.00, 100, 2, 2700, 3105, 6406
2026/08/25 18:51:05.409, 308.47, 450.00, 100, 2, 2700, 3105, 6406
2026/08/25 18:51:05.511, 308.47, 450.00, 100, 2, 2700, 3105, 6406
2026/08/25 18:51:05.614, 310.12, 450.00, 100, 11, 2700, 3105, 6406
2026/08/25 18:51:05.716, 310.12, 450.00, 100, 11, 2700, 3105, 6406
2026/08/25 18:51:05.819, 310.12, 450.00, 100, 11, 2700, 3105, 6406
2026/08/25 18:51:05.921, 310.12, 450.00, 100, 11, 2700, 3105, 6406
2026/08/25 18:51:06.023, 310.12, 450.00, 100, 11, 2700, 3105, 6406
2026/08/25 18:51:06.126, 310.95, 450.00, 100, 11, 2700, 3105, 6406
2026/08/25 18:51:06.229, 310.95, 450.00, 100, 11, 2700, 3105, 6406
2026/08/25 18:51:06.331, 310.95, 450.00, 100, 11, 2700, 3105, 6406
2026/08/25 18:51:06.433, 310.95, 450.00, 100, 11, 2700, 3105, 6406
2026/08/25 18:51:06.535, 310.95, 450.00, 100, 11, 2700, 3105, 6406
2026/08/25 18:51:06.638, 311.33, 450.00, 100, 1, 2700, 3105, 6406
2026/08/25 18:51:06.740, 311.33, 450.00, 100, 1, 2700, 3105, 6406
2026/08/25 18:51:06.842, 311.33, 450.00, 100, 1, 2700, 3105, 6406
2026/08/25 18:51:06.944, 311.33, 450.00, 100, 1, 2700, 3105, 6406
2026/08/25 18:51:07.047, 311.33, 450.00, 100, 1, 2700, 3105, 6406
2026/08/25 18:51:07.149, 311.11, 450.00, 100, 1, 2700, 3105, 6406
2026/08/25 18:51:07.251, 311.11, 450.00, 100, 1, 2700, 3105, 6406
2026/08/25 18:51:07.353, 311.11, 450.00, 100, 1, 2700, 3105, 6406
2026/08/25 18:51:07.455, 311.11, 450.00, 100, 1, 2700, 3105, 6406
2026/08/25 18:51:07.558, 311.11, 450.00, 100, 1, 2700, 3105, 6406
2026/08/25 18:51:07.660, 310.78, 450.00, 100, 1, 2700, 3105, 6406
2026/08/25 18:51:07.762, 310.78, 450.00, 100, 1, 2700, 3105, 6406
2026/08/25 18:51:07.865, 310.78, 450.00, 100, 1, 2700, 3105, 6406
2026/08/25 18:51:07.968, 310.78, 450.00, 100, 1, 2700, 3105, 6406
2026/08/25 18:51:08.070, 310.78, 450.00, 100, 1, 2700, 3105, 6406
2026/08/25 18:51:08.172, 311.09, 450.00, 100, 1, 2700, 3105, 6406
2026/08/25 18:51:08.274, 311.09, 450.00, 100, 1, 2700, 3105, 6406
2026/08/25 18:51:08.376, 311.09, 450.00, 100, 1, 2700, 3105, 6406
2026/08/25 18:51:08.478, 311.09, 450.00, 100, 1, 2700, 3105, 6406
2026/08/25 18:51:08.580, 312.11, 450.00, 100, 1, 2700, 3105, 6406
2026/08/25 18:51:08.682, 312.11, 450.00, 100, 1, 2700, 3105, 6406
2026/08/25 18:51:08.786, 312.11, 450.00, 100, 1, 2700, 3105, 6406
2026/08/25 18:51:08.888, 312.11, 450.00, 100, 1, 2700, 3105, 6406
2026/08/25 18:51:08.990, 312.11, 450.00, 100, 1, 2700, 3105, 6406
2026/08/25 18:51:09.092, 311.74, 450.00, 100, 11, 2700, 3105, 6406
2026/08/25 18:51:09.195, 311.74, 450.00, 100, 11, 2700, 3105, 6406
2026/08/25 18:51:09.297, 311.74, 450.00, 100, 11, 2700, 3105, 6406
2026/08/25 18:51:09.399, 311.74, 450.00, 100, 11, 2700, 3105, 6406
2026/08/25 18:51:09.501, 311.74, 450.00, 100, 11, 2700, 3105, 6406
2026/08/25 18:51:09.603, 310.57, 450.00, 100, 11, 2700, 3105, 6406
2026/08/25 18:51:09.705, 310.57, 450.00, 100, 11, 2700, 3105, 6406
2026/08/25 18:51:09.808, 310.57, 450.00, 100, 11, 2700, 3105, 6406
2026/08/25 18:51:09.910, 310.57, 450.00, 100, 11, 2700, 3105, 6406
2026/08/25 18:51:10.012, 310.57, 450.00, 100, 11, 2700, 3105, 6406
2026/08/25 18:51:10.115, 310.87, 450.00, 100, 11, 2700, 3105, 6406
2026/08/25 18:51:10.217, 310.87, 450.00, 100, 11, 2700, 3105, 6406
2026/08/25 18:51:10.319, 310.87, 450.00, 100, 11, 2700, 3105, 6406
2026/08/25 18:51:10.421, 310.87, 450.00, 100, 11, 2700, 3105, 6406
2026/08/25 18:51:10.524, 310.87, 450.00, 100, 11, 2700, 3105, 6406
2026/08/25 18:51:10.627, 310.56, 450.00, 100, 1, 2700, 3105, 6406
2026/08/25 18:51:10.730, 310.56, 450.00, 100, 1, 2700, 3105, 6406
2026/08/25 18:51:10.832, 310.56, 450.00, 100, 1, 2700, 3105, 6406
2026/08/25 18:51:10.935, 310.56, 450.00, 100, 1, 2700, 3105, 6406
2026/08/25 18:51:11.037, 310.56, 450.00, 100, 1, 2700, 3105, 6406
2026/08/25 18:51:11.139, 311.10, 450.00, 100, 1, 2700, 3105, 6406
2026/08/25 18:51:11.241, 311.10, 450.00, 100, 1, 2700, 3105, 6406
2026/08/25 18:51:11.357, 311.10, 450.00, 100, 1, 2700, 3105, 6406
2026/08/25 18:51:11.498, 311.10, 450.00, 100, 1, 2700, 3105, 13670
2026/08/25 18:51:11.639, 245.82, 450.00, 98, 39, 2700, 3105, 15654
2026/08/25 18:51:11.776, 245.82, 450.00, 98, 39, 2700, 3105, 15654
2026/08/25 18:51:11.879, 245.82, 450.00, 98, 39, 2700, 3105, 15654
2026/08/25 18:51:11.981, 245.82, 450.00, 98, 39, 2700, 3105, 15654
2026/08/25 18:51:12.084, 266.37, 450.00, 100, 31, 2700, 3105, 15654
2026/08/25 18:51:12.199, 266.37, 450.00, 100, 31, 2700, 3105, 15654
2026/08/25 18:51:12.302, 266.37, 450.00, 100, 31, 2700, 3105, 16074
2026/08/25 18:51:12.405, 266.37, 450.00, 100, 31, 2700, 3105, 16074
2026/08/25 18:51:12.507, 266.37, 450.00, 100, 31, 2700, 3105, 16074
2026/08/25 18:51:12.610, 359.67, 450.00, 100, 26, 2700, 3105, 16074
2026/08/25 18:51:12.712, 359.67, 450.00, 100, 26, 2700, 3105, 16074
2026/08/25 18:51:12.814, 359.67, 450.00, 100, 26, 2700, 3105, 16074
2026/08/25 18:51:12.916, 359.67, 450.00, 100, 26, 2700, 3105, 16074
2026/08/25 18:51:13.021, 359.67, 450.00, 100, 26, 2700, 3105, 16234
2026/08/25 18:51:13.128, 376.22, 450.00, 94, 34, 2700, 3105, 16522
2026/08/25 18:51:13.230, 376.22, 450.00, 94, 34, 2700, 3105, 16522
2026/08/25 18:51:13.333, 376.22, 450.00, 94, 34, 2700, 3105, 16522
2026/08/25 18:51:13.435, 376.22, 450.00, 94, 34, 2700, 3105, 16522
2026/08/25 18:51:13.537, 376.22, 450.00, 94, 34, 2700, 3105, 16522
2026/08/25 18:51:13.639, 363.14, 450.00, 100, 26, 2700, 3105, 16522
2026/08/25 18:51:13.742, 363.14, 450.00, 100, 26, 2700, 3105, 16522
2026/08/25 18:51:13.845, 363.14, 450.00, 100, 26, 2700, 3105, 16890
2026/08/25 18:51:13.948, 363.14, 450.00, 100, 26, 2700, 3105, 17180
2026/08/25 18:51:14.052, 363.14, 450.00, 100, 26, 2700, 3105, 17548
2026/08/25 18:51:14.155, 367.47, 450.00, 100, 26, 2700, 3105, 17548
2026/08/25 18:51:14.258, 367.47, 450.00, 100, 26, 2700, 3105, 17548
2026/08/25 18:51:14.360, 367.47, 450.00, 100, 26, 2700, 3105, 17548
2026/08/25 18:51:14.463, 367.47, 450.00, 100, 26, 2700, 3105, 17548
2026/08/25 18:51:14.566, 367.47, 450.00, 100, 26, 2700, 3105, 17548
2026/08/25 18:51:14.669, 378.97, 450.00, 100, 38, 2700, 3105, 17548
2026/08/25 18:51:14.771, 378.97, 450.00, 100, 38, 2700, 3105, 17548
2026/08/25 18:51:14.873, 378.97, 450.00, 100, 38, 2700, 3105, 17548
2026/08/25 18:51:14.975, 378.97, 450.00, 100, 38, 2700, 3105, 17548
2026/08/25 18:51:15.077, 378.97, 450.00, 100, 38, 2700, 3105, 17548
2026/08/25 18:51:15.179, 367.17, 450.00, 100, 26, 2700, 3105, 17548
2026/08/25 18:51:15.284, 367.17, 450.00, 100, 26, 2700, 3105, 17548
2026/08/25 18:51:15.388, 367.17, 450.00, 100, 26, 2700, 3105, 17548
2026/08/25 18:51:15.490, 367.17, 450.00, 100, 26, 2700, 3105, 17548
2026/08/25 18:51:15.593, 379.46, 450.00, 100, 26, 2700, 3105, 17548
2026/08/25 18:51:15.695, 379.46, 450.00, 100, 26, 2700, 3105, 17548
2026/08/25 18:51:15.797, 379.46, 450.00, 100, 26, 2700, 3105, 17548
2026/08/25 18:51:15.899, 379.46, 450.00, 100, 26, 2700, 3105, 17548
2026/08/25 18:51:16.002, 379.46, 450.00, 100, 26, 2700, 3105, 17548
2026/08/25 18:51:16.105, 378.46, 450.00, 94, 38, 2700, 3105, 17580
2026/08/25 18:51:16.209, 378.46, 450.00, 94, 38, 2700, 3105, 17838
2026/08/25 18:51:16.313, 378.46, 450.00, 94, 38, 2700, 3105, 18094
2026/08/25 18:51:16.415, 378.46, 450.00, 94, 38, 2700, 3105, 18224
2026/08/25 18:51:16.517, 378.46, 450.00, 94, 38, 2700, 3105, 18448
2026/08/25 18:51:16.619, 357.71, 450.00, 100, 26, 2700, 3105, 18802
2026/08/25 18:51:16.723, 357.71, 450.00, 100, 26, 2700, 3105, 18930
2026/08/25 18:51:16.826, 357.71, 450.00, 100, 26, 2700, 3105, 19154
2026/08/25 18:51:16.929, 357.71, 450.00, 100, 26, 2700, 3105, 19410
2026/08/25 18:51:17.031, 357.71, 450.00, 100, 26, 2700, 3105, 19540
2026/08/25 18:51:17.134, 371.37, 450.00, 100, 27, 2685, 3105, 19924
2026/08/25 18:51:17.236, 371.37, 450.00, 100, 27, 2685, 3105, 20052
2026/08/25 18:51:17.338, 371.37, 450.00, 100, 27, 2685, 3105, 20180
2026/08/25 18:51:17.440, 371.37, 450.00, 100, 27, 2685, 3105, 20180
2026/08/25 18:51:17.544, 371.37, 450.00, 100, 27, 2685, 3105, 20180
2026/08/25 18:51:17.647, 374.09, 450.00, 100, 33, 2685, 3105, 20180
2026/08/25 18:51:17.750, 374.09, 450.00, 100, 33, 2685, 3105, 20180
2026/08/25 18:51:17.852, 374.09, 450.00, 100, 33, 2685, 3105, 20180
2026/08/25 18:51:17.955, 374.09, 450.00, 100, 33, 2685, 3105, 20180
2026/08/25 18:51:18.057, 374.09, 450.00, 100, 33, 2685, 3105, 20180
2026/08/25 18:51:18.159, 367.25, 450.00, 100, 26, 2685, 3105, 20180
2026/08/25 18:51:18.262, 367.25, 450.00, 100, 26, 2685, 3105, 20180
2026/08/25 18:51:18.365, 367.25, 450.00, 100, 26, 2685, 3105, 20180
2026/08/25 18:51:18.468, 367.25, 450.00, 100, 26, 2685, 3105, 20180
2026/08/25 18:51:18.571, 367.25, 450.00, 100, 26, 2685, 3105, 20180
2026/08/25 18:51:18.673, 386.34, 450.00, 100, 40, 2685, 3105, 20180
2026/08/25 18:51:18.775, 386.34, 450.00, 100, 40, 2685, 3105, 20180
2026/08/25 18:51:18.877, 386.34, 450.00, 100, 40, 2685, 3105, 20180
2026/08/25 18:51:18.979, 386.34, 450.00, 100, 40, 2685, 3105, 20180
2026/08/25 18:51:19.083, 371.89, 450.00, 100, 31, 2685, 3105, 20180
2026/08/25 18:51:19.186, 371.89, 450.00, 100, 31, 2685, 3105, 20180
2026/08/25 18:51:19.289, 371.89, 450.00, 100, 31, 2685, 3105, 20180
2026/08/25 18:51:19.391, 371.89, 450.00, 100, 31, 2685, 3105, 20180
2026/08/25 18:51:19.493, 371.89, 450.00, 100, 31, 2685, 3105, 20180
2026/08/25 18:51:19.596, 369.74, 450.00, 100, 26, 2685, 3105, 20180
2026/08/25 18:51:19.698, 369.74, 450.00, 100, 26, 2685, 3105, 20180
2026/08/25 18:51:19.801, 369.74, 450.00, 100, 26, 2685, 3105, 20180
2026/08/25 18:51:19.904, 369.74, 450.00, 100, 26, 2685, 3105, 20180
2026/08/25 18:51:20.007, 369.74, 450.00, 100, 26, 2685, 3105, 20180
2026/08/25 18:51:20.117, 386.44, 450.00, 100, 43, 2685, 3105, 20180
2026/08/25 18:51:20.219, 386.44, 450.00, 100, 43, 2685, 3105, 20180
2026/08/25 18:51:20.322, 386.44, 450.00, 100, 43, 2685, 3105, 20180
2026/08/25 18:51:20.425, 386.44, 450.00, 100, 43, 2685, 3105, 20180
2026/08/25 18:51:20.528, 386.44, 450.00, 100, 43, 2685, 3105, 20180
2026/08/25 18:51:20.630, 368.57, 450.00, 100, 26, 2685, 3105, 20180
2026/08/25 18:51:20.732, 368.57, 450.00, 100, 26, 2685, 3105, 20180
2026/08/25 18:51:20.834, 368.57, 450.00, 100, 26, 2685, 3105, 20180
2026/08/25 18:51:20.937, 368.57, 450.00, 100, 26, 2685, 3105, 20180
2026/08/25 18:51:21.039, 368.57, 450.00, 100, 26, 2685, 3105, 20180
2026/08/25 18:51:21.142, 372.87, 450.00, 100, 26, 2685, 3105, 20180
2026/08/25 18:51:21.245, 372.87, 450.00, 100, 26, 2685, 3105, 20180
2026/08/25 18:51:21.347, 372.87, 450.00, 100, 26, 2685, 3105, 20180
2026/08/25 18:51:21.449, 372.87, 450.00, 100, 26, 2685, 3105, 20180
2026/08/25 18:51:21.551, 372.87, 450.00, 100, 26, 2685, 3105, 20180
2026/08/25 18:51:21.654, 386.94, 450.00, 100, 41, 2685, 3105, 20180
2026/08/25 18:51:21.756, 386.94, 450.00, 100, 41, 2685, 3105, 20180
2026/08/25 18:51:21.858, 386.94, 450.00, 100, 41, 2685, 3105, 20180
2026/08/25 18:51:21.961, 386.94, 450.00, 100, 41, 2685, 3105, 20180
2026/08/25 18:51:22.064, 386.94, 450.00, 100, 41, 2685, 3105, 20180
2026/08/25 18:51:22.166, 368.91, 450.00, 100, 26, 2685, 3105, 20180
2026/08/25 18:51:22.268, 368.91, 450.00, 100, 26, 2685, 3105, 20180
2026/08/25 18:51:22.371, 368.91, 450.00, 100, 26, 2685, 3105, 20180
2026/08/25 18:51:22.473, 368.91, 450.00, 100, 26, 2685, 3105, 20180
2026/08/25 18:51:22.575, 368.91, 450.00, 100, 26, 2685, 3105, 20180
2026/08/25 18:51:22.677, 375.64, 450.00, 100, 26, 2685, 3105, 20180
2026/08/25 18:51:22.780, 375.64, 450.00, 100, 26, 2685, 3105, 20180
2026/08/25 18:51:22.883, 375.64, 450.00, 100, 26, 2685, 3105, 20180
2026/08/25 18:51:22.985, 375.64, 450.00, 100, 26, 2685, 3105, 20244
2026/08/25 18:51:23.087, 368.74, 450.00, 60, 20, 2685, 3105, 20374
2026/08/25 18:51:23.196, 368.74, 450.00, 60, 20, 2685, 3105, 20470
2026/08/25 18:51:23.298, 368.74, 450.00, 60, 20, 2685, 3105, 20470
2026/08/25 18:51:23.402, 368.74, 450.00, 60, 20, 2685, 3105, 20470
2026/08/25 18:51:23.504, 368.74, 450.00, 60, 20, 2685, 3105, 20470
2026/08/25 18:51:23.606, 355.88, 450.00, 100, 26, 2685, 3105, 20470
2026/08/25 18:51:23.708, 355.88, 450.00, 100, 26, 2685, 3105, 20470
2026/08/25 18:51:23.810, 355.88, 450.00, 100, 26, 2685, 3105, 20118
2026/08/25 18:51:23.955, 355.88, 450.00, 100, 26, 2685, 3105, 20374
2026/08/25 18:51:24.094, 346.75, 450.00, 100, 42, 2685, 3105, 20374
2026/08/25 18:51:24.196, 346.75, 450.00, 100, 42, 2685, 3105, 20374
2026/08/25 18:51:24.298, 346.75, 450.00, 100, 42, 2685, 3105, 20374
2026/08/25 18:51:24.401, 346.75, 450.00, 100, 42, 2685, 3105, 20374
2026/08/25 18:51:24.504, 346.75, 450.00, 100, 42, 2685, 3105, 20374
2026/08/25 18:51:24.606, 351.05, 450.00, 100, 30, 2685, 3105, 20374
2026/08/25 18:51:24.735, 351.05, 450.00, 100, 30, 2685, 3105, 20376
2026/08/25 18:51:24.838, 351.05, 450.00, 100, 30, 2685, 3105, 20376
2026/08/25 18:51:24.941, 351.05, 450.00, 100, 30, 2685, 3105, 20376
2026/08/25 18:51:25.044, 351.05, 450.00, 100, 30, 2685, 3105, 20376
2026/08/25 18:51:25.146, 363.18, 450.00, 100, 26, 2685, 3105, 20376
2026/08/25 18:51:25.248, 363.18, 450.00, 100, 26, 2685, 3105, 20376
2026/08/25 18:51:25.350, 363.18, 450.00, 100, 26, 2685, 3105, 20376
2026/08/25 18:51:25.492, 363.18, 450.00, 100, 26, 2685, 3105, 20248
2026/08/25 18:51:25.634, 369.06, 450.00, 83, 28, 2685, 3105, 20376
2026/08/25 18:51:25.736, 369.06, 450.00, 83, 28, 2685, 3105, 20376
2026/08/25 18:51:25.839, 369.06, 450.00, 83, 28, 2685, 3105, 20376
2026/08/25 18:51:25.943, 369.06, 450.00, 83, 28, 2685, 3105, 20376
2026/08/25 18:51:26.045, 369.06, 450.00, 83, 28, 2685, 3105, 20376
2026/08/25 18:51:26.148, 361.07, 450.00, 100, 27, 2685, 3105, 20376
2026/08/25 18:51:26.250, 361.07, 450.00, 100, 27, 2685, 3105, 20120
2026/08/25 18:51:26.352, 361.07, 450.00, 100, 27, 2685, 3105, 20346
2026/08/25 18:51:26.475, 361.07, 450.00, 100, 27, 2685, 3105, 20346
2026/08/25 18:51:26.577, 361.07, 450.00, 100, 27, 2685, 3105, 20346
2026/08/25 18:51:26.680, 358.26, 450.00, 100, 26, 2685, 3105, 20346
2026/08/25 18:51:26.783, 358.26, 450.00, 100, 26, 2685, 3105, 20346
2026/08/25 18:51:26.885, 358.26, 450.00, 100, 26, 2685, 3105, 20346
2026/08/25 18:51:26.988, 358.26, 450.00, 100, 26, 2685, 3105, 20346
2026/08/25 18:51:27.114, 368.63, 450.00, 100, 38, 2685, 3105, 20154
2026/08/25 18:51:27.249, 368.63, 450.00, 100, 38, 2685, 3105, 20346
2026/08/25 18:51:27.352, 368.63, 450.00, 100, 38, 2685, 3105, 20346
2026/08/25 18:51:27.454, 368.63, 450.00, 100, 38, 2685, 3105, 20346
2026/08/25 18:51:27.556, 368.63, 450.00, 100, 38, 2685, 3105, 20346
2026/08/25 18:51:27.659, 358.28, 450.00, 100, 26, 2685, 3105, 20346
2026/08/25 18:51:27.763, 358.28, 450.00, 100, 26, 2685, 3105, 20346
2026/08/25 18:51:27.866, 358.28, 450.00, 100, 26, 2685, 3105, 20122
2026/08/25 18:51:27.969, 358.28, 450.00, 100, 26, 2685, 3105, 20378
2026/08/25 18:51:28.071, 358.28, 450.00, 100, 26, 2685, 3105, 20380
2026/08/25 18:51:28.173, 364.79, 450.00, 100, 44, 2685, 3105, 20380
2026/08/25 18:51:28.275, 364.79, 450.00, 100, 44, 2685, 3105, 20380
2026/08/25 18:51:28.378, 364.79, 450.00, 100, 44, 2685, 3105, 20380
2026/08/25 18:51:28.481, 364.79, 450.00, 100, 44, 2685, 3105, 20380
2026/08/25 18:51:28.583, 359.17, 450.00, 100, 26, 2685, 3105, 20380
2026/08/25 18:51:28.686, 359.17, 450.00, 100, 26, 2685, 3105, 20124
2026/08/25 18:51:28.787, 359.17, 450.00, 100, 26, 2685, 3105, 20380
2026/08/25 18:51:28.935, 359.17, 450.00, 100, 26, 2685, 3105, 20380
2026/08/25 18:51:29.037, 359.17, 450.00, 100, 26, 2685, 3105, 20380
2026/08/25 18:51:29.140, 366.29, 450.00, 100, 26, 2685, 3105, 20380
2026/08/25 18:51:29.242, 366.29, 450.00, 100, 26, 2685, 3105, 20380
2026/08/25 18:51:29.344, 366.29, 450.00, 100, 26, 2685, 3105, 20380
2026/08/25 18:51:29.448, 366.29, 450.00, 100, 26, 2685, 3105, 20380
2026/08/25 18:51:29.551, 366.29, 450.00, 100, 26, 2685, 3105, 20252
2026/08/25 18:51:29.653, 364.05, 450.00, 83, 28, 2685, 3105, 20380
2026/08/25 18:51:29.755, 364.05, 450.00, 83, 28, 2685, 3105, 20380
2026/08/25 18:51:29.858, 364.05, 450.00, 83, 28, 2685, 3105, 20380
2026/08/25 18:51:29.961, 364.05, 450.00, 83, 28, 2685, 3105, 20380
2026/08/25 18:51:30.063, 364.05, 450.00, 83, 28, 2685, 3105, 20380
2026/08/25 18:51:30.166, 360.93, 450.00, 100, 26, 2685, 3105, 20380
2026/08/25 18:51:30.268, 360.93, 450.00, 100, 26, 2685, 3105, 20380
2026/08/25 18:51:30.370, 360.93, 450.00, 100, 26, 2685, 3105, 20254
2026/08/25 18:51:30.476, 360.93, 450.00, 100, 26, 2685, 3105, 20382
2026/08/25 18:51:30.579, 360.93, 450.00, 100, 26, 2685, 3105, 20382
2026/08/25 18:51:30.682, 362.69, 450.00, 100, 28, 2685, 3105, 20382
2026/08/25 18:51:30.784, 362.69, 450.00, 100, 28, 2685, 3105, 20382
2026/08/25 18:51:30.886, 362.69, 450.00, 100, 28, 2685, 3105, 20382
2026/08/25 18:51:30.988, 362.69, 450.00, 100, 28, 2685, 3105, 20382
2026/08/25 18:51:31.091, 366.67, 450.00, 100, 32, 2685, 3105, 20094
2026/08/25 18:51:31.193, 366.67, 450.00, 100, 32, 2685, 3105, 20222
2026/08/25 18:51:31.296, 366.67, 450.00, 100, 32, 2685, 3105, 20318
2026/08/25 18:51:31.399, 366.67, 450.00, 100, 32, 2685, 3105, 20318
2026/08/25 18:51:31.502, 366.67, 450.00, 100, 32, 2685, 3105, 20318
2026/08/25 18:51:31.604, 357.55, 450.00, 100, 26, 2685, 3105, 20318
2026/08/25 18:51:31.706, 357.55, 450.00, 100, 26, 2685, 3105, 20318
2026/08/25 18:51:31.808, 357.55, 450.00, 100, 26, 2685, 3105, 20318
2026/08/25 18:51:31.910, 357.55, 450.00, 100, 26, 2685, 3105, 20094
2026/08/25 18:51:32.012, 357.55, 450.00, 100, 26, 2685, 3105, 20096
2026/08/25 18:51:32.156, 366.09, 450.00, 87, 27, 2685, 3105, 20096
2026/08/25 18:51:32.262, 366.09, 450.00, 87, 27, 2685, 3105, 20098
2026/08/25 18:51:32.364, 366.09, 450.00, 87, 27, 2685, 3105, 20098
2026/08/25 18:51:32.466, 366.09, 450.00, 87, 27, 2685, 3105, 20098
2026/08/25 18:51:32.568, 366.09, 450.00, 87, 27, 2685, 3105, 20098
2026/08/25 18:51:32.671, 361.57, 450.00, 100, 26, 2685, 3105, 20098
2026/08/25 18:51:32.773, 361.57, 450.00, 100, 26, 2685, 3105, 20098
2026/08/25 18:51:32.911, 361.57, 450.00, 100, 26, 2685, 3105, 20098
2026/08/25 18:51:33.013, 361.57, 450.00, 100, 26, 2685, 3105, 20098
2026/08/25 18:51:33.115, 369.72, 450.00, 100, 26, 2685, 3105, 20098
2026/08/25 18:51:33.219, 369.72, 450.00, 100, 26, 2685, 3105, 20098
2026/08/25 18:51:33.321, 369.72, 450.00, 100, 26, 2685, 3105, 20098
2026/08/25 18:51:33.424, 369.72, 450.00, 100, 26, 2685, 3105, 20098
2026/08/25 18:51:33.526, 369.72, 450.00, 100, 26, 2685, 3105, 20098
2026/08/25 18:51:33.628, 384.81, 450.00, 100, 38, 2685, 3105, 20098
2026/08/25 18:51:33.730, 384.81, 450.00, 100, 38, 2685, 3105, 20098
2026/08/25 18:51:33.832, 384.81, 450.00, 100, 38, 2685, 3105, 20098
2026/08/25 18:51:33.935, 384.81, 450.00, 100, 38, 2685, 3105, 20098
2026/08/25 18:51:34.038, 384.81, 450.00, 100, 38, 2685, 3105, 20098
2026/08/25 18:51:34.140, 370.27, 450.00, 100, 26, 2685, 3105, 20098
2026/08/25 18:51:34.243, 370.27, 450.00, 100, 26, 2685, 3105, 20098
2026/08/25 18:51:34.348, 370.27, 450.00, 100, 26, 2685, 3105, 20098
2026/08/25 18:51:34.450, 370.27, 450.00, 100, 26, 2685, 3105, 19906
2026/08/25 18:51:34.552, 370.27, 450.00, 100, 26, 2685, 3105, 19906
2026/08/25 18:51:34.654, 380.93, 450.00, 100, 26, 2685, 3105, 19906
2026/08/25 18:51:34.757, 380.93, 450.00, 100, 26, 2685, 3105, 19906
2026/08/25 18:51:34.860, 380.93, 450.00, 100, 26, 2685, 3105, 19906
2026/08/25 18:51:34.962, 380.93, 450.00, 100, 26, 2685, 3105, 19906
2026/08/25 18:51:35.065, 380.93, 450.00, 100, 26, 2685, 3105, 19202
2026/08/25 18:51:35.167, 381.15, 450.00, 100, 34, 2685, 3105, 19204
2026/08/25 18:51:35.291, 381.15, 450.00, 100, 34, 2685, 3105, 19204
2026/08/25 18:51:35.393, 381.15, 450.00, 100, 34, 2685, 3105, 19204
2026/08/25 18:51:35.495, 381.15, 450.00, 100, 34, 2685, 3105, 19204
2026/08/25 18:51:35.598, 357.91, 450.00, 100, 26, 2685, 3105, 19206
2026/08/25 18:51:35.701, 357.91, 450.00, 100, 26, 2685, 3105, 19206
2026/08/25 18:51:35.803, 357.91, 450.00, 100, 26, 2685, 3105, 19206
2026/08/25 18:51:35.905, 357.91, 450.00, 100, 26, 2685, 3105, 19208
2026/08/25 18:51:36.007, 357.91, 450.00, 100, 26, 2685, 3105, 19208
2026/08/25 18:51:36.110, 372.23, 450.00, 100, 39, 2685, 3105, 19208
2026/08/25 18:51:36.213, 372.23, 450.00, 100, 39, 2685, 3105, 19210
2026/08/25 18:51:36.317, 372.23, 450.00, 100, 39, 2685, 3105, 19210
2026/08/25 18:51:36.420, 372.23, 450.00, 100, 39, 2685, 3105, 19212
2026/08/25 18:51:36.522, 372.23, 450.00, 100, 39, 2685, 3105, 19212
2026/08/25 18:51:36.625, 374.06, 450.00, 100, 31, 2685, 3105, 19212
2026/08/25 18:51:36.727, 374.06, 450.00, 100, 31, 2685, 3105, 19212
2026/08/25 18:51:36.829, 374.06, 450.00, 100, 31, 2685, 3105, 19212
2026/08/25 18:51:36.931, 374.06, 450.00, 100, 31, 2685, 3105, 19212
2026/08/25 18:51:37.034, 374.06, 450.00, 100, 31, 2685, 3105, 19212
2026/08/25 18:51:37.137, 371.35, 450.00, 100, 26, 2685, 3105, 19212
2026/08/25 18:51:37.240, 371.35, 450.00, 100, 26, 2685, 3105, 19212
2026/08/25 18:51:37.342, 371.35, 450.00, 100, 26, 2685, 3105, 19212
2026/08/25 18:51:37.444, 371.35, 450.00, 100, 26, 2685, 3105, 19212
2026/08/25 18:51:37.547, 371.35, 450.00, 100, 26, 2685, 3105, 19212
2026/08/25 18:51:37.649, 389.23, 450.00, 100, 43, 2685, 3105, 19212
2026/08/25 18:51:37.751, 389.23, 450.00, 100, 43, 2685, 3105, 19212
2026/08/25 18:51:37.854, 389.23, 450.00, 100, 43, 2685, 3105, 19212
2026/08/25 18:51:37.957, 389.23, 450.00, 100, 43, 2685, 3105, 19212
2026/08/25 18:51:38.060, 389.23, 450.00, 100, 43, 2685, 3105, 19212
2026/08/25 18:51:38.162, 372.60, 450.00, 100, 26, 2685, 3105, 19212
2026/08/25 18:51:38.264, 372.60, 450.00, 100, 26, 2685, 3105, 19212
2026/08/25 18:51:38.371, 372.60, 450.00, 100, 26, 2685, 3105, 19212
2026/08/25 18:51:38.473, 372.60, 450.00, 100, 26, 2685, 3105, 19212
2026/08/25 18:51:38.576, 372.60, 450.00, 100, 26, 2685, 3105, 19212
2026/08/25 18:51:38.679, 374.68, 450.00, 100, 26, 2685, 3105, 19212
2026/08/25 18:51:38.782, 374.68, 450.00, 100, 26, 2685, 3105, 19212
2026/08/25 18:51:38.885, 374.68, 450.00, 100, 26, 2685, 3105, 19212
2026/08/25 18:51:38.987, 374.68, 450.00, 100, 26, 2685, 3105, 19212
2026/08/25 18:51:39.089, 389.54, 450.00, 100, 45, 2685, 3105, 19212
2026/08/25 18:51:39.192, 389.54, 450.00, 100, 45, 2685, 3105, 19212
2026/08/25 18:51:39.294, 389.54, 450.00, 100, 45, 2685, 3105, 19212
2026/08/25 18:51:39.397, 389.54, 450.00, 100, 45, 2685, 3105, 19212
2026/08/25 18:51:39.499, 389.54, 450.00, 100, 45, 2685, 3105, 19212
2026/08/25 18:51:39.629, 372.26, 450.00, 100, 26, 2685, 3105, 19212
2026/08/25 18:51:39.731, 372.26, 450.00, 100, 26, 2685, 3105, 19212
2026/08/25 18:51:39.833, 372.26, 450.00, 100, 26, 2685, 3105, 19212
2026/08/25 18:51:39.936, 372.26, 450.00, 100, 26, 2685, 3105, 19212
2026/08/25 18:51:40.039, 372.26, 450.00, 100, 26, 2685, 3105, 19212
2026/08/25 18:51:40.141, 376.85, 450.00, 100, 26, 2685, 3105, 19212
2026/08/25 18:51:40.270, 376.85, 450.00, 100, 26, 2685, 3105, 19212
2026/08/25 18:51:40.372, 376.85, 450.00, 100, 26, 2685, 3105, 19212
2026/08/25 18:51:40.475, 376.85, 450.00, 100, 26, 2685, 3105, 19212
2026/08/25 18:51:40.578, 376.85, 450.00, 100, 26, 2685, 3105, 19212
2026/08/25 18:51:40.690, 387.76, 450.00, 100, 38, 2685, 3105, 19212
2026/08/25 18:51:40.793, 387.76, 450.00, 100, 38, 2685, 3105, 19212
2026/08/25 18:51:40.896, 387.76, 450.00, 100, 38, 2685, 3105, 19212
2026/08/25 18:51:41.029, 387.76, 450.00, 100, 38, 2685, 3105, 19212
2026/08/25 18:51:41.131, 371.21, 450.00, 100, 26, 2685, 3105, 19212
2026/08/25 18:51:41.233, 371.21, 450.00, 100, 26, 2685, 3105, 19212
2026/08/25 18:51:41.336, 371.21, 450.00, 100, 26, 2685, 3105, 19212
2026/08/25 18:51:41.440, 371.21, 450.00, 100, 26, 2685, 3105, 19212
2026/08/25 18:51:41.542, 371.21, 450.00, 100, 26, 2685, 3105, 19212
2026/08/25 18:51:41.644, 380.61, 450.00, 100, 26, 2685, 3105, 19212
2026/08/25 18:51:41.747, 380.61, 450.00, 100, 26, 2685, 3105, 19212
2026/08/25 18:51:41.849, 380.61, 450.00, 100, 26, 2685, 3105, 19212
2026/08/25 18:51:41.952, 380.61, 450.00, 100, 26, 2685, 3105, 19212
2026/08/25 18:51:42.055, 380.61, 450.00, 100, 26, 2685, 3105, 19212
2026/08/25 18:51:42.157, 384.73, 450.00, 100, 42, 2685, 3105, 19212
2026/08/25 18:51:42.260, 384.73, 450.00, 100, 42, 2685, 3105, 19212
2026/08/25 18:51:42.362, 384.73, 450.00, 100, 42, 2685, 3105, 19212
2026/08/25 18:51:42.464, 384.73, 450.00, 100, 42, 2685, 3105, 19212
2026/08/25 18:51:42.566, 384.73, 450.00, 100, 42, 2685, 3105, 19212
2026/08/25 18:51:42.706, 371.19, 450.00, 100, 26, 2685, 3105, 19212
2026/08/25 18:51:42.808, 371.19, 450.00, 100, 26, 2685, 3105, 18476
2026/08/25 18:51:42.931, 371.19, 450.00, 100, 26, 2685, 3105, 18476
2026/08/25 18:51:43.033, 371.19, 450.00, 100, 26, 2685, 3105, 18478
2026/08/25 18:51:43.136, 371.44, 450.00, 100, 26, 2685, 3105, 18478
2026/08/25 18:51:43.239, 371.44, 450.00, 100, 26, 2685, 3105, 18478
2026/08/25 18:51:43.341, 371.44, 450.00, 100, 26, 2685, 3105, 18480
2026/08/25 18:51:43.444, 371.44, 450.00, 100, 26, 2685, 3105, 18480
2026/08/25 18:51:43.547, 371.44, 450.00, 100, 26, 2685, 3105, 18480
2026/08/25 18:51:43.649, 366.30, 450.00, 100, 36, 2685, 3105, 18482
2026/08/25 18:51:43.751, 366.30, 450.00, 100, 36, 2685, 3105, 18482
2026/08/25 18:51:43.854, 366.30, 450.00, 100, 36, 2685, 3105, 18482
2026/08/25 18:51:43.957, 366.30, 450.00, 100, 36, 2685, 3105, 18484
2026/08/25 18:51:44.060, 366.30, 450.00, 100, 36, 2685, 3105, 18484
2026/08/25 18:51:44.162, 370.77, 450.00, 100, 26, 2685, 3105, 18484
2026/08/25 18:51:44.264, 370.77, 450.00, 100, 26, 2685, 3105, 18484
2026/08/25 18:51:44.366, 370.77, 450.00, 100, 26, 2685, 3105, 18484
2026/08/25 18:51:44.468, 370.77, 450.00, 100, 26, 2685, 3105, 18484
2026/08/25 18:51:44.571, 370.77, 450.00, 100, 26, 2685, 3105, 18484
2026/08/25 18:51:44.674, 388.80, 450.00, 100, 39, 2685, 3105, 18484
2026/08/25 18:51:44.777, 388.80, 450.00, 100, 39, 2685, 3105, 18484
2026/08/25 18:51:44.879, 388.80, 450.00, 100, 39, 2685, 3105, 18484
2026/08/25 18:51:44.981, 388.80, 450.00, 100, 39, 2685, 3105, 18484
2026/08/25 18:51:45.084, 388.80, 450.00, 100, 39, 2685, 3105, 18484
2026/08/25 18:51:45.186, 375.70, 450.00, 100, 31, 2685, 3105, 18484
2026/08/25 18:51:45.288, 375.70, 450.00, 100, 31, 2685, 3105, 18484
2026/08/25 18:51:45.390, 375.70, 450.00, 100, 31, 2685, 3105, 18484
2026/08/25 18:51:45.493, 375.70, 450.00, 100, 31, 2685, 3105, 18484
2026/08/25 18:51:45.596, 375.70, 450.00, 100, 31, 2685, 3105, 18484
2026/08/25 18:51:45.698, 372.79, 450.00, 100, 26, 2685, 3105, 18484
2026/08/25 18:51:45.800, 372.79, 450.00, 100, 26, 2685, 3105, 18484
2026/08/25 18:51:45.903, 372.79, 450.00, 100, 26, 2685, 3105, 18484
2026/08/25 18:51:46.005, 372.79, 450.00, 100, 26, 2685, 3105, 18484
2026/08/25 18:51:46.107, 389.78, 450.00, 100, 43, 2685, 3105, 18484
2026/08/25 18:51:46.209, 389.78, 450.00, 100, 43, 2685, 3105, 18484
2026/08/25 18:51:46.312, 389.78, 450.00, 100, 43, 2685, 3105, 18484
2026/08/25 18:51:46.415, 389.78, 450.00, 100, 43, 2685, 3105, 18484
2026/08/25 18:51:46.517, 389.78, 450.00, 100, 43, 2685, 3105, 18484
2026/08/25 18:51:46.620, 373.04, 450.00, 100, 26, 2685, 3105, 18484
2026/08/25 18:51:46.722, 373.04, 450.00, 100, 26, 2685, 3105, 18484
2026/08/25 18:51:46.824, 373.04, 450.00, 100, 26, 2685, 3105, 18484
2026/08/25 18:51:46.926, 373.04, 450.00, 100, 26, 2685, 3105, 18484
2026/08/25 18:51:47.028, 373.04, 450.00, 100, 26, 2685, 3105, 18484
2026/08/25 18:51:47.130, 374.89, 450.00, 100, 26, 2685, 3105, 18484
2026/08/25 18:51:47.233, 374.89, 450.00, 100, 26, 2685, 3105, 18484
2026/08/25 18:51:47.336, 374.89, 450.00, 100, 26, 2685, 3105, 18484
2026/08/25 18:51:47.438, 374.89, 450.00, 100, 26, 2685, 3105, 18484
2026/08/25 18:51:47.541, 374.89, 450.00, 100, 26, 2685, 3105, 18484
2026/08/25 18:51:47.643, 389.78, 450.00, 100, 45, 2685, 3105, 18484
2026/08/25 18:51:47.746, 389.78, 450.00, 100, 45, 2685, 3105, 18484
2026/08/25 18:51:47.848, 389.78, 450.00, 100, 45, 2685, 3105, 18484
2026/08/25 18:51:47.950, 389.78, 450.00, 100, 45, 2685, 3105, 18484
2026/08/25 18:51:48.053, 389.78, 450.00, 100, 45, 2685, 3105, 18484
2026/08/25 18:51:48.156, 371.23, 450.00, 100, 26, 2685, 3105, 18484
2026/08/25 18:51:48.259, 371.23, 450.00, 100, 26, 2685, 3105, 18484
2026/08/25 18:51:48.361, 371.23, 450.00, 100, 26, 2685, 3105, 18484
2026/08/25 18:51:48.463, 371.23, 450.00, 100, 26, 2685, 3105, 18484
2026/08/25 18:51:48.566, 371.23, 450.00, 100, 26, 2685, 3105, 18484
2026/08/25 18:51:48.668, 377.49, 450.00, 100, 26, 2685, 3105, 18484
2026/08/25 18:51:48.770, 377.49, 450.00, 100, 26, 2685, 3105, 18484
2026/08/25 18:51:48.873, 377.49, 450.00, 100, 26, 2685, 3105, 18484
2026/08/25 18:51:48.976, 377.49, 450.00, 100, 26, 2685, 3105, 18484
2026/08/25 18:51:49.079, 377.49, 450.00, 100, 26, 2685, 3105, 18484
2026/08/25 18:51:49.181, 388.06, 450.00, 100, 38, 2685, 3105, 18484
2026/08/25 18:51:49.283, 388.06, 450.00, 100, 38, 2685, 3105, 18484
2026/08/25 18:51:49.386, 388.06, 450.00, 100, 38, 2685, 3105, 18484
2026/08/25 18:51:49.488, 388.06, 450.00, 100, 38, 2685, 3105, 18484
2026/08/25 18:51:49.590, 388.06, 450.00, 100, 38, 2685, 3105, 18484
2026/08/25 18:51:49.693, 371.44, 450.00, 100, 26, 2685, 3105, 18484
2026/08/25 18:51:49.796, 371.44, 450.00, 100, 26, 2685, 3105, 18484
2026/08/25 18:51:49.899, 371.44, 450.00, 100, 26, 2685, 3105, 18484
2026/08/25 18:51:50.001, 371.44, 450.00, 100, 26, 2685, 3105, 18484
2026/08/25 18:51:50.103, 371.44, 450.00, 100, 26, 2685, 3105, 18484
2026/08/25 18:51:50.205, 380.52, 450.00, 100, 26, 2685, 3105, 18484
2026/08/25 18:51:50.307, 380.52, 450.00, 100, 26, 2685, 3105, 18484
2026/08/25 18:51:50.409, 380.52, 450.00, 100, 26, 2685, 3105, 18484
2026/08/25 18:51:50.513, 380.52, 450.00, 100, 26, 2685, 3105, 18484
2026/08/25 18:51:50.616, 384.63, 450.00, 100, 42, 2685, 3105, 18484
2026/08/25 18:51:50.768, 384.63, 450.00, 100, 42, 2685, 3105, 12916
2026/08/25 18:51:50.870, 384.63, 450.00, 100, 42, 2685, 3105, 7348
2026/08/25 18:51:50.973, 384.63, 450.00, 100, 42, 2685, 3105, 5172
2026/08/25 18:51:51.075, 384.63, 450.00, 100, 42, 2685, 3105, 5172
2026/08/25 18:51:51.177, 258.96, 450.00, 1, 0, 2685, 3105, 5428
2026/08/25 18:51:51.279, 258.96, 450.00, 1, 0, 2685, 3105, 4468
2026/08/25 18:51:51.381, 258.96, 450.00, 1, 0, 2685, 3105, 4922
2026/08/25 18:51:51.483, 258.96, 450.00, 1, 0, 2685, 3105, 5724
2026/08/25 18:51:51.585, 258.96, 450.00, 1, 0, 2685, 3105, 6428
2026/08/25 18:51:51.687, 141.37, 450.00, 43, 8, 2700, 3105, 6300
2026/08/25 18:51:51.789, 141.37, 450.00, 43, 8, 2700, 3105, 6300
2026/08/25 18:51:51.892, 141.37, 450.00, 43, 8, 2700, 3105, 6684
2026/08/25 18:51:52.029, 141.37, 450.00, 43, 8, 2700, 3105, 7068
2026/08/25 18:51:52.132, 138.49, 450.00, 32, 5, 2700, 3105, 7068
2026/08/25 18:51:52.235, 138.49, 450.00, 32, 5, 2700, 3105, 7068
2026/08/25 18:51:52.364, 138.49, 450.00, 32, 5, 2700, 3105, 7228
2026/08/25 18:51:52.465, 138.49, 450.00, 32, 5, 2700, 3105, 7230
2026/08/25 18:51:52.587, 138.49, 450.00, 32, 5, 2700, 3105, 7390
2026/08/25 18:51:52.727, 161.81, 450.00, 52, 15, 2670, 3105, 8478
2026/08/25 18:51:52.863, 161.81, 450.00, 52, 15, 2670, 3105, 8638
2026/08/25 18:51:52.965, 161.81, 450.00, 52, 15, 2670, 3105, 14176
2026/08/25 18:51:53.069, 161.81, 450.00, 52, 15, 2670, 3105, 18080
2026/08/25 18:51:53.204, 197.95, 450.00, 100, 47, 2670, 3105, 18080
2026/08/25 18:51:53.345, 197.95, 450.00, 100, 47, 2670, 3105, 18080
2026/08/25 18:51:53.483, 197.95, 450.00, 100, 47, 2670, 3105, 18080
2026/08/25 18:51:53.586, 197.95, 450.00, 100, 47, 2670, 3105, 18080
2026/08/25 18:51:53.688, 345.23, 450.00, 100, 1, 2490, 3105, 18080
2026/08/25 18:51:53.791, 345.23, 450.00, 100, 1, 2490, 3105, 18080
2026/08/25 18:51:53.904, 345.23, 450.00, 100, 1, 2490, 3105, 18240
2026/08/25 18:51:54.047, 345.23, 450.00, 100, 1, 2490, 3105, 18978
2026/08/25 18:51:54.187, 417.67, 450.00, 80, 84, 2490, 3105, 18978
2026/08/25 18:51:54.325, 417.67, 450.00, 80, 84, 2490, 3105, 18978
2026/08/25 18:51:54.427, 417.67, 450.00, 80, 84, 2490, 3105, 18978
2026/08/25 18:51:54.547, 417.67, 450.00, 80, 84, 2490, 3105, 18978
2026/08/25 18:51:54.649, 414.32, 450.00, 100, 1, 2535, 3105, 18978
2026/08/25 18:51:54.752, 414.32, 450.00, 100, 1, 2535, 3105, 18978
2026/08/25 18:51:54.854, 414.32, 450.00, 100, 1, 2535, 3105, 18978
2026/08/25 18:51:54.959, 414.32, 450.00, 100, 1, 2535, 3105, 18850
2026/08/25 18:51:55.061, 414.32, 450.00, 100, 1, 2535, 3105, 18850
2026/08/25 18:51:55.166, 408.99, 450.00, 24, 6, 2535, 3105, 17858
2026/08/25 18:51:55.304, 408.99, 450.00, 24, 6, 2535, 3105, 15490
2026/08/25 18:51:55.444, 408.99, 450.00, 24, 6, 2535, 3105, 15490
2026/08/25 18:51:55.547, 408.99, 450.00, 24, 6, 2535, 3105, 15490
2026/08/25 18:51:55.649, 396.85, 450.00, 100, 1, 2505, 3105, 15490
2026/08/25 18:51:55.752, 396.85, 450.00, 100, 1, 2505, 3105, 15490
2026/08/25 18:51:55.856, 396.85, 450.00, 100, 1, 2505, 3105, 15490
2026/08/25 18:51:55.958, 396.85, 450.00, 100, 1, 2505, 3105, 15490
2026/08/25 18:51:56.062, 396.85, 450.00, 100, 1, 2505, 3105, 14978
2026/08/25 18:51:56.164, 445.94, 450.00, 97, 71, 2505, 3105, 14066
2026/08/25 18:51:56.286, 445.94, 450.00, 97, 71, 2505, 3105, 14306
2026/08/25 18:51:56.388, 445.94, 450.00, 97, 71, 2505, 3105, 14484
2026/08/25 18:51:56.508, 445.94, 450.00, 97, 71, 2505, 3105, 14676
2026/08/25 18:51:56.647, 400.26, 450.00, 100, 1, 2520, 3105, 14692
2026/08/25 18:51:56.750, 400.26, 450.00, 100, 1, 2520, 3105, 14692
2026/08/25 18:51:56.853, 400.26, 450.00, 100, 1, 2520, 3105, 14692
2026/08/25 18:51:56.956, 400.26, 450.00, 100, 1, 2520, 3105, 14692
2026/08/25 18:51:57.065, 400.26, 450.00, 100, 1, 2520, 3105, 14692
2026/08/25 18:51:57.167, 397.76, 450.00, 100, 34, 2520, 3105, 14692
2026/08/25 18:51:57.273, 397.76, 450.00, 100, 34, 2520, 3105, 14692
2026/08/25 18:51:57.404, 397.76, 450.00, 100, 34, 2520, 3105, 14692
2026/08/25 18:51:57.544, 397.76, 450.00, 100, 34, 2520, 3105, 14692
2026/08/25 18:51:57.646, 455.25, 450.00, 100, 1, 2430, 3105, 14692
2026/08/25 18:51:57.749, 455.25, 450.00, 100, 1, 2430, 3105, 14692
2026/08/25 18:51:57.902, 455.25, 450.00, 100, 1, 2430, 3105, 14692
2026/08/25 18:51:58.004, 455.25, 450.00, 100, 1, 2430, 3105, 14692
2026/08/25 18:51:58.107, 455.25, 450.00, 100, 1, 2430, 3105, 14692
2026/08/25 18:51:58.212, 449.16, 450.00, 100, 100, 2430, 3105, 14692
2026/08/25 18:51:58.318, 449.16, 450.00, 100, 100, 2430, 3105, 14692
2026/08/25 18:51:58.421, 449.16, 450.00, 100, 100, 2430, 3105, 14692
2026/08/25 18:51:58.523, 449.16, 450.00, 100, 100, 2430, 3105, 14692
2026/08/25 18:51:58.625, 449.16, 450.00, 100, 100, 2430, 3105, 14692
2026/08/25 18:51:58.727, 447.84, 450.00, 100, 1, 2445, 3105, 14692
2026/08/25 18:51:58.830, 447.84, 450.00, 100, 1, 2445, 3105, 14692
2026/08/25 18:51:58.933, 447.84, 450.00, 100, 1, 2445, 3105, 14692
2026/08/25 18:51:59.036, 447.84, 450.00, 100, 1, 2445, 3105, 14692
2026/08/25 18:51:59.139, 448.20, 450.00, 100, 97, 2445, 3105, 14694
2026/08/25 18:51:59.244, 448.20, 450.00, 100, 97, 2445, 3105, 14694
2026/08/25 18:51:59.347, 448.20, 450.00, 100, 97, 2445, 3105, 14694
2026/08/25 18:51:59.450, 448.20, 450.00, 100, 97, 2445, 3105, 14694
2026/08/25 18:51:59.553, 448.20, 450.00, 100, 97, 2445, 3105, 14694
2026/08/25 18:51:59.655, 449.11, 450.00, 100, 1, 2445, 3105, 14694
2026/08/25 18:51:59.757, 449.11, 450.00, 100, 1, 2445, 3105, 14694
2026/08/25 18:51:59.859, 449.11, 450.00, 100, 1, 2445, 3105, 14694
2026/08/25 18:51:59.961, 449.11, 450.00, 100, 1, 2445, 3105, 14694
2026/08/25 18:52:00.065, 449.11, 450.00, 100, 1, 2445, 3105, 14694
2026/08/25 18:52:00.170, 446.16, 450.00, 100, 100, 2445, 3105, 14694
2026/08/25 18:52:00.285, 446.16, 450.00, 100, 100, 2445, 3105, 14694
2026/08/25 18:52:00.388, 446.16, 450.00, 100, 100, 2445, 3105, 14694
2026/08/25 18:52:00.491, 446.16, 450.00, 100, 100, 2445, 3105, 14694
2026/08/25 18:52:00.593, 446.16, 450.00, 100, 100, 2445, 3105, 14694
2026/08/25 18:52:00.695, 448.72, 450.00, 100, 1, 2430, 3105, 14694
2026/08/25 18:52:00.797, 448.72, 450.00, 100, 1, 2430, 3105, 14694
2026/08/25 18:52:00.899, 448.72, 450.00, 100, 1, 2430, 3105, 14694
2026/08/25 18:52:01.003, 448.72, 450.00, 100, 1, 2430, 3105, 14694
2026/08/25 18:52:01.128, 442.56, 450.00, 100, 77, 2430, 3105, 14694
2026/08/25 18:52:01.263, 442.56, 450.00, 100, 77, 2430, 3105, 14696
2026/08/25 18:52:01.365, 442.56, 450.00, 100, 77, 2430, 3105, 14696
2026/08/25 18:52:01.467, 442.56, 450.00, 100, 77, 2430, 3105, 14696
2026/08/25 18:52:01.570, 442.56, 450.00, 100, 77, 2430, 3105, 14696
2026/08/25 18:52:01.673, 450.36, 450.00, 100, 1, 2430, 3105, 14696
2026/08/25 18:52:01.776, 450.36, 450.00, 100, 1, 2430, 3105, 14696
2026/08/25 18:52:01.879, 450.36, 450.00, 100, 1, 2430, 3105, 14696
2026/08/25 18:52:02.024, 450.36, 450.00, 100, 1, 2430, 3105, 14696
2026/08/25 18:52:02.126, 450.36, 450.00, 100, 1, 2430, 3105, 14696
2026/08/25 18:52:02.229, 449.31, 450.00, 100, 3, 2430, 3105, 14696
2026/08/25 18:52:02.332, 449.31, 450.00, 100, 3, 2430, 3105, 14696
2026/08/25 18:52:02.446, 449.31, 450.00, 100, 3, 2430, 3105, 14696
2026/08/25 18:52:02.549, 449.31, 450.00, 100, 3, 2430, 3105, 14696
2026/08/25 18:52:02.652, 450.30, 450.00, 100, 1, 2445, 3105, 14696
2026/08/25 18:52:02.755, 450.30, 450.00, 100, 1, 2445, 3105, 14696
2026/08/25 18:52:02.866, 450.30, 450.00, 100, 1, 2445, 3105, 14696
2026/08/25 18:52:03.003, 450.30, 450.00, 100, 1, 2445, 3105, 14696
2026/08/25 18:52:03.105, 450.30, 450.00, 100, 1, 2445, 3105, 14696
2026/08/25 18:52:03.209, 449.76, 450.00, 100, 1, 2445, 3105, 14696
2026/08/25 18:52:03.312, 449.76, 450.00, 100, 1, 2445, 3105, 14696
2026/08/25 18:52:03.415, 449.76, 450.00, 100, 1, 2445, 3105, 14696
2026/08/25 18:52:03.517, 449.76, 450.00, 100, 1, 2445, 3105, 14696
2026/08/25 18:52:03.620, 449.76, 450.00, 100, 1, 2445, 3105, 14696
2026/08/25 18:52:03.722, 448.82, 450.00, 100, 1, 2445, 3105, 14696
2026/08/25 18:52:03.826, 448.82, 450.00, 100, 1, 2445, 3105, 14696
2026/08/25 18:52:03.931, 448.82, 450.00, 100, 1, 2445, 3105, 14696
2026/08/25 18:52:04.061, 448.82, 450.00, 100, 1, 2445, 3105, 14698
2026/08/25 18:52:04.164, 452.48, 450.00, 100, 1, 2445, 3105, 14698
2026/08/25 18:52:04.266, 452.48, 450.00, 100, 1, 2445, 3105, 14698
2026/08/25 18:52:04.369, 452.48, 450.00, 100, 1, 2445, 3105, 14698
2026/08/25 18:52:04.471, 452.48, 450.00, 100, 1, 2445, 3105, 14698
2026/08/25 18:52:04.574, 452.48, 450.00, 100, 1, 2445, 3105, 14698
2026/08/25 18:52:04.678, 449.55, 450.00, 100, 44, 2505, 3105, 14698
2026/08/25 18:52:04.824, 449.55, 450.00, 100, 44, 2505, 3105, 14698
2026/08/25 18:52:04.926, 449.55, 450.00, 100, 44, 2505, 3105, 14698
2026/08/25 18:52:05.029, 449.55, 450.00, 100, 44, 2505, 3105, 14698
2026/08/25 18:52:05.134, 447.86, 450.00, 100, 1, 2505, 3105, 14698
2026/08/25 18:52:05.236, 447.86, 450.00, 100, 1, 2505, 3105, 14698
2026/08/25 18:52:05.338, 447.86, 450.00, 100, 1, 2505, 3105, 14698
2026/08/25 18:52:05.440, 447.86, 450.00, 100, 1, 2505, 3105, 14698
2026/08/25 18:52:05.542, 447.86, 450.00, 100, 1, 2505, 3105, 14698
2026/08/25 18:52:05.647, 448.68, 450.00, 100, 100, 2430, 3105, 14698
2026/08/25 18:52:05.750, 448.68, 450.00, 100, 100, 2430, 3105, 14698
2026/08/25 18:52:05.886, 448.68, 450.00, 100, 100, 2430, 3105, 14698
2026/08/25 18:52:06.021, 448.68, 450.00, 100, 100, 2430, 3105, 14698
2026/08/25 18:52:06.123, 448.68, 450.00, 100, 100, 2430, 3105, 14698
2026/08/25 18:52:06.225, 446.79, 450.00, 100, 1, 2430, 3105, 14698
2026/08/25 18:52:06.328, 446.79, 450.00, 100, 1, 2430, 3105, 14698
2026/08/25 18:52:06.433, 446.79, 450.00, 100, 1, 2430, 3105, 14698
2026/08/25 18:52:06.536, 446.79, 450.00, 100, 1, 2430, 3105, 14698
2026/08/25 18:52:06.640, 445.59, 450.00, 100, 99, 2490, 3105, 14698
2026/08/25 18:52:06.783, 445.59, 450.00, 100, 99, 2490, 3105, 14700
2026/08/25 18:52:06.921, 445.59, 450.00, 100, 99, 2490, 3105, 14700
2026/08/25 18:52:07.023, 445.59, 450.00, 100, 99, 2490, 3105, 14700
2026/08/25 18:52:07.125, 445.59, 450.00, 100, 99, 2490, 3105, 14700
2026/08/25 18:52:07.228, 449.85, 450.00, 100, 1, 2490, 3105, 14700
2026/08/25 18:52:07.333, 449.85, 450.00, 100, 1, 2490, 3105, 14700
2026/08/25 18:52:07.435, 449.85, 450.00, 100, 1, 2490, 3105, 14700
2026/08/25 18:52:07.564, 449.85, 450.00, 100, 1, 2490, 3105, 14700
2026/08/25 18:52:07.705, 445.90, 450.00, 100, 100, 2505, 3105, 14700
2026/08/25 18:52:07.843, 445.90, 450.00, 100, 100, 2505, 3105, 14700
2026/08/25 18:52:07.945, 445.90, 450.00, 100, 100, 2505, 3105, 14700
2026/08/25 18:52:08.048, 445.90, 450.00, 100, 100, 2505, 3105, 14700
2026/08/25 18:52:08.152, 449.44, 450.00, 100, 1, 2505, 3105, 14700
2026/08/25 18:52:08.254, 449.44, 450.00, 100, 1, 2505, 3105, 14700
2026/08/25 18:52:08.357, 449.44, 450.00, 100, 1, 2505, 3105, 14700
2026/08/25 18:52:08.460, 449.44, 450.00, 100, 1, 2505, 3105, 14700
2026/08/25 18:52:08.563, 449.44, 450.00, 100, 1, 2505, 3105, 14700
2026/08/25 18:52:08.683, 442.61, 450.00, 100, 64, 2505, 3105, 14700
2026/08/25 18:52:08.786, 442.61, 450.00, 100, 64, 2505, 3105, 14700
2026/08/25 18:52:08.889, 442.61, 450.00, 100, 64, 2505, 3105, 14700
2026/08/25 18:52:08.992, 442.61, 450.00, 100, 64, 2505, 3105, 14700
2026/08/25 18:52:09.094, 442.61, 450.00, 100, 64, 2505, 3105, 14700
2026/08/25 18:52:09.196, 450.43, 450.00, 100, 1, 2505, 3105, 14700
2026/08/25 18:52:09.298, 450.43, 450.00, 100, 1, 2505, 3105, 14700
2026/08/25 18:52:09.402, 450.43, 450.00, 100, 1, 2505, 3105, 14700
2026/08/25 18:52:09.507, 450.43, 450.00, 100, 1, 2505, 3105, 14702
2026/08/25 18:52:09.614, 450.43, 450.00, 100, 1, 2505, 3105, 14702
2026/08/25 18:52:09.722, 450.83, 450.00, 100, 1, 2415, 3105, 14702
2026/08/25 18:52:09.824, 450.83, 450.00, 100, 1, 2415, 3105, 14702
2026/08/25 18:52:09.927, 450.83, 450.00, 100, 1, 2415, 3105, 14702
2026/08/25 18:52:10.029, 450.83, 450.00, 100, 1, 2415, 3105, 14702
2026/08/25 18:52:10.132, 449.73, 450.00, 100, 1, 2415, 3105, 14702
2026/08/25 18:52:10.234, 449.73, 450.00, 100, 1, 2415, 3105, 14702
2026/08/25 18:52:10.362, 449.73, 450.00, 100, 1, 2415, 3105, 14702
2026/08/25 18:52:10.505, 449.73, 450.00, 100, 1, 2415, 3105, 14702
2026/08/25 18:52:10.635, 449.10, 450.00, 100, 1, 2445, 3105, 14702
2026/08/25 18:52:10.738, 449.10, 450.00, 100, 1, 2445, 3105, 14702
2026/08/25 18:52:10.840, 449.10, 450.00, 100, 1, 2445, 3105, 14702
2026/08/25 18:52:10.942, 449.10, 450.00, 100, 1, 2445, 3105, 14702
2026/08/25 18:52:11.044, 449.10, 450.00, 100, 1, 2445, 3105, 14702
2026/08/25 18:52:11.147, 449.77, 450.00, 100, 1, 2445, 3105, 14702
2026/08/25 18:52:11.252, 449.77, 450.00, 100, 1, 2445, 3105, 14702
2026/08/25 18:52:11.355, 449.77, 450.00, 100, 1, 2445, 3105, 14702
2026/08/25 18:52:11.485, 449.77, 450.00, 100, 1, 2445, 3105, 14704
2026/08/25 18:52:11.588, 449.77, 450.00, 100, 1, 2445, 3105, 14704
2026/08/25 18:52:11.691, 452.63, 450.00, 100, 1, 2430, 3105, 14704
2026/08/25 18:52:11.794, 452.63, 450.00, 100, 1, 2430, 3105, 14704
2026/08/25 18:52:11.896, 452.63, 450.00, 100, 1, 2430, 3105, 14704
2026/08/25 18:52:12.041, 452.63, 450.00, 100, 1, 2430, 3105, 14704
2026/08/25 18:52:12.143, 451.22, 450.00, 100, 49, 2430, 3105, 14704
2026/08/25 18:52:12.248, 451.22, 450.00, 100, 49, 2430, 3105, 14704
2026/08/25 18:52:12.381, 451.22, 450.00, 100, 49, 2430, 3105, 14704
2026/08/25 18:52:12.519, 451.22, 450.00, 100, 49, 2430, 3105, 14704
2026/08/25 18:52:12.621, 451.22, 450.00, 100, 49, 2430, 3105, 14704
2026/08/25 18:52:12.723, 450.98, 450.00, 100, 1, 2445, 3105, 14704
2026/08/25 18:52:12.826, 450.98, 450.00, 100, 1, 2445, 3105, 14704
2026/08/25 18:52:12.930, 450.98, 450.00, 100, 1, 2445, 3105, 14704
2026/08/25 18:52:13.032, 450.98, 450.00, 100, 1, 2445, 3105, 14704
2026/08/25 18:52:13.137, 449.28, 450.00, 100, 100, 2445, 3105, 14704
2026/08/25 18:52:13.241, 449.28, 450.00, 100, 100, 2445, 3105, 14704
2026/08/25 18:52:13.348, 449.28, 450.00, 100, 100, 2445, 3105, 14704
2026/08/25 18:52:13.451, 449.28, 450.00, 100, 100, 2445, 3105, 14704
2026/08/25 18:52:13.553, 449.28, 450.00, 100, 100, 2445, 3105, 14704
2026/08/25 18:52:13.655, 449.33, 450.00, 100, 1, 2445, 3105, 14704
2026/08/25 18:52:13.757, 449.33, 450.00, 100, 1, 2445, 3105, 14704
2026/08/25 18:52:13.859, 449.33, 450.00, 100, 1, 2445, 3105, 14704
2026/08/25 18:52:13.961, 449.33, 450.00, 100, 1, 2445, 3105, 14704
2026/08/25 18:52:14.066, 449.33, 450.00, 100, 1, 2445, 3105, 14704
2026/08/25 18:52:14.172, 445.73, 450.00, 100, 97, 2445, 3105, 14704
2026/08/25 18:52:14.282, 445.73, 450.00, 100, 97, 2445, 3105, 14706
2026/08/25 18:52:14.422, 445.73, 450.00, 100, 97, 2445, 3105, 14706
2026/08/25 18:52:14.525, 445.73, 450.00, 100, 97, 2445, 3105, 14706
2026/08/25 18:52:14.628, 445.73, 450.00, 100, 97, 2445, 3105, 14706
2026/08/25 18:52:14.731, 450.32, 450.00, 100, 1, 2445, 3105, 14706
2026/08/25 18:52:14.833, 450.32, 450.00, 100, 1, 2445, 3105, 14706
2026/08/25 18:52:14.935, 450.32, 450.00, 100, 1, 2445, 3105, 14706
2026/08/25 18:52:15.039, 450.32, 450.00, 100, 1, 2445, 3105, 14706
2026/08/25 18:52:15.179, 445.05, 450.00, 100, 100, 2445, 3105, 14706
2026/08/25 18:52:15.318, 445.05, 450.00, 100, 100, 2445, 3105, 14706
2026/08/25 18:52:15.422, 445.05, 450.00, 100, 100, 2445, 3105, 14706
2026/08/25 18:52:15.540, 445.05, 450.00, 100, 100, 2445, 3105, 14706
2026/08/25 18:52:15.642, 448.71, 450.00, 100, 1, 2445, 3105, 14706
2026/08/25 18:52:15.745, 448.71, 450.00, 100, 1, 2445, 3105, 14706
2026/08/25 18:52:15.847, 448.71, 450.00, 100, 1, 2445, 3105, 14706
2026/08/25 18:52:15.952, 448.71, 450.00, 100, 1, 2445, 3105, 14706
2026/08/25 18:52:16.056, 448.71, 450.00, 100, 1, 2445, 3105, 14706
2026/08/25 18:52:16.162, 443.50, 450.00, 100, 61, 2445, 3105, 14706
2026/08/25 18:52:16.296, 443.50, 450.00, 100, 61, 2445, 3105, 14706
2026/08/25 18:52:16.398, 443.50, 450.00, 100, 61, 2445, 3105, 14706
2026/08/25 18:52:16.500, 443.50, 450.00, 100, 61, 2445, 3105, 14706
2026/08/25 18:52:16.603, 443.50, 450.00, 100, 61, 2445, 3105, 14706
2026/08/25 18:52:16.706, 448.44, 450.00, 100, 1, 2445, 3105, 14706
2026/08/25 18:52:16.810, 448.44, 450.00, 100, 1, 2445, 3105, 14706
2026/08/25 18:52:16.914, 448.44, 450.00, 100, 1, 2445, 3105, 14706
2026/08/25 18:52:17.019, 448.44, 450.00, 100, 1, 2445, 3105, 14708
2026/08/25 18:52:17.121, 448.44, 450.00, 100, 1, 2445, 3105, 14708
2026/08/25 18:52:17.225, 446.26, 450.00, 100, 2, 2445, 3105, 14708
2026/08/25 18:52:17.358, 446.26, 450.00, 100, 2, 2445, 3105, 14708
2026/08/25 18:52:17.460, 446.26, 450.00, 100, 2, 2445, 3105, 14708
2026/08/25 18:52:17.563, 446.26, 450.00, 100, 2, 2445, 3105, 14708
2026/08/25 18:52:17.666, 450.50, 450.00, 100, 1, 2445, 3105, 14708
2026/08/25 18:52:17.770, 450.50, 450.00, 100, 1, 2445, 3105, 14708
2026/08/25 18:52:17.874, 450.50, 450.00, 100, 1, 2445, 3105, 14708
2026/08/25 18:52:17.979, 450.50, 450.00, 100, 1, 2445, 3105, 14708
2026/08/25 18:52:18.118, 450.50, 450.00, 100, 1, 2445, 3105, 14708
2026/08/25 18:52:18.256, 452.08, 450.00, 100, 1, 2445, 3105, 14708
2026/08/25 18:52:18.358, 452.08, 450.00, 100, 1, 2445, 3105, 14708
2026/08/25 18:52:18.460, 452.08, 450.00, 100, 1, 2445, 3105, 14708
2026/08/25 18:52:18.562, 452.08, 450.00, 100, 1, 2445, 3105, 14708
2026/08/25 18:52:18.665, 451.59, 450.00, 100, 1, 2475, 3105, 14708
2026/08/25 18:52:18.770, 451.59, 450.00, 100, 1, 2475, 3105, 14708
2026/08/25 18:52:18.874, 451.59, 450.00, 100, 1, 2475, 3105, 14708
2026/08/25 18:52:18.977, 451.59, 450.00, 100, 1, 2475, 3105, 14708
2026/08/25 18:52:19.096, 451.59, 450.00, 100, 1, 2475, 3105, 14708
2026/08/25 18:52:19.238, 451.06, 450.00, 100, 1, 2475, 3105, 14708
2026/08/25 18:52:19.340, 451.06, 450.00, 100, 1, 2475, 3105, 14708
2026/08/25 18:52:19.443, 451.06, 450.00, 100, 1, 2475, 3105, 14708
2026/08/25 18:52:19.547, 451.06, 450.00, 100, 1, 2475, 3105, 14708
2026/08/25 18:52:19.649, 451.06, 450.00, 100, 1, 2475, 3105, 14708
2026/08/25 18:52:19.753, 446.80, 450.00, 100, 34, 2385, 3105, 14710
2026/08/25 18:52:19.882, 446.80, 450.00, 100, 34, 2385, 3105, 14710
2026/08/25 18:52:20.019, 446.80, 450.00, 100, 34, 2385, 3105, 14710
2026/08/25 18:52:20.122, 446.80, 450.00, 100, 34, 2385, 3105, 14710
2026/08/25 18:52:20.225, 447.14, 450.00, 100, 1, 2385, 3105, 14710
2026/08/25 18:52:20.327, 447.14, 450.00, 100, 1, 2385, 3105, 14710
2026/08/25 18:52:20.430, 447.14, 450.00, 100, 1, 2385, 3105, 14710
2026/08/25 18:52:20.532, 447.14, 450.00, 100, 1, 2385, 3105, 14710
2026/08/25 18:52:20.635, 447.14, 450.00, 100, 1, 2385, 3105, 14710
2026/08/25 18:52:20.738, 448.07, 450.00, 100, 100, 2130, 3105, 14710
2026/08/25 18:52:20.860, 448.07, 450.00, 100, 100, 2130, 3105, 14710
2026/08/25 18:52:20.999, 448.07, 450.00, 100, 100, 2130, 3105, 14710
2026/08/25 18:52:21.138, 448.07, 450.00, 100, 100, 2130, 3105, 14710
2026/08/25 18:52:21.240, 450.02, 450.00, 100, 1, 2130, 3105, 14710
2026/08/25 18:52:21.343, 450.02, 450.00, 100, 1, 2130, 3105, 14710
2026/08/25 18:52:21.446, 450.02, 450.00, 100, 1, 2130, 3105, 14710
2026/08/25 18:52:21.549, 450.02, 450.00, 100, 1, 2130, 3105, 14710
2026/08/25 18:52:21.652, 450.02, 450.00, 100, 1, 2130, 3105, 14710
2026/08/25 18:52:21.760, 448.51, 450.00, 100, 97, 2430, 3105, 14710
2026/08/25 18:52:21.897, 448.51, 450.00, 100, 97, 2430, 3105, 14710
2026/08/25 18:52:22.036, 448.51, 450.00, 100, 97, 2430, 3105, 14710
2026/08/25 18:52:22.138, 448.51, 450.00, 100, 97, 2430, 3105, 14710
2026/08/25 18:52:22.240, 448.90, 450.00, 100, 1, 2430, 3105, 14710
2026/08/25 18:52:22.343, 448.90, 450.00, 100, 1, 2430, 3105, 14710
2026/08/25 18:52:22.445, 448.90, 450.00, 100, 1, 2430, 3105, 14710
2026/08/25 18:52:22.550, 448.90, 450.00, 100, 1, 2430, 3105, 14710
2026/08/25 18:52:22.654, 448.90, 450.00, 100, 1, 2430, 3105, 14712
2026/08/25 18:52:22.756, 445.66, 450.00, 100, 100, 2490, 3105, 14712
2026/08/25 18:52:22.859, 445.66, 450.00, 100, 100, 2490, 3105, 14712
2026/08/25 18:52:22.961, 445.66, 450.00, 100, 100, 2490, 3105, 14712
2026/08/25 18:52:23.064, 445.66, 450.00, 100, 100, 2490, 3105, 14712
2026/08/25 18:52:23.168, 450.09, 450.00, 100, 1, 2490, 3105, 14712
2026/08/25 18:52:23.270, 450.09, 450.00, 100, 1, 2490, 3105, 14712
2026/08/25 18:52:23.372, 450.09, 450.00, 100, 1, 2490, 3105, 14712
2026/08/25 18:52:23.476, 450.09, 450.00, 100, 1, 2490, 3105, 14712
2026/08/25 18:52:23.579, 450.09, 450.00, 100, 1, 2490, 3105, 14712
2026/08/25 18:52:23.682, 442.43, 450.00, 100, 89, 2490, 3105, 14712
2026/08/25 18:52:23.798, 442.43, 450.00, 100, 89, 2490, 3105, 14712
2026/08/25 18:52:23.901, 442.43, 450.00, 100, 89, 2490, 3105, 14712
2026/08/25 18:52:24.004, 442.43, 450.00, 100, 89, 2490, 3105, 14712
2026/08/25 18:52:24.108, 442.43, 450.00, 100, 89, 2490, 3105, 14712
2026/08/25 18:52:24.210, 449.67, 450.00, 100, 1, 2490, 3105, 14712
2026/08/25 18:52:24.312, 449.67, 450.00, 100, 1, 2490, 3105, 14712
2026/08/25 18:52:24.416, 449.67, 450.00, 100, 1, 2490, 3105, 14712
2026/08/25 18:52:24.557, 449.67, 450.00, 100, 1, 2490, 3105, 14712
2026/08/25 18:52:24.659, 449.67, 450.00, 100, 1, 2490, 3105, 14714
2026/08/25 18:52:24.777, 443.33, 450.00, 100, 16, 2460, 3105, 14714
2026/08/25 18:52:24.879, 443.33, 450.00, 100, 16, 2460, 3105, 14714
2026/08/25 18:52:24.983, 443.33, 450.00, 100, 16, 2460, 3105, 14714
2026/08/25 18:52:25.087, 443.33, 450.00, 100, 16, 2460, 3105, 14714
2026/08/25 18:52:25.189, 445.74, 450.00, 100, 1, 2460, 3105, 14714
2026/08/25 18:52:25.291, 445.74, 450.00, 100, 1, 2460, 3105, 14714
2026/08/25 18:52:25.395, 445.74, 450.00, 100, 1, 2460, 3105, 14714
2026/08/25 18:52:25.536, 445.74, 450.00, 100, 1, 2460, 3105, 14714
2026/08/25 18:52:25.674, 447.53, 450.00, 100, 1, 2445, 3105, 14714
2026/08/25 18:52:25.776, 447.53, 450.00, 100, 1, 2445, 3105, 14714
2026/08/25 18:52:25.878, 447.53, 450.00, 100, 1, 2445, 3105, 14714
2026/08/25 18:52:25.981, 447.53, 450.00, 100, 1, 2445, 3105, 14714
2026/08/25 18:52:26.084, 447.53, 450.00, 100, 1, 2445, 3105, 14714
2026/08/25 18:52:26.188, 448.83, 450.00, 100, 1, 2445, 3105, 14714
2026/08/25 18:52:26.292, 448.83, 450.00, 100, 1, 2445, 3105, 14714
2026/08/25 18:52:26.395, 448.83, 450.00, 100, 1, 2445, 3105, 14714
2026/08/25 18:52:26.515, 448.83, 450.00, 100, 1, 2445, 3105, 14714
2026/08/25 18:52:26.617, 448.83, 450.00, 100, 1, 2445, 3105, 14714
2026/08/25 18:52:26.719, 446.75, 450.00, 100, 1, 2430, 3105, 14714
2026/08/25 18:52:26.822, 446.75, 450.00, 100, 1, 2430, 3105, 14714
2026/08/25 18:52:26.925, 446.75, 450.00, 100, 1, 2430, 3105, 14714
2026/08/25 18:52:27.028, 446.75, 450.00, 100, 1, 2430, 3105, 14714
2026/08/25 18:52:27.130, 446.75, 450.00, 100, 1, 2430, 3105, 14714
2026/08/25 18:52:27.233, 446.33, 450.00, 100, 20, 2430, 3105, 14714
2026/08/25 18:52:27.338, 446.33, 450.00, 100, 20, 2430, 3105, 14714
2026/08/25 18:52:27.441, 446.33, 450.00, 100, 20, 2430, 3105, 14716
2026/08/25 18:52:27.577, 446.33, 450.00, 100, 20, 2430, 3105, 14716
2026/08/25 18:52:27.679, 448.14, 450.00, 100, 1, 2445, 3105, 14716
2026/08/25 18:52:27.782, 448.14, 450.00, 100, 1, 2445, 3105, 14716
2026/08/25 18:52:27.886, 448.14, 450.00, 100, 1, 2445, 3105, 14716
2026/08/25 18:52:27.989, 448.14, 450.00, 100, 1, 2445, 3105, 14716
2026/08/25 18:52:28.091, 448.14, 450.00, 100, 1, 2445, 3105, 14716
2026/08/25 18:52:28.195, 448.21, 450.00, 100, 93, 2445, 3105, 14716
2026/08/25 18:52:28.337, 448.21, 450.00, 100, 93, 2445, 3105, 14716
2026/08/25 18:52:28.475, 448.21, 450.00, 100, 93, 2445, 3105, 14716
2026/08/25 18:52:28.578, 448.21, 450.00, 100, 93, 2445, 3105, 14716
2026/08/25 18:52:28.681, 449.37, 450.00, 100, 1, 2475, 3105, 14716
2026/08/25 18:52:28.784, 449.37, 450.00, 100, 1, 2475, 3105, 14716
2026/08/25 18:52:28.886, 449.37, 450.00, 100, 1, 2475, 3105, 14716
2026/08/25 18:52:28.988, 449.37, 450.00, 100, 1, 2475, 3105, 14716
2026/08/25 18:52:29.092, 449.37, 450.00, 100, 1, 2475, 3105, 14716
2026/08/25 18:52:29.196, 448.43, 450.00, 100, 100, 2475, 3105, 14716
2026/08/25 18:52:29.314, 448.43, 450.00, 100, 100, 2475, 3105, 14716
2026/08/25 18:52:29.416, 448.43, 450.00, 100, 100, 2475, 3105, 14716
2026/08/25 18:52:29.519, 448.43, 450.00, 100, 100, 2475, 3105, 14716
2026/08/25 18:52:29.622, 448.43, 450.00, 100, 100, 2475, 3105, 14716
2026/08/25 18:52:29.726, 448.20, 450.00, 100, 1, 2460, 3105, 14716
2026/08/25 18:52:29.828, 448.20, 450.00, 100, 1, 2460, 3105, 14716
2026/08/25 18:52:29.930, 448.20, 450.00, 100, 1, 2460, 3105, 14716
2026/08/25 18:52:30.034, 448.20, 450.00, 100, 1, 2460, 3105, 14716
2026/08/25 18:52:30.137, 448.20, 450.00, 100, 1, 2460, 3105, 14718
2026/08/25 18:52:30.240, 444.55, 450.00, 100, 100, 2460, 3105, 14718
2026/08/25 18:52:30.379, 444.55, 450.00, 100, 100, 2460, 3105, 14718
2026/08/25 18:52:30.482, 444.55, 450.00, 100, 100, 2460, 3105, 14718
2026/08/25 18:52:30.585, 444.55, 450.00, 100, 100, 2460, 3105, 14718
2026/08/25 18:52:30.688, 448.09, 450.00, 100, 1, 2460, 3105, 14718
2026/08/25 18:52:30.790, 448.09, 450.00, 100, 1, 2460, 3105, 14718
2026/08/25 18:52:30.892, 448.09, 450.00, 100, 1, 2460, 3105, 14718
2026/08/25 18:52:30.998, 448.09, 450.00, 100, 1, 2460, 3105, 14718
2026/08/25 18:52:31.103, 448.09, 450.00, 100, 1, 2460, 3105, 14718
2026/08/25 18:52:31.206, 441.86, 450.00, 100, 90, 2460, 3105, 14718
2026/08/25 18:52:31.355, 441.86, 450.00, 100, 90, 2460, 3105, 14718
2026/08/25 18:52:31.457, 441.86, 450.00, 100, 90, 2460, 3105, 14718
2026/08/25 18:52:31.560, 441.86, 450.00, 100, 90, 2460, 3105, 14718
2026/08/25 18:52:31.663, 448.98, 450.00, 100, 1, 2445, 3105, 14718
2026/08/25 18:52:31.766, 448.98, 450.00, 100, 1, 2445, 3105, 14718
2026/08/25 18:52:31.868, 448.98, 450.00, 100, 1, 2445, 3105, 14718
2026/08/25 18:52:31.971, 448.98, 450.00, 100, 1, 2445, 3105, 14718
2026/08/25 18:52:32.113, 448.98, 450.00, 100, 1, 2445, 3105, 14718
2026/08/25 18:52:32.215, 451.76, 450.00, 100, 16, 2445, 3105, 14718
2026/08/25 18:52:32.317, 451.76, 450.00, 100, 16, 2445, 3105, 14718
2026/08/25 18:52:32.420, 451.76, 450.00, 100, 16, 2445, 3105, 14718
2026/08/25 18:52:32.522, 451.76, 450.00, 100, 16, 2445, 3105, 14718
2026/08/25 18:52:32.625, 451.76, 450.00, 100, 16, 2445, 3105, 14718
2026/08/25 18:52:32.727, 448.36, 450.00, 100, 1, 2445, 3105, 14718
2026/08/25 18:52:32.832, 448.36, 450.00, 100, 1, 2445, 3105, 14718
2026/08/25 18:52:32.934, 448.36, 450.00, 100, 1, 2445, 3105, 14720
2026/08/25 18:52:33.039, 448.36, 450.00, 100, 1, 2445, 3105, 14720
2026/08/25 18:52:33.175, 452.49, 450.00, 100, 1, 2445, 3105, 14720
2026/08/25 18:52:33.277, 452.49, 450.00, 100, 1, 2445, 3105, 14720
2026/08/25 18:52:33.380, 452.49, 450.00, 100, 1, 2445, 3105, 14720
2026/08/25 18:52:33.484, 452.49, 450.00, 100, 1, 2445, 3105, 14720
2026/08/25 18:52:33.587, 452.49, 450.00, 100, 1, 2445, 3105, 14720
2026/08/25 18:52:33.689, 448.72, 450.00, 100, 1, 2475, 3105, 14720
2026/08/25 18:52:33.793, 448.72, 450.00, 100, 1, 2475, 3105, 14720
2026/08/25 18:52:33.937, 448.72, 450.00, 100, 1, 2475, 3105, 14720
2026/08/25 18:52:34.040, 448.72, 450.00, 100, 1, 2475, 3105, 14720
2026/08/25 18:52:34.154, 448.72, 450.00, 100, 1, 2475, 3105, 14720
2026/08/25 18:52:34.256, 447.71, 450.00, 100, 1, 2475, 3105, 14720
2026/08/25 18:52:34.359, 447.71, 450.00, 100, 1, 2475, 3105, 14720
2026/08/25 18:52:34.462, 447.71, 450.00, 100, 1, 2475, 3105, 14720
2026/08/25 18:52:34.564, 447.71, 450.00, 100, 1, 2475, 3105, 14720
2026/08/25 18:52:34.666, 443.58, 450.00, 100, 26, 2415, 3105, 14720
2026/08/25 18:52:34.770, 443.58, 450.00, 100, 26, 2415, 3105, 14720
2026/08/25 18:52:34.912, 443.58, 450.00, 100, 26, 2415, 3105, 14720
2026/08/25 18:52:35.051, 443.58, 450.00, 100, 26, 2415, 3105, 14722
2026/08/25 18:52:35.153, 443.58, 450.00, 100, 26, 2415, 3105, 14722
2026/08/25 18:52:35.255, 450.40, 450.00, 100, 1, 2415, 3105, 14722
2026/08/25 18:52:35.358, 450.40, 450.00, 100, 1, 2415, 3105, 14722
2026/08/25 18:52:35.461, 450.40, 450.00, 100, 1, 2415, 3105, 14722
2026/08/25 18:52:35.564, 450.40, 450.00, 100, 1, 2415, 3105, 14722
2026/08/25 18:52:35.696, 446.65, 450.00, 100, 98, 2190, 3105, 14722
2026/08/25 18:52:35.831, 446.65, 450.00, 100, 98, 2190, 3105, 14722
2026/08/25 18:52:35.975, 446.65, 450.00, 100, 98, 2190, 3105, 14722
2026/08/25 18:52:36.077, 446.65, 450.00, 100, 98, 2190, 3105, 14722
2026/08/25 18:52:36.180, 445.85, 450.00, 100, 1, 2190, 3105, 14722
2026/08/25 18:52:36.284, 445.85, 450.00, 100, 1, 2190, 3105, 14722
2026/08/25 18:52:36.386, 445.85, 450.00, 100, 1, 2190, 3105, 14722
2026/08/25 18:52:36.488, 445.85, 450.00, 100, 1, 2190, 3105, 14722
2026/08/25 18:52:36.592, 445.85, 450.00, 100, 1, 2190, 3105, 14722
2026/08/25 18:52:36.734, 446.29, 450.00, 100, 98, 2400, 3105, 14722
2026/08/25 18:52:36.871, 446.29, 450.00, 100, 98, 2400, 3105, 14722
2026/08/25 18:52:36.973, 446.29, 450.00, 100, 98, 2400, 3105, 14722
2026/08/25 18:52:37.075, 446.29, 450.00, 100, 98, 2400, 3105, 14722
2026/08/25 18:52:37.178, 447.35, 450.00, 100, 1, 2400, 3105, 14722
2026/08/25 18:52:37.281, 447.35, 450.00, 100, 1, 2400, 3105, 14722
2026/08/25 18:52:37.383, 447.35, 450.00, 100, 1, 2400, 3105, 14722
2026/08/25 18:52:37.486, 447.35, 450.00, 100, 1, 2400, 3105, 14722
2026/08/25 18:52:37.589, 447.35, 450.00, 100, 1, 2400, 3105, 14722
2026/08/25 18:52:37.712, 445.62, 450.00, 100, 100, 2535, 3105, 14724
2026/08/25 18:52:37.850, 445.62, 450.00, 100, 100, 2535, 3105, 14724
2026/08/25 18:52:37.952, 445.62, 450.00, 100, 100, 2535, 3105, 14724
2026/08/25 18:52:38.074, 445.62, 450.00, 100, 100, 2535, 3105, 14724
2026/08/25 18:52:38.176, 448.63, 450.00, 100, 1, 2535, 3105, 14724
2026/08/25 18:52:38.279, 448.63, 450.00, 100, 1, 2535, 3105, 14724
2026/08/25 18:52:38.383, 448.63, 450.00, 100, 1, 2535, 3105, 14724
2026/08/25 18:52:38.487, 448.63, 450.00, 100, 1, 2535, 3105, 14724
2026/08/25 18:52:38.629, 448.63, 450.00, 100, 1, 2535, 3105, 14724
2026/08/25 18:52:38.774, 441.48, 450.00, 100, 70, 2475, 3105, 14724
2026/08/25 18:52:38.913, 441.48, 450.00, 100, 70, 2475, 3105, 14724
2026/08/25 18:52:39.015, 441.48, 450.00, 100, 70, 2475, 3105, 14724
2026/08/25 18:52:39.118, 441.48, 450.00, 100, 70, 2475, 3105, 14724
2026/08/25 18:52:39.223, 448.48, 450.00, 100, 1, 2475, 3105, 14724
2026/08/25 18:52:39.325, 448.48, 450.00, 100, 1, 2475, 3105, 14724
2026/08/25 18:52:39.429, 448.48, 450.00, 100, 1, 2475, 3105, 14724
2026/08/25 18:52:39.533, 448.48, 450.00, 100, 1, 2475, 3105, 14724
2026/08/25 18:52:39.635, 448.48, 450.00, 100, 1, 2475, 3105, 14724
2026/08/25 18:52:39.753, 443.48, 450.00, 100, 1, 2535, 3105, 14724
2026/08/25 18:52:39.892, 443.48, 450.00, 100, 1, 2535, 3105, 14724
2026/08/25 18:52:39.994, 443.48, 450.00, 100, 1, 2535, 3105, 14724
2026/08/25 18:52:40.098, 443.48, 450.00, 100, 1, 2535, 3105, 14724
2026/08/25 18:52:40.201, 448.44, 450.00, 100, 1, 2535, 3105, 14724
2026/08/25 18:52:40.305, 448.44, 450.00, 100, 1, 2535, 3105, 14724
2026/08/25 18:52:40.410, 448.44, 450.00, 100, 1, 2535, 3105, 14756
2026/08/25 18:52:40.516, 448.44, 450.00, 100, 1, 2535, 3105, 14756
2026/08/25 18:52:40.649, 448.44, 450.00, 100, 1, 2535, 3105, 14756
2026/08/25 18:52:40.751, 444.00, 450.00, 100, 1, 2445, 3105, 14756
2026/08/25 18:52:40.853, 444.00, 450.00, 100, 1, 2445, 3105, 14756
2026/08/25 18:52:40.956, 444.00, 450.00, 100, 1, 2445, 3105, 14756
2026/08/25 18:52:41.059, 444.00, 450.00, 100, 1, 2445, 3105, 14756
2026/08/25 18:52:41.163, 444.00, 450.00, 100, 1, 2445, 3105, 14756
2026/08/25 18:52:41.265, 449.53, 450.00, 100, 1, 2445, 3105, 14756
2026/08/25 18:52:41.368, 449.53, 450.00, 100, 1, 2445, 3105, 14756
2026/08/25 18:52:41.490, 449.53, 450.00, 100, 1, 2445, 3105, 14756
2026/08/25 18:52:41.593, 449.53, 450.00, 100, 1, 2445, 3105, 14756
2026/08/25 18:52:41.695, 452.84, 450.00, 100, 1, 2460, 3105, 14756
2026/08/25 18:52:41.798, 452.84, 450.00, 100, 1, 2460, 3105, 14756
2026/08/25 18:52:41.902, 452.84, 450.00, 100, 1, 2460, 3105, 14756
2026/08/25 18:52:42.004, 452.84, 450.00, 100, 1, 2460, 3105, 14756
2026/08/25 18:52:42.106, 452.84, 450.00, 100, 1, 2460, 3105, 14756
2026/08/25 18:52:42.208, 447.52, 450.00, 100, 2, 2460, 3105, 14756
2026/08/25 18:52:42.312, 447.52, 450.00, 100, 2, 2460, 3105, 14756
2026/08/25 18:52:42.424, 447.52, 450.00, 100, 2, 2460, 3105, 14756
2026/08/25 18:52:42.551, 447.52, 450.00, 100, 2, 2460, 3105, 14756
2026/08/25 18:52:42.653, 447.52, 450.00, 100, 2, 2460, 3105, 14756
2026/08/25 18:52:42.756, 446.13, 450.00, 100, 1, 2460, 3105, 14756
2026/08/25 18:52:42.859, 446.13, 450.00, 100, 1, 2460, 3105, 14756
2026/08/25 18:52:42.961, 446.13, 450.00, 100, 1, 2460, 3105, 14756
2026/08/25 18:52:43.063, 446.13, 450.00, 100, 1, 2460, 3105, 14756
2026/08/25 18:52:43.166, 446.13, 450.00, 100, 1, 2460, 3105, 14756
2026/08/25 18:52:43.269, 446.21, 450.00, 100, 57, 2460, 3105, 14756
2026/08/25 18:52:43.395, 446.21, 450.00, 100, 57, 2460, 3105, 14756
2026/08/25 18:52:43.532, 446.21, 450.00, 100, 57, 2460, 3105, 14756
2026/08/25 18:52:43.634, 446.21, 450.00, 100, 57, 2460, 3105, 14756
2026/08/25 18:52:43.737, 448.32, 450.00, 100, 1, 2490, 3105, 14756
2026/08/25 18:52:43.839, 448.32, 450.00, 100, 1, 2490, 3105, 14756
2026/08/25 18:52:43.942, 448.32, 450.00, 100, 1, 2490, 3105, 14756
2026/08/25 18:52:44.044, 448.32, 450.00, 100, 1, 2490, 3105, 14756
2026/08/25 18:52:44.149, 448.32, 450.00, 100, 1, 2490, 3105, 14756
2026/08/25 18:52:44.289, 449.48, 450.00, 100, 100, 2490, 3105, 14756
2026/08/25 18:52:44.430, 449.48, 450.00, 100, 100, 2490, 3105, 14756
2026/08/25 18:52:44.532, 449.48, 450.00, 100, 100, 2490, 3105, 14756
2026/08/25 18:52:44.635, 449.48, 450.00, 100, 100, 2490, 3105, 14756
2026/08/25 18:52:44.739, 448.75, 450.00, 100, 1, 2460, 3105, 14756
2026/08/25 18:52:44.841, 448.75, 450.00, 100, 1, 2460, 3105, 14756
2026/08/25 18:52:44.943, 448.75, 450.00, 100, 1, 2460, 3105, 14756
2026/08/25 18:52:45.047, 448.75, 450.00, 100, 1, 2460, 3105, 14756
2026/08/25 18:52:45.149, 448.75, 450.00, 100, 1, 2460, 3105, 14756
2026/08/25 18:52:45.269, 447.06, 450.00, 100, 97, 2460, 3105, 14756
2026/08/25 18:52:45.372, 447.06, 450.00, 100, 97, 2460, 3105, 14756
2026/08/25 18:52:45.474, 447.06, 450.00, 100, 97, 2460, 3105, 14756
2026/08/25 18:52:45.577, 447.06, 450.00, 100, 97, 2460, 3105, 14756
2026/08/25 18:52:45.681, 447.06, 450.00, 100, 97, 2460, 3105, 14756
2026/08/25 18:52:45.783, 449.84, 450.00, 100, 1, 2460, 3105, 14756
2026/08/25 18:52:45.885, 449.84, 450.00, 100, 1, 2460, 3105, 14756
2026/08/25 18:52:45.989, 449.84, 450.00, 100, 1, 2460, 3105, 14756
2026/08/25 18:52:46.109, 449.84, 450.00, 100, 1, 2460, 3105, 14756
2026/08/25 18:52:46.211, 443.71, 450.00, 94, 100, 2460, 3105, 14756
2026/08/25 18:52:46.314, 443.71, 450.00, 94, 100, 2460, 3105, 14756
2026/08/25 18:52:46.418, 443.71, 450.00, 94, 100, 2460, 3105, 14756
2026/08/25 18:52:46.521, 443.71, 450.00, 94, 100, 2460, 3105, 14756
2026/08/25 18:52:46.623, 443.71, 450.00, 94, 100, 2460, 3105, 14756
2026/08/25 18:52:46.725, 448.47, 450.00, 100, 1, 2460, 3105, 14756
2026/08/25 18:52:46.827, 448.47, 450.00, 100, 1, 2460, 3105, 14756
2026/08/25 18:52:46.931, 448.47, 450.00, 100, 1, 2460, 3105, 14756
2026/08/25 18:52:47.035, 448.47, 450.00, 100, 1, 2460, 3105, 14756
2026/08/25 18:52:47.171, 448.47, 450.00, 100, 1, 2460, 3105, 14756
2026/08/25 18:52:47.308, 445.96, 450.00, 100, 1, 2460, 3105, 14756
2026/08/25 18:52:47.410, 445.96, 450.00, 100, 1, 2460, 3105, 14756
2026/08/25 18:52:47.512, 445.96, 450.00, 100, 1, 2460, 3105, 14756
2026/08/25 18:52:47.615, 445.96, 450.00, 100, 1, 2460, 3105, 14756
2026/08/25 18:52:47.718, 448.37, 450.00, 100, 1, 2400, 3105, 14756
2026/08/25 18:52:47.821, 448.37, 450.00, 100, 1, 2400, 3105, 14756
2026/08/25 18:52:47.925, 448.37, 450.00, 100, 1, 2400, 3105, 14756
2026/08/25 18:52:48.070, 448.37, 450.00, 100, 1, 2400, 3105, 14756
2026/08/25 18:52:48.208, 448.37, 450.00, 100, 1, 2400, 3105, 14756
2026/08/25 18:52:48.347, 450.78, 450.00, 100, 1, 2400, 3105, 14756
2026/08/25 18:52:48.449, 450.78, 450.00, 100, 1, 2400, 3105, 14756
2026/08/25 18:52:48.552, 450.78, 450.00, 100, 1, 2400, 3105, 14756
2026/08/25 18:52:48.654, 450.78, 450.00, 100, 1, 2400, 3105, 14756
2026/08/25 18:52:48.757, 446.94, 450.00, 100, 20, 2460, 3105, 14756
2026/08/25 18:52:48.862, 446.94, 450.00, 100, 20, 2460, 3105, 14756
2026/08/25 18:52:48.993, 446.94, 450.00, 100, 20, 2460, 3105, 14756
2026/08/25 18:52:49.131, 446.94, 450.00, 100, 20, 2460, 3105, 14756
2026/08/25 18:52:49.268, 450.15, 450.00, 100, 1, 2460, 3105, 14756
2026/08/25 18:52:49.371, 450.15, 450.00, 100, 1, 2460, 3105, 14756
2026/08/25 18:52:49.479, 450.15, 450.00, 100, 1, 2460, 3105, 14756
2026/08/25 18:52:49.581, 450.15, 450.00, 100, 1, 2460, 3105, 14756
2026/08/25 18:52:49.683, 450.15, 450.00, 100, 1, 2460, 3105, 14756
2026/08/25 18:52:49.786, 449.13, 450.00, 100, 90, 2340, 3105, 14756
2026/08/25 18:52:49.891, 449.13, 450.00, 100, 90, 2340, 3105, 14756
2026/08/25 18:52:50.027, 449.13, 450.00, 100, 90, 2340, 3105, 14756
2026/08/25 18:52:50.129, 449.13, 450.00, 100, 90, 2340, 3105, 14756
2026/08/25 18:52:50.231, 452.83, 450.00, 100, 1, 2340, 3105, 14756
2026/08/25 18:52:50.335, 452.83, 450.00, 100, 1, 2340, 3105, 14756
2026/08/25 18:52:50.437, 452.83, 450.00, 100, 1, 2340, 3105, 14756
2026/08/25 18:52:50.540, 452.83, 450.00, 100, 1, 2340, 3105, 14756
2026/08/25 18:52:50.642, 452.83, 450.00, 100, 1, 2340, 3105, 14756
2026/08/25 18:52:50.746, 453.25, 450.00, 100, 100, 2190, 3105, 14756
2026/08/25 18:52:50.868, 453.25, 450.00, 100, 100, 2190, 3105, 14756
2026/08/25 18:52:51.008, 453.25, 450.00, 100, 100, 2190, 3105, 14756
2026/08/25 18:52:51.110, 453.25, 450.00, 100, 100, 2190, 3105, 14756
2026/08/25 18:52:51.229, 449.24, 450.00, 100, 1, 2190, 3105, 14756
2026/08/25 18:52:51.331, 449.24, 450.00, 100, 1, 2190, 3105, 14756
2026/08/25 18:52:51.434, 449.24, 450.00, 100, 1, 2190, 3105, 14756
2026/08/25 18:52:51.537, 449.24, 450.00, 100, 1, 2190, 3105, 14756
2026/08/25 18:52:51.641, 449.24, 450.00, 100, 1, 2190, 3105, 14756
2026/08/25 18:52:51.744, 446.89, 450.00, 97, 96, 2475, 3105, 14756
2026/08/25 18:52:51.850, 446.89, 450.00, 97, 96, 2475, 3105, 14756
2026/08/25 18:52:51.953, 446.89, 450.00, 97, 96, 2475, 3105, 14756
2026/08/25 18:52:52.056, 446.89, 450.00, 97, 96, 2475, 3105, 14756
2026/08/25 18:52:52.159, 446.89, 450.00, 97, 96, 2475, 3105, 14756
2026/08/25 18:52:52.261, 449.76, 450.00, 100, 1, 2475, 3105, 14756
2026/08/25 18:52:52.363, 449.76, 450.00, 100, 1, 2475, 3105, 14756
2026/08/25 18:52:52.465, 449.76, 450.00, 100, 1, 2475, 3105, 14756
2026/08/25 18:52:52.568, 449.76, 450.00, 100, 1, 2475, 3105, 14756
2026/08/25 18:52:52.670, 449.76, 450.00, 100, 1, 2475, 3105, 14756
2026/08/25 18:52:52.778, 439.73, 450.00, 100, 100, 2550, 3105, 14756
2026/08/25 18:52:52.909, 439.73, 450.00, 100, 100, 2550, 3105, 14756
2026/08/25 18:52:53.011, 439.73, 450.00, 100, 100, 2550, 3105, 14756
2026/08/25 18:52:53.114, 439.73, 450.00, 100, 100, 2550, 3105, 14756
2026/08/25 18:52:53.216, 449.78, 450.00, 100, 1, 2550, 3105, 14756
2026/08/25 18:52:53.319, 449.78, 450.00, 100, 1, 2550, 3105, 14756
2026/08/25 18:52:53.421, 449.78, 450.00, 100, 1, 2550, 3105, 14756
2026/08/25 18:52:53.525, 449.78, 450.00, 100, 1, 2550, 3105, 14756
2026/08/25 18:52:53.629, 449.78, 450.00, 100, 1, 2550, 3105, 14756
2026/08/25 18:52:53.749, 453.43, 450.00, 100, 49, 2595, 3105, 14756
2026/08/25 18:52:53.888, 453.43, 450.00, 100, 49, 2595, 3105, 14756
2026/08/25 18:52:53.990, 453.43, 450.00, 100, 49, 2595, 3105, 14756
2026/08/25 18:52:54.093, 453.43, 450.00, 100, 49, 2595, 3105, 14756
2026/08/25 18:52:54.196, 453.43, 450.00, 100, 49, 2595, 3105, 14756
2026/08/25 18:52:54.298, 451.73, 450.00, 100, 1, 2595, 3105, 14756
2026/08/25 18:52:54.400, 451.73, 450.00, 100, 1, 2595, 3105, 14756
2026/08/25 18:52:54.504, 451.73, 450.00, 100, 1, 2595, 3105, 14756
2026/08/25 18:52:54.646, 451.73, 450.00, 100, 1, 2595, 3105, 14756
2026/08/25 18:52:54.785, 449.56, 450.00, 100, 1, 2400, 3105, 14756
2026/08/25 18:52:54.887, 449.56, 450.00, 100, 1, 2400, 3105, 14756
2026/08/25 18:52:54.989, 449.56, 450.00, 100, 1, 2400, 3105, 14756
2026/08/25 18:52:55.092, 449.56, 450.00, 100, 1, 2400, 3105, 14756
2026/08/25 18:52:55.199, 449.56, 450.00, 100, 1, 2400, 3105, 14756
2026/08/25 18:52:55.301, 448.65, 450.00, 100, 1, 2400, 3105, 14756
2026/08/25 18:52:55.405, 448.65, 450.00, 100, 1, 2400, 3105, 14756
2026/08/25 18:52:55.509, 448.65, 450.00, 100, 1, 2400, 3105, 14756
2026/08/25 18:52:55.629, 448.65, 450.00, 100, 1, 2400, 3105, 14756
2026/08/25 18:52:55.766, 452.53, 450.00, 100, 1, 2385, 3105, 14756
2026/08/25 18:52:55.868, 452.53, 450.00, 100, 1, 2385, 3105, 14756
2026/08/25 18:52:55.970, 452.53, 450.00, 100, 1, 2385, 3105, 14756
2026/08/25 18:52:56.073, 452.53, 450.00, 100, 1, 2385, 3105, 14756
2026/08/25 18:52:56.175, 452.53, 450.00, 100, 1, 2385, 3105, 14756
2026/08/25 18:52:56.277, 447.82, 450.00, 100, 1, 2385, 3105, 14756
2026/08/25 18:52:56.381, 447.82, 450.00, 100, 1, 2385, 3105, 14756
2026/08/25 18:52:56.486, 447.82, 450.00, 100, 1, 2385, 3105, 14756
2026/08/25 18:52:56.588, 447.82, 450.00, 100, 1, 2385, 3105, 14756
2026/08/25 18:52:56.691, 447.82, 450.00, 100, 1, 2385, 3105, 14756
2026/08/25 18:52:56.799, 447.54, 450.00, 100, 1, 2430, 3105, 14756
2026/08/25 18:52:56.901, 447.54, 450.00, 100, 1, 2430, 3105, 14756
2026/08/25 18:52:57.003, 447.54, 450.00, 100, 1, 2430, 3105, 14756
2026/08/25 18:52:57.105, 447.54, 450.00, 100, 1, 2430, 3105, 14756
2026/08/25 18:52:57.207, 447.54, 450.00, 100, 1, 2430, 3105, 14756
2026/08/25 18:52:57.312, 447.01, 450.00, 100, 40, 2430, 3105, 14756
2026/08/25 18:52:57.446, 447.01, 450.00, 100, 40, 2430, 3105, 14756
2026/08/25 18:52:57.583, 447.01, 450.00, 100, 40, 2430, 3105, 14756
2026/08/25 18:52:57.686, 447.01, 450.00, 100, 40, 2430, 3105, 14756
2026/08/25 18:52:57.808, 446.44, 450.00, 100, 1, 2430, 3105, 14756
2026/08/25 18:52:57.911, 446.44, 450.00, 100, 1, 2430, 3105, 14756
2026/08/25 18:52:58.014, 446.44, 450.00, 100, 1, 2430, 3105, 14756
2026/08/25 18:52:58.117, 446.44, 450.00, 100, 1, 2430, 3105, 14756
2026/08/25 18:52:58.221, 447.74, 450.00, 100, 100, 2430, 3105, 14756
2026/08/25 18:52:58.324, 447.74, 450.00, 100, 100, 2430, 3105, 14756
2026/08/25 18:52:58.434, 447.74, 450.00, 100, 100, 2430, 3105, 14756
2026/08/25 18:52:58.565, 447.74, 450.00, 100, 100, 2430, 3105, 14756
2026/08/25 18:52:58.704, 447.74, 450.00, 100, 100, 2430, 3105, 14756
2026/08/25 18:52:58.806, 448.45, 450.00, 100, 1, 2430, 3105, 14756
2026/08/25 18:52:58.908, 448.45, 450.00, 100, 1, 2430, 3105, 14756
2026/08/25 18:52:59.011, 448.45, 450.00, 100, 1, 2430, 3105, 14756
2026/08/25 18:52:59.114, 448.45, 450.00, 100, 1, 2430, 3105, 14756
2026/08/25 18:52:59.218, 448.58, 450.00, 100, 97, 2430, 3105, 14756
2026/08/25 18:52:59.349, 448.58, 450.00, 100, 97, 2430, 3105, 14756
2026/08/25 18:52:59.486, 448.58, 450.00, 100, 97, 2430, 3105, 14756
2026/08/25 18:52:59.588, 448.58, 450.00, 100, 97, 2430, 3105, 14756
2026/08/25 18:52:59.692, 448.58, 450.00, 100, 97, 2430, 3105, 14756
2026/08/25 18:52:59.795, 447.67, 450.00, 100, 1, 2460, 3105, 14756
2026/08/25 18:52:59.897, 447.67, 450.00, 100, 1, 2460, 3105, 14756
2026/08/25 18:52:59.999, 447.67, 450.00, 100, 1, 2460, 3105, 14756
2026/08/25 18:53:00.103, 447.67, 450.00, 100, 1, 2460, 3105, 14756
2026/08/25 18:53:00.206, 447.67, 450.00, 100, 1, 2460, 3105, 14756
2026/08/25 18:53:00.328, 444.71, 450.00, 100, 100, 2460, 3105, 14756
2026/08/25 18:53:00.466, 444.71, 450.00, 100, 100, 2460, 3105, 14756
2026/08/25 18:53:00.607, 444.71, 450.00, 100, 100, 2460, 3105, 14756
2026/08/25 18:53:00.710, 444.71, 450.00, 100, 100, 2460, 3105, 14756
2026/08/25 18:53:00.813, 450.58, 450.00, 100, 1, 2445, 3105, 14756
2026/08/25 18:53:00.916, 450.58, 450.00, 100, 1, 2445, 3105, 14756
2026/08/25 18:53:01.018, 450.58, 450.00, 100, 1, 2445, 3105, 14756
2026/08/25 18:53:01.122, 450.58, 450.00, 100, 1, 2445, 3105, 14756
2026/08/25 18:53:01.236, 443.67, 450.00, 100, 86, 2445, 3105, 14756
2026/08/25 18:53:01.363, 443.67, 450.00, 100, 86, 2445, 3105, 14756
2026/08/25 18:53:01.503, 443.67, 450.00, 100, 86, 2445, 3105, 14756
2026/08/25 18:53:01.605, 443.67, 450.00, 100, 86, 2445, 3105, 14756
2026/08/25 18:53:01.707, 443.67, 450.00, 100, 86, 2445, 3105, 14756
2026/08/25 18:53:01.810, 447.95, 450.00, 100, 1, 2460, 3105, 14756
2026/08/25 18:53:01.913, 447.95, 450.00, 100, 1, 2460, 3105, 14756
2026/08/25 18:53:02.017, 447.95, 450.00, 100, 1, 2460, 3105, 14756
2026/08/25 18:53:02.122, 447.95, 450.00, 100, 1, 2460, 3105, 14756
2026/08/25 18:53:02.224, 447.95, 450.00, 100, 1, 2460, 3105, 14756
2026/08/25 18:53:02.326, 451.73, 450.00, 100, 15, 2460, 3105, 14756
2026/08/25 18:53:02.429, 451.73, 450.00, 100, 15, 2460, 3105, 14756
2026/08/25 18:53:02.532, 451.73, 450.00, 100, 15, 2460, 3105, 14756
2026/08/25 18:53:02.634, 451.73, 450.00, 100, 15, 2460, 3105, 14756
2026/08/25 18:53:02.736, 449.36, 450.00, 100, 1, 2460, 3105, 14756
2026/08/25 18:53:02.839, 449.36, 450.00, 100, 1, 2460, 3105, 14756
2026/08/25 18:53:02.942, 449.36, 450.00, 100, 1, 2460, 3105, 14756
2026/08/25 18:53:03.045, 449.36, 450.00, 100, 1, 2460, 3105, 14756
2026/08/25 18:53:03.147, 449.36, 450.00, 100, 1, 2460, 3105, 14756
2026/08/25 18:53:03.266, 448.86, 450.00, 100, 1, 2460, 3105, 14756
2026/08/25 18:53:03.369, 448.86, 450.00, 100, 1, 2460, 3105, 14756
2026/08/25 18:53:03.472, 448.86, 450.00, 100, 1, 2460, 3105, 14756
2026/08/25 18:53:03.575, 448.86, 450.00, 100, 1, 2460, 3105, 14756
2026/08/25 18:53:03.677, 448.86, 450.00, 100, 1, 2460, 3105, 14756
2026/08/25 18:53:03.779, 450.43, 450.00, 100, 1, 2430, 3105, 14756
2026/08/25 18:53:03.884, 450.43, 450.00, 100, 1, 2430, 3105, 14756
2026/08/25 18:53:04.025, 450.43, 450.00, 100, 1, 2430, 3105, 14756
2026/08/25 18:53:04.127, 450.43, 450.00, 100, 1, 2430, 3105, 14756
2026/08/25 18:53:04.245, 446.61, 450.00, 100, 1, 2430, 3105, 14756
2026/08/25 18:53:04.348, 446.61, 450.00, 100, 1, 2430, 3105, 14756
2026/08/25 18:53:04.451, 446.61, 450.00, 100, 1, 2430, 3105, 14756
2026/08/25 18:53:04.554, 446.61, 450.00, 100, 1, 2430, 3105, 14756
2026/08/25 18:53:04.656, 446.61, 450.00, 100, 1, 2430, 3105, 14756
2026/08/25 18:53:04.758, 446.05, 450.00, 100, 19, 2550, 3105, 14756
2026/08/25 18:53:04.862, 446.05, 450.00, 100, 19, 2550, 3105, 14756
2026/08/25 18:53:05.004, 446.05, 450.00, 100, 19, 2550, 3105, 14756
2026/08/25 18:53:05.142, 446.05, 450.00, 100, 19, 2550, 3105, 14756
2026/08/25 18:53:05.244, 450.57, 450.00, 100, 1, 2550, 3105, 14756
2026/08/25 18:53:05.346, 450.57, 450.00, 100, 1, 2550, 3105, 14756
2026/08/25 18:53:05.449, 450.57, 450.00, 100, 1, 2550, 3105, 14756
2026/08/25 18:53:05.552, 450.57, 450.00, 100, 1, 2550, 3105, 14756
2026/08/25 18:53:05.654, 450.57, 450.00, 100, 1, 2550, 3105, 14756
2026/08/25 18:53:05.758, 448.39, 450.00, 100, 88, 2385, 3105, 14756
2026/08/25 18:53:05.862, 448.39, 450.00, 100, 88, 2385, 3105, 14756
2026/08/25 18:53:05.981, 448.39, 450.00, 100, 88, 2385, 3105, 14756
2026/08/25 18:53:06.124, 448.39, 450.00, 100, 88, 2385, 3105, 14756
2026/08/25 18:53:06.226, 448.39, 450.00, 100, 88, 2385, 3105, 14756
2026/08/25 18:53:06.329, 448.91, 450.00, 100, 1, 2385, 3105, 14756
2026/08/25 18:53:06.432, 448.91, 450.00, 100, 1, 2385, 3105, 14756
2026/08/25 18:53:06.535, 448.91, 450.00, 100, 1, 2385, 3105, 14756
2026/08/25 18:53:06.637, 448.91, 450.00, 100, 1, 2385, 3105, 14756
2026/08/25 18:53:06.741, 449.08, 450.00, 100, 100, 2475, 3105, 14756
2026/08/25 18:53:06.846, 449.08, 450.00, 100, 100, 2475, 3105, 14756
2026/08/25 18:53:06.963, 449.08, 450.00, 100, 100, 2475, 3105, 14756
2026/08/25 18:53:07.065, 449.08, 450.00, 100, 100, 2475, 3105, 14756
2026/08/25 18:53:07.168, 449.08, 450.00, 100, 100, 2475, 3105, 14756
2026/08/25 18:53:07.272, 452.20, 450.00, 100, 1, 2475, 3105, 14756
2026/08/25 18:53:07.375, 452.20, 450.00, 100, 1, 2475, 3105, 14756
2026/08/25 18:53:07.477, 452.20, 450.00, 100, 1, 2475, 3105, 14756
2026/08/25 18:53:07.579, 452.20, 450.00, 100, 1, 2475, 3105, 14756
2026/08/25 18:53:07.683, 452.20, 450.00, 100, 1, 2475, 3105, 14756
2026/08/25 18:53:07.805, 447.69, 450.00, 100, 98, 2505, 3105, 14756
2026/08/25 18:53:07.940, 447.69, 450.00, 100, 98, 2505, 3105, 14756
2026/08/25 18:53:08.042, 447.69, 450.00, 100, 98, 2505, 3105, 14756
2026/08/25 18:53:08.144, 447.69, 450.00, 100, 98, 2505, 3105, 14756
2026/08/25 18:53:08.247, 449.30, 450.00, 100, 1, 2505, 3105, 14756
2026/08/25 18:53:08.361, 449.30, 450.00, 100, 1, 2505, 3105, 14756
2026/08/25 18:53:08.463, 449.30, 450.00, 100, 1, 2505, 3105, 14756
2026/08/25 18:53:08.567, 449.30, 450.00, 100, 1, 2505, 3105, 14756
2026/08/25 18:53:08.721, 449.30, 450.00, 100, 1, 2505, 3105, 14756
2026/08/25 18:53:08.863, 431.27, 450.00, 65, 75, 2640, 3105, 14756
2026/08/25 18:53:08.966, 431.27, 450.00, 65, 75, 2640, 3105, 14756
2026/08/25 18:53:09.068, 431.27, 450.00, 65, 75, 2640, 3105, 14756
2026/08/25 18:53:09.171, 431.27, 450.00, 65, 75, 2640, 3105, 14756
2026/08/25 18:53:09.273, 448.36, 450.00, 100, 1, 2640, 3105, 14756
2026/08/25 18:53:09.375, 448.36, 450.00, 100, 1, 2640, 3105, 14756
2026/08/25 18:53:09.478, 448.36, 450.00, 100, 1, 2640, 3105, 14756
2026/08/25 18:53:09.581, 448.36, 450.00, 100, 1, 2640, 3105, 14756
2026/08/25 18:53:09.706, 448.36, 450.00, 100, 1, 2640, 3105, 14756
2026/08/25 18:53:09.839, 444.76, 450.00, 100, 76, 2385, 3105, 14756
2026/08/25 18:53:09.941, 444.76, 450.00, 100, 76, 2385, 3105, 14756
2026/08/25 18:53:10.043, 444.76, 450.00, 100, 76, 2385, 3105, 14756
2026/08/25 18:53:10.146, 444.76, 450.00, 100, 76, 2385, 3105, 14756
2026/08/25 18:53:10.248, 444.76, 450.00, 100, 76, 2385, 3105, 14756
2026/08/25 18:53:10.351, 449.31, 450.00, 100, 1, 2385, 3105, 14756
2026/08/25 18:53:10.455, 449.31, 450.00, 100, 1, 2385, 3105, 14756
2026/08/25 18:53:10.558, 449.31, 450.00, 100, 1, 2385, 3105, 14756
2026/08/25 18:53:10.685, 449.31, 450.00, 100, 1, 2385, 3105, 14756
2026/08/25 18:53:10.823, 447.72, 450.00, 100, 5, 2430, 3105, 14756
2026/08/25 18:53:10.925, 447.72, 450.00, 100, 5, 2430, 3105, 14756
2026/08/25 18:53:11.028, 447.72, 450.00, 100, 5, 2430, 3105, 14756
2026/08/25 18:53:11.131, 447.72, 450.00, 100, 5, 2430, 3105, 14756
2026/08/25 18:53:11.233, 447.72, 450.00, 100, 5, 2430, 3105, 14756
2026/08/25 18:53:11.335, 450.67, 450.00, 100, 1, 2430, 3105, 14756
2026/08/25 18:53:11.438, 450.67, 450.00, 100, 1, 2430, 3105, 14756
2026/08/25 18:53:11.581, 450.67, 450.00, 100, 1, 2430, 3105, 14756
2026/08/25 18:53:11.721, 450.67, 450.00, 100, 1, 2430, 3105, 14756
2026/08/25 18:53:11.823, 445.61, 450.00, 100, 1, 2430, 3105, 14756
2026/08/25 18:53:11.925, 445.61, 450.00, 100, 1, 2430, 3105, 14756
2026/08/25 18:53:12.028, 445.61, 450.00, 100, 1, 2430, 3105, 14756
2026/08/25 18:53:12.133, 445.61, 450.00, 100, 1, 2430, 3105, 14756
2026/08/25 18:53:12.235, 445.61, 450.00, 100, 1, 2430, 3105, 14756
2026/08/25 18:53:12.338, 448.04, 450.00, 100, 1, 2430, 3105, 14756
2026/08/25 18:53:12.441, 448.04, 450.00, 100, 1, 2430, 3105, 14756
2026/08/25 18:53:12.545, 448.04, 450.00, 100, 1, 2430, 3105, 14756
2026/08/25 18:53:12.648, 448.04, 450.00, 100, 1, 2430, 3105, 14756
2026/08/25 18:53:12.750, 448.04, 450.00, 100, 1, 2430, 3105, 14756
2026/08/25 18:53:12.852, 450.53, 450.00, 100, 1, 2430, 3105, 14756
2026/08/25 18:53:12.955, 450.53, 450.00, 100, 1, 2430, 3105, 14756
2026/08/25 18:53:13.057, 450.53, 450.00, 100, 1, 2430, 3105, 14756
2026/08/25 18:53:13.159, 450.53, 450.00, 100, 1, 2430, 3105, 14756
2026/08/25 18:53:13.261, 450.53, 450.00, 100, 1, 2430, 3105, 14756
2026/08/25 18:53:13.364, 447.55, 450.00, 100, 24, 2430, 3105, 14756
2026/08/25 18:53:13.485, 447.55, 450.00, 100, 24, 2430, 3105, 14756
2026/08/25 18:53:13.622, 447.55, 450.00, 100, 24, 2430, 3105, 14756
2026/08/25 18:53:13.759, 447.55, 450.00, 100, 24, 2430, 3105, 14756
2026/08/25 18:53:13.861, 447.98, 450.00, 100, 1, 2460, 3105, 14756
2026/08/25 18:53:13.963, 447.98, 450.00, 100, 1, 2460, 3105, 14756
2026/08/25 18:53:14.066, 447.98, 450.00, 100, 1, 2460, 3105, 14756
2026/08/25 18:53:14.169, 447.98, 450.00, 100, 1, 2460, 3105, 14756
2026/08/25 18:53:14.274, 449.23, 450.00, 100, 97, 2460, 3105, 14756
2026/08/25 18:53:14.378, 449.23, 450.00, 100, 97, 2460, 3105, 14756
2026/08/25 18:53:14.520, 449.23, 450.00, 100, 97, 2460, 3105, 14756
2026/08/25 18:53:14.622, 449.23, 450.00, 100, 97, 2460, 3105, 14756
2026/08/25 18:53:14.724, 449.23, 450.00, 100, 97, 2460, 3105, 14756
2026/08/25 18:53:14.827, 451.74, 450.00, 100, 1, 2460, 3105, 14756
2026/08/25 18:53:14.930, 451.74, 450.00, 100, 1, 2460, 3105, 14756
2026/08/25 18:53:15.032, 451.74, 450.00, 100, 1, 2460, 3105, 14756
2026/08/25 18:53:15.135, 451.74, 450.00, 100, 1, 2460, 3105, 14756
2026/08/25 18:53:15.238, 451.74, 450.00, 100, 1, 2460, 3105, 14756
2026/08/25 18:53:15.360, 450.48, 450.00, 100, 98, 2460, 3105, 14756
2026/08/25 18:53:15.462, 450.48, 450.00, 100, 98, 2460, 3105, 14756
2026/08/25 18:53:15.565, 450.48, 450.00, 100, 98, 2460, 3105, 14756
2026/08/25 18:53:15.669, 450.48, 450.00, 100, 98, 2460, 3105, 14756
2026/08/25 18:53:15.772, 449.26, 450.00, 100, 1, 2445, 3105, 14756
2026/08/25 18:53:15.874, 449.26, 450.00, 100, 1, 2445, 3105, 14756
2026/08/25 18:53:15.976, 449.26, 450.00, 100, 1, 2445, 3105, 14756
2026/08/25 18:53:16.080, 449.26, 450.00, 100, 1, 2445, 3105, 14756
2026/08/25 18:53:16.183, 449.26, 450.00, 100, 1, 2445, 3105, 14756
2026/08/25 18:53:16.288, 445.76, 450.00, 100, 100, 2445, 3105, 14756
2026/08/25 18:53:16.392, 445.76, 450.00, 100, 100, 2445, 3105, 14756
2026/08/25 18:53:16.494, 445.76, 450.00, 100, 100, 2445, 3105, 14756
2026/08/25 18:53:16.620, 445.76, 450.00, 100, 100, 2445, 3105, 14756
2026/08/25 18:53:16.722, 445.76, 450.00, 100, 100, 2445, 3105, 14756
2026/08/25 18:53:16.824, 448.33, 450.00, 100, 1, 2460, 3105, 14756
2026/08/25 18:53:16.927, 448.33, 450.00, 100, 1, 2460, 3105, 14756
2026/08/25 18:53:17.030, 448.33, 450.00, 100, 1, 2460, 3105, 14756
2026/08/25 18:53:17.133, 448.33, 450.00, 100, 1, 2460, 3105, 14756
2026/08/25 18:53:17.262, 448.33, 450.00, 100, 1, 2460, 3105, 14756
2026/08/25 18:53:17.365, 443.01, 450.00, 100, 85, 2460, 3105, 14756
2026/08/25 18:53:17.468, 443.01, 450.00, 100, 85, 2460, 3105, 14756
2026/08/25 18:53:17.571, 443.01, 450.00, 100, 85, 2460, 3105, 14756
2026/08/25 18:53:17.673, 443.01, 450.00, 100, 85, 2460, 3105, 14756
2026/08/25 18:53:17.775, 450.47, 450.00, 100, 1, 2445, 3105, 14756
2026/08/25 18:53:17.877, 450.47, 450.00, 100, 1, 2445, 3105, 14756
2026/08/25 18:53:17.982, 450.47, 450.00, 100, 1, 2445, 3105, 14756
2026/08/25 18:53:18.085, 450.47, 450.00, 100, 1, 2445, 3105, 14756
2026/08/25 18:53:18.238, 450.47, 450.00, 100, 1, 2445, 3105, 14756
2026/08/25 18:53:18.340, 446.67, 450.00, 100, 16, 2445, 3105, 14756
2026/08/25 18:53:18.443, 446.67, 450.00, 100, 16, 2445, 3105, 14756
2026/08/25 18:53:18.546, 446.67, 450.00, 100, 16, 2445, 3105, 14756
2026/08/25 18:53:18.648, 446.67, 450.00, 100, 16, 2445, 3105, 14756
2026/08/25 18:53:18.751, 446.67, 450.00, 100, 16, 2445, 3105, 14756
2026/08/25 18:53:18.853, 447.90, 450.00, 100, 1, 2460, 3105, 14756
2026/08/25 18:53:18.957, 447.90, 450.00, 100, 1, 2460, 3105, 14756
2026/08/25 18:53:19.062, 447.90, 450.00, 100, 1, 2460, 3105, 14756
2026/08/25 18:53:19.165, 447.90, 450.00, 100, 1, 2460, 3105, 14756
2026/08/25 18:53:19.268, 447.69, 450.00, 100, 1, 2460, 3105, 14756
2026/08/25 18:53:19.371, 447.69, 450.00, 100, 1, 2460, 3105, 14756
2026/08/25 18:53:19.473, 447.69, 450.00, 100, 1, 2460, 3105, 14756
2026/08/25 18:53:19.575, 447.69, 450.00, 100, 1, 2460, 3105, 14756
2026/08/25 18:53:19.677, 447.69, 450.00, 100, 1, 2460, 3105, 14756
2026/08/25 18:53:19.779, 449.27, 450.00, 100, 1, 2520, 3105, 14756
2026/08/25 18:53:19.883, 449.27, 450.00, 100, 1, 2520, 3105, 14756
2026/08/25 18:53:19.989, 449.27, 450.00, 100, 1, 2520, 3105, 14756
2026/08/25 18:53:20.118, 449.27, 450.00, 100, 1, 2520, 3105, 14756
2026/08/25 18:53:20.258, 449.27, 450.00, 100, 1, 2520, 3105, 14756
2026/08/25 18:53:20.361, 449.10, 450.00, 100, 1, 2520, 3105, 14756
2026/08/25 18:53:20.463, 449.10, 450.00, 100, 1, 2520, 3105, 14756
2026/08/25 18:53:20.566, 449.10, 450.00, 100, 1, 2520, 3105, 14756
2026/08/25 18:53:20.671, 449.10, 450.00, 100, 1, 2520, 3105, 14756
2026/08/25 18:53:20.773, 448.58, 450.00, 100, 17, 2385, 3105, 14756
2026/08/25 18:53:20.876, 448.58, 450.00, 100, 17, 2385, 3105, 14756
2026/08/25 18:53:20.981, 448.58, 450.00, 100, 17, 2385, 3105, 14756
2026/08/25 18:53:21.084, 448.58, 450.00, 100, 17, 2385, 3105, 14756
2026/08/25 18:53:21.191, 448.58, 450.00, 100, 17, 2385, 3105, 14756
2026/08/25 18:53:21.293, 444.24, 450.00, 100, 1, 2385, 3105, 14756
2026/08/25 18:53:21.395, 444.24, 450.00, 100, 1, 2385, 3105, 14756
2026/08/25 18:53:21.498, 444.24, 450.00, 100, 1, 2385, 3105, 14756
2026/08/25 18:53:21.600, 444.24, 450.00, 100, 1, 2385, 3105, 14756
2026/08/25 18:53:21.702, 444.24, 450.00, 100, 1, 2385, 3105, 14756
2026/08/25 18:53:21.806, 446.44, 450.00, 100, 89, 2280, 3105, 14756
2026/08/25 18:53:21.938, 446.44, 450.00, 100, 89, 2280, 3105, 14756
2026/08/25 18:53:22.077, 446.44, 450.00, 100, 89, 2280, 3105, 14756
2026/08/25 18:53:22.179, 446.44, 450.00, 100, 89, 2280, 3105, 14756
2026/08/25 18:53:22.281, 448.95, 450.00, 100, 1, 2280, 3105, 14756
2026/08/25 18:53:22.384, 448.95, 450.00, 100, 1, 2280, 3105, 14756
2026/08/25 18:53:22.487, 448.95, 450.00, 100, 1, 2280, 3105, 14756
2026/08/25 18:53:22.590, 448.95, 450.00, 100, 1, 2280, 3105, 14756
2026/08/25 18:53:22.694, 448.95, 450.00, 100, 1, 2280, 3105, 14756
2026/08/25 18:53:22.799, 449.30, 450.00, 100, 100, 2280, 3105, 14756
2026/08/25 18:53:22.918, 449.30, 450.00, 100, 100, 2280, 3105, 14756
2026/08/25 18:53:23.057, 449.30, 450.00, 100, 100, 2280, 3105, 14756
2026/08/25 18:53:23.159, 449.30, 450.00, 100, 100, 2280, 3105, 14756
2026/08/25 18:53:23.261, 449.30, 450.00, 100, 100, 2280, 3105, 14756
2026/08/25 18:53:23.364, 448.08, 450.00, 100, 1, 2280, 3105, 14756
2026/08/25 18:53:23.467, 448.08, 450.00, 100, 1, 2280, 3105, 14756
2026/08/25 18:53:23.570, 448.08, 450.00, 100, 1, 2280, 3105, 14756
2026/08/25 18:53:23.674, 448.08, 450.00, 100, 1, 2280, 3105, 14756
2026/08/25 18:53:23.778, 446.04, 450.00, 100, 99, 2580, 3105, 14756
2026/08/25 18:53:23.880, 446.04, 450.00, 100, 99, 2580, 3105, 14756
2026/08/25 18:53:23.984, 446.04, 450.00, 100, 99, 2580, 3105, 14756
2026/08/25 18:53:24.118, 446.04, 450.00, 100, 99, 2580, 3105, 14756
2026/08/25 18:53:24.220, 446.04, 450.00, 100, 99, 2580, 3105, 14756
2026/08/25 18:53:24.323, 448.41, 450.00, 100, 1, 2580, 3105, 14756
2026/08/25 18:53:24.426, 448.41, 450.00, 100, 1, 2580, 3105, 14756
2026/08/25 18:53:24.530, 448.41, 450.00, 100, 1, 2580, 3105, 14756
2026/08/25 18:53:24.633, 448.41, 450.00, 100, 1, 2580, 3105, 14756
2026/08/25 18:53:24.740, 448.41, 450.00, 100, 1, 2580, 3105, 14756
2026/08/25 18:53:24.875, 441.47, 450.00, 100, 92, 2430, 3105, 14756
2026/08/25 18:53:25.017, 441.47, 450.00, 100, 92, 2430, 3105, 14756
2026/08/25 18:53:25.119, 441.47, 450.00, 100, 92, 2430, 3105, 14756
2026/08/25 18:53:25.222, 441.47, 450.00, 100, 92, 2430, 3105, 14756
2026/08/25 18:53:25.326, 449.69, 450.00, 100, 1, 2430, 3105, 14756
2026/08/25 18:53:25.429, 449.69, 450.00, 100, 1, 2430, 3105, 14756
2026/08/25 18:53:25.533, 449.69, 450.00, 100, 1, 2430, 3105, 14756
2026/08/25 18:53:25.661, 449.69, 450.00, 100, 1, 2430, 3105, 14756
2026/08/25 18:53:25.800, 445.95, 450.00, 100, 17, 2460, 3105, 14756
2026/08/25 18:53:25.903, 445.95, 450.00, 100, 17, 2460, 3105, 14756
2026/08/25 18:53:26.006, 445.95, 450.00, 100, 17, 2460, 3105, 14756
2026/08/25 18:53:26.108, 445.95, 450.00, 100, 17, 2460, 3105, 14756
2026/08/25 18:53:26.211, 445.95, 450.00, 100, 17, 2460, 3105, 14756
2026/08/25 18:53:26.313, 448.43, 450.00, 100, 1, 2460, 3105, 14756
2026/08/25 18:53:26.417, 448.43, 450.00, 100, 1, 2460, 3105, 14756
2026/08/25 18:53:26.520, 448.43, 450.00, 100, 1, 2460, 3105, 14756
2026/08/25 18:53:26.633, 448.43, 450.00, 100, 1, 2460, 3105, 14756
2026/08/25 18:53:26.779, 445.54, 450.00, 100, 1, 2490, 3105, 14756
2026/08/25 18:53:26.881, 445.54, 450.00, 100, 1, 2490, 3105, 14756
2026/08/25 18:53:26.984, 445.54, 450.00, 100, 1, 2490, 3105, 14756
2026/08/25 18:53:27.088, 445.54, 450.00, 100, 1, 2490, 3105, 14756
2026/08/25 18:53:27.190, 445.54, 450.00, 100, 1, 2490, 3105, 14756
2026/08/25 18:53:27.292, 448.02, 450.00, 100, 1, 2490, 3105, 14756
2026/08/25 18:53:27.396, 448.02, 450.00, 100, 1, 2490, 3105, 14756
2026/08/25 18:53:27.536, 448.02, 450.00, 100, 1, 2490, 3105, 14788
2026/08/25 18:53:27.674, 448.02, 450.00, 100, 1, 2490, 3105, 14788
2026/08/25 18:53:27.777, 444.28, 450.00, 100, 1, 2445, 3105, 14788
2026/08/25 18:53:27.879, 444.28, 450.00, 100, 1, 2445, 3105, 14788
2026/08/25 18:53:27.982, 444.28, 450.00, 100, 1, 2445, 3105, 14788
2026/08/25 18:53:28.085, 444.28, 450.00, 100, 1, 2445, 3105, 14788
2026/08/25 18:53:28.187, 444.28, 450.00, 100, 1, 2445, 3105, 14788
2026/08/25 18:53:28.289, 447.37, 450.00, 100, 1, 2445, 3105, 14788
2026/08/25 18:53:28.393, 447.37, 450.00, 100, 1, 2445, 3105, 14788
2026/08/25 18:53:28.518, 447.37, 450.00, 100, 1, 2445, 3105, 14788
2026/08/25 18:53:28.656, 447.37, 450.00, 100, 1, 2445, 3105, 14788
2026/08/25 18:53:28.758, 447.37, 450.00, 100, 1, 2445, 3105, 14788
2026/08/25 18:53:28.860, 446.86, 450.00, 100, 1, 2445, 3105, 14788
2026/08/25 18:53:28.963, 446.86, 450.00, 100, 1, 2445, 3105, 14788
2026/08/25 18:53:29.068, 446.86, 450.00, 100, 1, 2445, 3105, 14788
2026/08/25 18:53:29.170, 446.86, 450.00, 100, 1, 2445, 3105, 14788
2026/08/25 18:53:29.273, 446.86, 450.00, 100, 1, 2445, 3105, 14788
2026/08/25 18:53:29.376, 445.05, 450.00, 100, 24, 2445, 3105, 14788
2026/08/25 18:53:29.497, 445.05, 450.00, 100, 24, 2445, 3105, 14788
2026/08/25 18:53:29.599, 445.05, 450.00, 100, 24, 2445, 3105, 14788
2026/08/25 18:53:29.718, 445.05, 450.00, 100, 24, 2445, 3105, 14788
2026/08/25 18:53:29.821, 449.01, 450.00, 100, 1, 2430, 3105, 14788
2026/08/25 18:53:29.923, 449.01, 450.00, 100, 1, 2430, 3105, 14788
2026/08/25 18:53:30.027, 449.01, 450.00, 100, 1, 2430, 3105, 14788
2026/08/25 18:53:30.129, 449.01, 450.00, 100, 1, 2430, 3105, 14788
2026/08/25 18:53:30.233, 449.01, 450.00, 100, 1, 2430, 3105, 14788
2026/08/25 18:53:30.335, 448.71, 450.00, 100, 89, 2430, 3105, 14788
2026/08/25 18:53:30.439, 448.71, 450.00, 100, 89, 2430, 3105, 14788
2026/08/25 18:53:30.557, 448.71, 450.00, 100, 89, 2430, 3105, 14788
2026/08/25 18:53:30.659, 448.71, 450.00, 100, 89, 2430, 3105, 14788
2026/08/25 18:53:30.762, 448.71, 450.00, 100, 89, 2430, 3105, 14788
2026/08/25 18:53:30.865, 448.28, 450.00, 100, 1, 2475, 3105, 14788
2026/08/25 18:53:30.967, 448.28, 450.00, 100, 1, 2475, 3105, 14788
2026/08/25 18:53:31.069, 448.28, 450.00, 100, 1, 2475, 3105, 14788
2026/08/25 18:53:31.173, 448.28, 450.00, 100, 1, 2475, 3105, 14788
2026/08/25 18:53:31.278, 447.46, 450.00, 100, 100, 2475, 3105, 14788
2026/08/25 18:53:31.399, 447.46, 450.00, 100, 100, 2475, 3105, 14788
2026/08/25 18:53:31.536, 447.46, 450.00, 100, 100, 2475, 3105, 14788
2026/08/25 18:53:31.638, 447.46, 450.00, 100, 100, 2475, 3105, 14788
2026/08/25 18:53:31.741, 447.46, 450.00, 100, 100, 2475, 3105, 14788
2026/08/25 18:53:31.844, 450.80, 450.00, 100, 1, 2460, 3105, 14788
2026/08/25 18:53:31.947, 450.80, 450.00, 100, 1, 2460, 3105, 14788
2026/08/25 18:53:32.049, 450.80, 450.00, 100, 1, 2460, 3105, 14788
2026/08/25 18:53:32.154, 450.80, 450.00, 100, 1, 2460, 3105, 14788
2026/08/25 18:53:32.295, 445.45, 450.00, 100, 98, 2460, 3105, 14788
2026/08/25 18:53:32.433, 445.45, 450.00, 100, 98, 2460, 3105, 14788
2026/08/25 18:53:32.535, 445.45, 450.00, 100, 98, 2460, 3105, 14788
2026/08/25 18:53:32.637, 445.45, 450.00, 100, 98, 2460, 3105, 14788
2026/08/25 18:53:32.740, 445.45, 450.00, 100, 98, 2460, 3105, 14788
2026/08/25 18:53:32.843, 449.10, 450.00, 100, 1, 2445, 3105, 14788
2026/08/25 18:53:32.947, 449.10, 450.00, 100, 1, 2445, 3105, 14788
2026/08/25 18:53:33.050, 449.10, 450.00, 100, 1, 2445, 3105, 14788
2026/08/25 18:53:33.153, 449.10, 450.00, 100, 1, 2445, 3105, 14788
2026/08/25 18:53:33.257, 449.10, 450.00, 100, 1, 2445, 3105, 14788
2026/08/25 18:53:33.360, 448.09, 450.00, 100, 100, 2445, 3105, 14788
2026/08/25 18:53:33.463, 448.09, 450.00, 100, 100, 2445, 3105, 14788
2026/08/25 18:53:33.567, 448.09, 450.00, 100, 100, 2445, 3105, 14788
2026/08/25 18:53:33.669, 448.09, 450.00, 100, 100, 2445, 3105, 14788
2026/08/25 18:53:33.771, 448.09, 450.00, 100, 100, 2445, 3105, 14788
2026/08/25 18:53:33.873, 450.05, 450.00, 100, 1, 2460, 3105, 14788
2026/08/25 18:53:33.977, 450.05, 450.00, 100, 1, 2460, 3105, 14788
2026/08/25 18:53:34.081, 450.05, 450.00, 100, 1, 2460, 3105, 14788
2026/08/25 18:53:34.208, 450.05, 450.00, 100, 1, 2460, 3105, 14788
2026/08/25 18:53:34.335, 449.24, 450.00, 100, 32, 2460, 3105, 14788
2026/08/25 18:53:34.437, 449.24, 450.00, 100, 32, 2460, 3105, 14788
2026/08/25 18:53:34.540, 449.24, 450.00, 100, 32, 2460, 3105, 14788
2026/08/25 18:53:34.643, 449.24, 450.00, 100, 32, 2460, 3105, 14788
2026/08/25 18:53:34.746, 449.24, 450.00, 100, 32, 2460, 3105, 14788
2026/08/25 18:53:34.848, 450.08, 450.00, 100, 1, 2400, 3105, 14788
2026/08/25 18:53:34.952, 450.08, 450.00, 100, 1, 2400, 3105, 14788
2026/08/25 18:53:35.095, 450.08, 450.00, 100, 1, 2400, 3105, 14788
2026/08/25 18:53:35.233, 450.08, 450.00, 100, 1, 2400, 3105, 14788
2026/08/25 18:53:35.335, 447.27, 450.00, 100, 1, 2400, 3105, 14788
2026/08/25 18:53:35.437, 447.27, 450.00, 100, 1, 2400, 3105, 14788
2026/08/25 18:53:35.540, 447.27, 450.00, 100, 1, 2400, 3105, 14788
2026/08/25 18:53:35.643, 447.27, 450.00, 100, 1, 2400, 3105, 14788
2026/08/25 18:53:35.746, 447.27, 450.00, 100, 1, 2400, 3105, 14788
2026/08/25 18:53:35.848, 446.09, 450.00, 100, 1, 2535, 3105, 14788
2026/08/25 18:53:35.951, 446.09, 450.00, 100, 1, 2535, 3105, 14788
2026/08/25 18:53:36.074, 446.09, 450.00, 100, 1, 2535, 3105, 14788
2026/08/25 18:53:36.213, 446.09, 450.00, 100, 1, 2535, 3105, 14788
2026/08/25 18:53:36.315, 449.30, 450.00, 100, 1, 2535, 3105, 14788
2026/08/25 18:53:36.417, 449.30, 450.00, 100, 1, 2535, 3105, 14788
2026/08/25 18:53:36.520, 449.30, 450.00, 100, 1, 2535, 3105, 14788
2026/08/25 18:53:36.622, 449.30, 450.00, 100, 1, 2535, 3105, 14788
2026/08/25 18:53:36.725, 449.30, 450.00, 100, 1, 2535, 3105, 14788
2026/08/25 18:53:36.829, 449.38, 450.00, 100, 3, 2385, 3105, 14788
2026/08/25 18:53:36.933, 449.38, 450.00, 100, 3, 2385, 3105, 14788
2026/08/25 18:53:37.035, 449.38, 450.00, 100, 3, 2385, 3105, 14788
2026/08/25 18:53:37.138, 449.38, 450.00, 100, 3, 2385, 3105, 14788
2026/08/25 18:53:37.241, 449.38, 450.00, 100, 3, 2385, 3105, 14788
2026/08/25 18:53:37.343, 448.46, 450.00, 100, 1, 2385, 3105, 14788
2026/08/25 18:53:37.446, 448.46, 450.00, 100, 1, 2385, 3105, 14788
2026/08/25 18:53:37.548, 448.46, 450.00, 100, 1, 2385, 3105, 14788
2026/08/25 18:53:37.650, 448.46, 450.00, 100, 1, 2385, 3105, 14788
2026/08/25 18:53:37.754, 448.46, 450.00, 100, 1, 2385, 3105, 14788
2026/08/25 18:53:37.856, 447.37, 450.00, 100, 60, 2145, 3105, 14788
2026/08/25 18:53:37.978, 447.37, 450.00, 100, 60, 2145, 3105, 14788
2026/08/25 18:53:38.115, 447.37, 450.00, 100, 60, 2145, 3105, 14788
2026/08/25 18:53:38.217, 447.37, 450.00, 100, 60, 2145, 3105, 14788
2026/08/25 18:53:38.320, 450.88, 450.00, 100, 1, 2145, 3105, 14788
2026/08/25 18:53:38.422, 450.88, 450.00, 100, 1, 2145, 3105, 14788
2026/08/25 18:53:38.524, 450.88, 450.00, 100, 1, 2145, 3105, 14788
2026/08/25 18:53:38.626, 450.88, 450.00, 100, 1, 2145, 3105, 14788
2026/08/25 18:53:38.730, 450.88, 450.00, 100, 1, 2145, 3105, 14788
2026/08/25 18:53:38.872, 446.64, 450.00, 100, 100, 2460, 3105, 14788
2026/08/25 18:53:39.013, 446.64, 450.00, 100, 100, 2460, 3105, 14788
2026/08/25 18:53:39.115, 446.64, 450.00, 100, 100, 2460, 3105, 14788
2026/08/25 18:53:39.218, 446.64, 450.00, 100, 100, 2460, 3105, 14788
2026/08/25 18:53:39.322, 449.24, 450.00, 100, 1, 2460, 3105, 14788
2026/08/25 18:53:39.425, 449.24, 450.00, 100, 1, 2460, 3105, 14788
2026/08/25 18:53:39.527, 449.24, 450.00, 100, 1, 2460, 3105, 14788
2026/08/25 18:53:39.631, 449.24, 450.00, 100, 1, 2460, 3105, 14788
2026/08/25 18:53:39.733, 449.24, 450.00, 100, 1, 2460, 3105, 14788
2026/08/25 18:53:39.853, 442.54, 450.00, 100, 98, 2505, 3105, 14788
2026/08/25 18:53:39.955, 442.54, 450.00, 100, 98, 2505, 3105, 14788
2026/08/25 18:53:40.058, 442.54, 450.00, 100, 98, 2505, 3105, 14788
2026/08/25 18:53:40.162, 442.54, 450.00, 100, 98, 2505, 3105, 14788
2026/08/25 18:53:40.264, 442.54, 450.00, 100, 98, 2505, 3105, 14788
2026/08/25 18:53:40.366, 450.18, 450.00, 100, 1, 2505, 3105, 14788
2026/08/25 18:53:40.468, 450.18, 450.00, 100, 1, 2505, 3105, 14788
2026/08/25 18:53:40.572, 450.18, 450.00, 100, 1, 2505, 3105, 14788
2026/08/25 18:53:40.674, 450.18, 450.00, 100, 1, 2505, 3105, 14788
2026/08/25 18:53:40.781, 446.55, 450.00, 100, 100, 2490, 3105, 14788
2026/08/25 18:53:40.913, 446.55, 450.00, 100, 100, 2490, 3105, 14788
2026/08/25 18:53:41.015, 446.55, 450.00, 100, 100, 2490, 3105, 14788
2026/08/25 18:53:41.118, 446.55, 450.00, 100, 100, 2490, 3105, 14788
2026/08/25 18:53:41.221, 446.55, 450.00, 100, 100, 2490, 3105, 14788
2026/08/25 18:53:41.324, 450.66, 450.00, 100, 1, 2490, 3105, 14788
2026/08/25 18:53:41.426, 450.66, 450.00, 100, 1, 2490, 3105, 14788
2026/08/25 18:53:41.530, 450.66, 450.00, 100, 1, 2490, 3105, 14788
2026/08/25 18:53:41.634, 450.66, 450.00, 100, 1, 2490, 3105, 14788
2026/08/25 18:53:41.755, 450.66, 450.00, 100, 1, 2490, 3105, 14788
2026/08/25 18:53:41.893, 454.33, 450.00, 100, 1, 2400, 3105, 14788
2026/08/25 18:53:41.995, 454.33, 450.00, 100, 1, 2400, 3105, 14788
2026/08/25 18:53:42.098, 454.33, 450.00, 100, 1, 2400, 3105, 14788
2026/08/25 18:53:42.201, 454.33, 450.00, 100, 1, 2400, 3105, 14788
2026/08/25 18:53:42.304, 453.67, 450.00, 100, 1, 2400, 3105, 14788
2026/08/25 18:53:42.406, 453.67, 450.00, 100, 1, 2400, 3105, 14788
2026/08/25 18:53:42.515, 453.67, 450.00, 100, 1, 2400, 3105, 14788
2026/08/25 18:53:42.653, 453.67, 450.00, 100, 1, 2400, 3105, 14788
2026/08/25 18:53:42.792, 453.67, 450.00, 100, 1, 2400, 3105, 14788
2026/08/25 18:53:42.894, 455.20, 450.00, 100, 1, 2430, 3105, 14788
2026/08/25 18:53:42.997, 455.20, 450.00, 100, 1, 2430, 3105, 14788
2026/08/25 18:53:43.101, 455.20, 450.00, 100, 1, 2430, 3105, 14788
2026/08/25 18:53:43.204, 455.20, 450.00, 100, 1, 2430, 3105, 14788
2026/08/25 18:53:43.306, 449.08, 450.00, 100, 5, 2430, 3105, 14788
2026/08/25 18:53:43.410, 449.08, 450.00, 100, 5, 2430, 3105, 14788
2026/08/25 18:53:43.513, 449.08, 450.00, 100, 5, 2430, 3105, 14788
2026/08/25 18:53:43.631, 449.08, 450.00, 100, 5, 2430, 3105, 14788
2026/08/25 18:53:43.733, 449.08, 450.00, 100, 5, 2430, 3105, 14788
2026/08/25 18:53:43.836, 451.23, 450.00, 100, 1, 2400, 3105, 14788
2026/08/25 18:53:43.939, 451.23, 450.00, 100, 1, 2400, 3105, 14788
2026/08/25 18:53:44.043, 451.23, 450.00, 100, 1, 2400, 3105, 14788
2026/08/25 18:53:44.145, 451.23, 450.00, 100, 1, 2400, 3105, 14788
2026/08/25 18:53:44.248, 451.23, 450.00, 100, 1, 2400, 3105, 14788
2026/08/25 18:53:44.350, 447.08, 450.00, 100, 51, 2400, 3105, 14788
2026/08/25 18:53:44.453, 447.08, 450.00, 100, 51, 2400, 3105, 14788
2026/08/25 18:53:44.558, 447.08, 450.00, 100, 51, 2400, 3105, 14788
2026/08/25 18:53:44.693, 447.08, 450.00, 100, 51, 2400, 3105, 14788
2026/08/25 18:53:44.795, 445.93, 450.00, 100, 1, 2460, 3105, 14788
2026/08/25 18:53:44.898, 445.93, 450.00, 100, 1, 2460, 3105, 14788
2026/08/25 18:53:45.003, 445.93, 450.00, 100, 1, 2460, 3105, 14788
2026/08/25 18:53:45.105, 445.93, 450.00, 100, 1, 2460, 3105, 14788
2026/08/25 18:53:45.207, 445.93, 450.00, 100, 1, 2460, 3105, 14788
2026/08/25 18:53:45.311, 448.70, 450.00, 100, 100, 2460, 3105, 14788
2026/08/25 18:53:45.414, 448.70, 450.00, 100, 100, 2460, 3105, 14788
2026/08/25 18:53:45.533, 448.70, 450.00, 100, 100, 2460, 3105, 14788
2026/08/25 18:53:45.636, 448.70, 450.00, 100, 100, 2460, 3105, 14788
2026/08/25 18:53:45.739, 448.70, 450.00, 100, 100, 2460, 3105, 14788
2026/08/25 18:53:45.841, 453.09, 450.00, 100, 1, 2445, 3105, 14788
2026/08/25 18:53:45.953, 453.09, 450.00, 100, 1, 2445, 3105, 14788
2026/08/25 18:53:46.056, 453.09, 450.00, 100, 1, 2445, 3105, 14788
2026/08/25 18:53:46.159, 453.09, 450.00, 100, 1, 2445, 3105, 14788
2026/08/25 18:53:46.264, 453.09, 450.00, 100, 1, 2445, 3105, 14788
2026/08/25 18:53:46.375, 449.06, 450.00, 100, 98, 2445, 3105, 14788
2026/08/25 18:53:46.478, 449.06, 450.00, 100, 98, 2445, 3105, 14788
2026/08/25 18:53:46.581, 449.06, 450.00, 100, 98, 2445, 3105, 14788
2026/08/25 18:53:46.683, 449.06, 450.00, 100, 98, 2445, 3105, 14788
2026/08/25 18:53:46.785, 449.06, 450.00, 100, 98, 2445, 3105, 14788
2026/08/25 18:53:46.887, 450.77, 450.00, 100, 1, 2460, 3105, 14788
2026/08/25 18:53:46.989, 450.77, 450.00, 100, 1, 2460, 3105, 14788
2026/08/25 18:53:47.091, 450.77, 450.00, 100, 1, 2460, 3105, 14788
2026/08/25 18:53:47.195, 450.77, 450.00, 100, 1, 2460, 3105, 14788
2026/08/25 18:53:47.351, 444.59, 450.00, 100, 100, 2460, 3105, 14788
2026/08/25 18:53:47.493, 444.59, 450.00, 100, 100, 2460, 3105, 14788
2026/08/25 18:53:47.596, 444.59, 450.00, 100, 100, 2460, 3105, 14788
2026/08/25 18:53:47.699, 444.59, 450.00, 100, 100, 2460, 3105, 14788
2026/08/25 18:53:47.801, 448.51, 450.00, 100, 1, 2460, 3105, 14788
2026/08/25 18:53:47.903, 448.51, 450.00, 100, 1, 2460, 3105, 14788
2026/08/25 18:53:48.005, 448.51, 450.00, 100, 1, 2460, 3105, 14788
2026/08/25 18:53:48.109, 448.51, 450.00, 100, 1, 2460, 3105, 14788
2026/08/25 18:53:48.250, 448.51, 450.00, 100, 1, 2460, 3105, 14788
2026/08/25 18:53:48.353, 442.36, 450.00, 100, 89, 2460, 3105, 14788
2026/08/25 18:53:48.472, 442.36, 450.00, 100, 89, 2460, 3105, 14788
2026/08/25 18:53:48.574, 442.36, 450.00, 100, 89, 2460, 3105, 14788
2026/08/25 18:53:48.677, 442.36, 450.00, 100, 89, 2460, 3105, 14788
2026/08/25 18:53:48.780, 442.36, 450.00, 100, 89, 2460, 3105, 14788
2026/08/25 18:53:48.882, 449.78, 450.00, 100, 1, 2445, 3105, 14788
2026/08/25 18:53:48.984, 449.78, 450.00, 100, 1, 2445, 3105, 14788
2026/08/25 18:53:49.087, 449.78, 450.00, 100, 1, 2445, 3105, 14788
2026/08/25 18:53:49.192, 449.78, 450.00, 100, 1, 2445, 3105, 14788
2026/08/25 18:53:49.312, 446.87, 450.00, 100, 23, 2445, 3105, 14788
2026/08/25 18:53:49.415, 446.87, 450.00, 100, 23, 2445, 3105, 14788
2026/08/25 18:53:49.518, 446.87, 450.00, 100, 23, 2445, 3105, 14788
2026/08/25 18:53:49.621, 446.87, 450.00, 100, 23, 2445, 3105, 14788
2026/08/25 18:53:49.723, 446.87, 450.00, 100, 23, 2445, 3105, 14788
2026/08/25 18:53:49.825, 451.90, 450.00, 100, 1, 2445, 3105, 14788
2026/08/25 18:53:49.927, 451.90, 450.00, 100, 1, 2445, 3105, 14788
2026/08/25 18:53:50.031, 451.90, 450.00, 100, 1, 2445, 3105, 14788
2026/08/25 18:53:50.134, 451.90, 450.00, 100, 1, 2445, 3105, 14788
2026/08/25 18:53:50.239, 451.90, 450.00, 100, 1, 2445, 3105, 14788
2026/08/25 18:53:50.349, 449.48, 450.00, 100, 1, 2445, 3105, 14788
2026/08/25 18:53:50.488, 449.48, 450.00, 100, 1, 2445, 3105, 14788
2026/08/25 18:53:50.590, 449.48, 450.00, 100, 1, 2445, 3105, 14788
2026/08/25 18:53:50.692, 449.48, 450.00, 100, 1, 2445, 3105, 14788
2026/08/25 18:53:50.795, 448.89, 450.00, 100, 1, 2430, 3105, 14788
2026/08/25 18:53:50.898, 448.89, 450.00, 100, 1, 2430, 3105, 14788
2026/08/25 18:53:51.002, 448.89, 450.00, 100, 1, 2430, 3105, 14788
2026/08/25 18:53:51.132, 448.89, 450.00, 100, 1, 2430, 3105, 14788
2026/08/25 18:53:51.269, 448.89, 450.00, 100, 1, 2430, 3105, 14788
2026/08/25 18:53:51.371, 448.41, 450.00, 100, 1, 2430, 3105, 14788
2026/08/25 18:53:51.475, 448.41, 450.00, 100, 1, 2430, 3105, 14788
2026/08/25 18:53:51.577, 448.41, 450.00, 100, 1, 2430, 3105, 14788
2026/08/25 18:53:51.681, 448.41, 450.00, 100, 1, 2430, 3105, 14788
2026/08/25 18:53:51.783, 448.41, 450.00, 100, 1, 2430, 3105, 14788
2026/08/25 18:53:51.885, 448.92, 450.00, 100, 10, 2445, 3105, 14788
2026/08/25 18:53:51.987, 448.92, 450.00, 100, 10, 2445, 3105, 14788
2026/08/25 18:53:52.112, 448.92, 450.00, 100, 10, 2445, 3105, 14788
2026/08/25 18:53:52.250, 448.92, 450.00, 100, 10, 2445, 3105, 14788
2026/08/25 18:53:52.390, 448.95, 450.00, 100, 1, 2445, 3105, 14788
2026/08/25 18:53:52.492, 448.95, 450.00, 100, 1, 2445, 3105, 14788
2026/08/25 18:53:52.595, 448.95, 450.00, 100, 1, 2445, 3105, 14788
2026/08/25 18:53:52.697, 448.95, 450.00, 100, 1, 2445, 3105, 14788
2026/08/25 18:53:52.800, 449.35, 450.00, 100, 79, 2355, 3105, 14788
2026/08/25 18:53:52.904, 449.35, 450.00, 100, 79, 2355, 3105, 14788
2026/08/25 18:53:53.018, 449.35, 450.00, 100, 79, 2355, 3105, 14788
2026/08/25 18:53:53.148, 449.35, 450.00, 100, 79, 2355, 3105, 14788
2026/08/25 18:53:53.287, 449.35, 450.00, 100, 79, 2355, 3105, 14788
2026/08/25 18:53:53.389, 448.18, 450.00, 100, 1, 2355, 3105, 14788
2026/08/25 18:53:53.491, 448.18, 450.00, 100, 1, 2355, 3105, 14788
2026/08/25 18:53:53.594, 448.18, 450.00, 100, 1, 2355, 3105, 14788
2026/08/25 18:53:53.697, 448.18, 450.00, 100, 1, 2355, 3105, 14788
2026/08/25 18:53:53.801, 448.65, 450.00, 100, 100, 2115, 3105, 14788
2026/08/25 18:53:53.906, 448.65, 450.00, 100, 100, 2115, 3105, 14788
2026/08/25 18:53:54.008, 448.65, 450.00, 100, 100, 2115, 3105, 14788
2026/08/25 18:53:54.127, 448.65, 450.00, 100, 100, 2115, 3105, 14788
2026/08/25 18:53:54.229, 448.65, 450.00, 100, 100, 2115, 3105, 14788
2026/08/25 18:53:54.331, 449.52, 450.00, 100, 1, 2115, 3105, 14788
2026/08/25 18:53:54.434, 449.52, 450.00, 100, 1, 2115, 3105, 14788
2026/08/25 18:53:54.537, 449.52, 450.00, 100, 1, 2115, 3105, 14788
2026/08/25 18:53:54.640, 449.52, 450.00, 100, 1, 2115, 3105, 14788
2026/08/25 18:53:54.771, 449.52, 450.00, 100, 1, 2115, 3105, 14788
2026/08/25 18:53:54.905, 446.22, 450.00, 100, 99, 2325, 3105, 14788
2026/08/25 18:53:55.049, 446.22, 450.00, 100, 99, 2325, 3105, 14788
2026/08/25 18:53:55.151, 446.22, 450.00, 100, 99, 2325, 3105, 14788
2026/08/25 18:53:55.254, 446.22, 450.00, 100, 99, 2325, 3105, 14788
2026/08/25 18:53:55.357, 447.53, 450.00, 100, 1, 2325, 3105, 14788
2026/08/25 18:53:55.459, 447.53, 450.00, 100, 1, 2325, 3105, 14788
2026/08/25 18:53:55.561, 447.53, 450.00, 100, 1, 2325, 3105, 14788
2026/08/25 18:53:55.665, 447.53, 450.00, 100, 1, 2325, 3105, 14788
2026/08/25 18:53:55.768, 447.53, 450.00, 100, 1, 2325, 3105, 14788
2026/08/25 18:53:55.891, 443.85, 450.00, 100, 100, 2685, 3105, 14788
2026/08/25 18:53:55.994, 443.85, 450.00, 100, 100, 2685, 3105, 14788
2026/08/25 18:53:56.096, 443.85, 450.00, 100, 100, 2685, 3105, 14788
2026/08/25 18:53:56.199, 443.85, 450.00, 100, 100, 2685, 3105, 14788
2026/08/25 18:53:56.301, 443.85, 450.00, 100, 100, 2685, 3105, 14788
2026/08/25 18:53:56.403, 450.84, 450.00, 100, 1, 2685, 3105, 14788
2026/08/25 18:53:56.505, 450.84, 450.00, 100, 1, 2685, 3105, 14788
2026/08/25 18:53:56.609, 450.84, 450.00, 100, 1, 2685, 3105, 14788
2026/08/25 18:53:56.714, 450.84, 450.00, 100, 1, 2685, 3105, 14788
2026/08/25 18:53:56.817, 445.09, 450.00, 100, 42, 2400, 3105, 14788
2026/08/25 18:53:56.929, 445.09, 450.00, 100, 42, 2400, 3105, 14788
2026/08/25 18:53:57.032, 445.09, 450.00, 100, 42, 2400, 3105, 14788
2026/08/25 18:53:57.135, 445.09, 450.00, 100, 42, 2400, 3105, 14788
2026/08/25 18:53:57.239, 445.09, 450.00, 100, 42, 2400, 3105, 14788
2026/08/25 18:53:57.341, 448.38, 450.00, 100, 1, 2400, 3105, 14788
2026/08/25 18:53:57.443, 448.38, 450.00, 100, 1, 2400, 3105, 14788
2026/08/25 18:53:57.547, 448.38, 450.00, 100, 1, 2400, 3105, 14788
2026/08/25 18:53:57.650, 448.38, 450.00, 100, 1, 2400, 3105, 14788
2026/08/25 18:53:57.752, 448.38, 450.00, 100, 1, 2400, 3105, 14788
2026/08/25 18:53:57.855, 445.14, 450.00, 100, 1, 2460, 3105, 14788
2026/08/25 18:53:57.957, 445.14, 450.00, 100, 1, 2460, 3105, 14788
2026/08/25 18:53:58.060, 445.14, 450.00, 100, 1, 2460, 3105, 14788
2026/08/25 18:53:58.162, 445.14, 450.00, 100, 1, 2460, 3105, 14788
2026/08/25 18:53:58.264, 445.14, 450.00, 100, 1, 2460, 3105, 14788
2026/08/25 18:53:58.366, 450.27, 450.00, 100, 1, 2460, 3105, 14788
2026/08/25 18:53:58.470, 450.27, 450.00, 100, 1, 2460, 3105, 14788
2026/08/25 18:53:58.575, 450.27, 450.00, 100, 1, 2460, 3105, 14788
2026/08/25 18:53:58.690, 450.27, 450.00, 100, 1, 2460, 3105, 14788
2026/08/25 18:53:58.823, 449.82, 450.00, 100, 1, 2460, 3105, 14788
2026/08/25 18:53:58.925, 449.82, 450.00, 100, 1, 2460, 3105, 14788
2026/08/25 18:53:59.027, 449.82, 450.00, 100, 1, 2460, 3105, 14788
2026/08/25 18:53:59.129, 449.82, 450.00, 100, 1, 2460, 3105, 14788
2026/08/25 18:53:59.233, 449.82, 450.00, 100, 1, 2460, 3105, 14788
2026/08/25 18:53:59.336, 448.51, 450.00, 100, 5, 2460, 3105, 14788
2026/08/25 18:53:59.440, 448.51, 450.00, 100, 5, 2460, 3105, 14788
2026/08/25 18:53:59.589, 448.51, 450.00, 100, 5, 2460, 3105, 14788
2026/08/25 18:53:59.724, 448.51, 450.00, 100, 5, 2460, 3105, 14788
2026/08/25 18:53:59.826, 447.96, 450.00, 100, 1, 2445, 3105, 14788
2026/08/25 18:53:59.929, 447.96, 450.00, 100, 1, 2445, 3105, 14788
2026/08/25 18:54:00.031, 447.96, 450.00, 100, 1, 2445, 3105, 14788
2026/08/25 18:54:00.134, 447.96, 450.00, 100, 1, 2445, 3105, 14788
2026/08/25 18:54:00.238, 447.96, 450.00, 100, 1, 2445, 3105, 14788
2026/08/25 18:54:00.342, 447.42, 450.00, 100, 60, 2445, 3105, 14788
2026/08/25 18:54:00.445, 447.42, 450.00, 100, 60, 2445, 3105, 14788
2026/08/25 18:54:00.548, 447.42, 450.00, 100, 60, 2445, 3105, 14788
2026/08/25 18:54:00.651, 447.42, 450.00, 100, 60, 2445, 3105, 14788
2026/08/25 18:54:00.754, 447.42, 450.00, 100, 60, 2445, 3105, 14788
2026/08/25 18:54:00.858, 449.43, 450.00, 100, 1, 2460, 3105, 14788
2026/08/25 18:54:00.960, 449.43, 450.00, 100, 1, 2460, 3105, 14788
2026/08/25 18:54:01.062, 449.43, 450.00, 100, 1, 2460, 3105, 14788
2026/08/25 18:54:01.164, 449.43, 450.00, 100, 1, 2460, 3105, 14788
2026/08/25 18:54:01.268, 449.43, 450.00, 100, 1, 2460, 3105, 14788
2026/08/25 18:54:01.372, 449.50, 450.00, 100, 100, 2460, 3105, 14788
2026/08/25 18:54:01.490, 449.50, 450.00, 100, 100, 2460, 3105, 14788
2026/08/25 18:54:01.624, 449.50, 450.00, 100, 100, 2460, 3105, 14788
2026/08/25 18:54:01.726, 449.50, 450.00, 100, 100, 2460, 3105, 14788
2026/08/25 18:54:01.829, 449.57, 450.00, 100, 1, 2430, 3105, 14788
2026/08/25 18:54:01.932, 449.57, 450.00, 100, 1, 2430, 3105, 14788
2026/08/25 18:54:02.034, 449.57, 450.00, 100, 1, 2430, 3105, 14788
2026/08/25 18:54:02.138, 449.57, 450.00, 100, 1, 2430, 3105, 14788
2026/08/25 18:54:02.241, 449.57, 450.00, 100, 1, 2430, 3105, 14788
2026/08/25 18:54:02.387, 445.02, 450.00, 100, 99, 2430, 3105, 14788
2026/08/25 18:54:02.489, 445.02, 450.00, 100, 99, 2430, 3105, 14788
2026/08/25 18:54:02.609, 445.02, 450.00, 100, 99, 2430, 3105, 14788
2026/08/25 18:54:02.712, 445.02, 450.00, 100, 99, 2430, 3105, 14788
2026/08/25 18:54:02.815, 447.14, 450.00, 100, 1, 2415, 3105, 14788
2026/08/25 18:54:02.917, 447.14, 450.00, 100, 1, 2415, 3105, 14788
2026/08/25 18:54:03.019, 447.14, 450.00, 100, 1, 2415, 3105, 14788
2026/08/25 18:54:03.122, 447.14, 450.00, 100, 1, 2415, 3105, 14788
2026/08/25 18:54:03.226, 447.14, 450.00, 100, 1, 2415, 3105, 14788
2026/08/25 18:54:03.365, 441.66, 450.00, 100, 100, 2415, 3105, 14788
2026/08/25 18:54:03.505, 441.66, 450.00, 100, 100, 2415, 3105, 14788
2026/08/25 18:54:03.608, 441.66, 450.00, 100, 100, 2415, 3105, 14788
2026/08/25 18:54:03.710, 441.66, 450.00, 100, 100, 2415, 3105, 14788
2026/08/25 18:54:03.814, 448.67, 450.00, 100, 1, 2445, 3105, 14788
2026/08/25 18:54:03.917, 448.67, 450.00, 100, 1, 2445, 3105, 14788
2026/08/25 18:54:04.019, 448.67, 450.00, 100, 1, 2445, 3105, 14788
2026/08/25 18:54:04.123, 448.67, 450.00, 100, 1, 2445, 3105, 14788
2026/08/25 18:54:04.228, 448.67, 450.00, 100, 1, 2445, 3105, 14788
2026/08/25 18:54:04.343, 439.98, 450.00, 100, 55, 2445, 3105, 14788
2026/08/25 18:54:04.445, 439.98, 450.00, 100, 55, 2445, 3105, 14788
2026/08/25 18:54:04.547, 439.98, 450.00, 100, 55, 2445, 3105, 14788
2026/08/25 18:54:04.650, 439.98, 450.00, 100, 55, 2445, 3105, 14788
2026/08/25 18:54:04.753, 439.98, 450.00, 100, 55, 2445, 3105, 14788
2026/08/25 18:54:04.855, 448.70, 450.00, 100, 1, 2430, 3105, 14788
2026/08/25 18:54:04.957, 448.70, 450.00, 100, 1, 2430, 3105, 14788
2026/08/25 18:54:05.061, 448.70, 450.00, 100, 1, 2430, 3105, 14788
2026/08/25 18:54:05.165, 448.70, 450.00, 100, 1, 2430, 3105, 14788
2026/08/25 18:54:05.270, 448.70, 450.00, 100, 1, 2430, 3105, 14788
2026/08/25 18:54:05.407, 448.96, 450.00, 100, 1, 2430, 3105, 14788
2026/08/25 18:54:05.509, 448.96, 450.00, 100, 1, 2430, 3105, 14788
2026/08/25 18:54:05.612, 448.96, 450.00, 100, 1, 2430, 3105, 14788
2026/08/25 18:54:05.716, 448.96, 450.00, 100, 1, 2430, 3105, 14788
2026/08/25 18:54:05.818, 450.52, 450.00, 100, 1, 2430, 3105, 14788
2026/08/25 18:54:05.920, 450.52, 450.00, 100, 1, 2430, 3105, 14788
2026/08/25 18:54:06.024, 450.52, 450.00, 100, 1, 2430, 3105, 14788
2026/08/25 18:54:06.128, 450.52, 450.00, 100, 1, 2430, 3105, 14788
2026/08/25 18:54:06.246, 450.52, 450.00, 100, 1, 2430, 3105, 14788
2026/08/25 18:54:06.348, 452.42, 450.00, 100, 1, 2430, 3105, 14788
2026/08/25 18:54:06.451, 452.42, 450.00, 100, 1, 2430, 3105, 14788
2026/08/25 18:54:06.553, 452.42, 450.00, 100, 1, 2430, 3105, 14788
2026/08/25 18:54:06.656, 452.42, 450.00, 100, 1, 2430, 3105, 14788
2026/08/25 18:54:06.758, 452.42, 450.00, 100, 1, 2430, 3105, 14788
2026/08/25 18:54:06.860, 449.66, 450.00, 100, 1, 2460, 3105, 14788
2026/08/25 18:54:06.964, 449.66, 450.00, 100, 1, 2460, 3105, 14788
2026/08/25 18:54:07.088, 449.66, 450.00, 100, 1, 2460, 3105, 14788
2026/08/25 18:54:07.222, 449.66, 450.00, 100, 1, 2460, 3105, 14788
2026/08/25 18:54:07.324, 449.95, 450.00, 100, 1, 2460, 3105, 14788
2026/08/25 18:54:07.426, 449.95, 450.00, 100, 1, 2460, 3105, 14788
2026/08/25 18:54:07.528, 449.95, 450.00, 100, 1, 2460, 3105, 14788
2026/08/25 18:54:07.631, 449.95, 450.00, 100, 1, 2460, 3105, 14788
2026/08/25 18:54:07.733, 449.95, 450.00, 100, 1, 2460, 3105, 14788
2026/08/25 18:54:07.837, 447.62, 450.00, 100, 51, 2385, 3105, 14788
2026/08/25 18:54:07.940, 447.62, 450.00, 100, 51, 2385, 3105, 14788
2026/08/25 18:54:08.069, 447.62, 450.00, 100, 51, 2385, 3105, 14788
2026/08/25 18:54:08.206, 447.62, 450.00, 100, 51, 2385, 3105, 14788
2026/08/25 18:54:08.309, 448.83, 450.00, 100, 1, 2385, 3105, 14788
2026/08/25 18:54:08.412, 448.83, 450.00, 100, 1, 2385, 3105, 14788
2026/08/25 18:54:08.514, 448.83, 450.00, 100, 1, 2385, 3105, 14788
2026/08/25 18:54:08.616, 448.83, 450.00, 100, 1, 2385, 3105, 14788
2026/08/25 18:54:08.718, 448.83, 450.00, 100, 1, 2385, 3105, 14788
2026/08/25 18:54:08.822, 447.62, 450.00, 100, 100, 2145, 3105, 14788
2026/08/25 18:54:08.963, 447.62, 450.00, 100, 100, 2145, 3105, 14788
2026/08/25 18:54:09.103, 447.62, 450.00, 100, 100, 2145, 3105, 14788
2026/08/25 18:54:09.205, 447.62, 450.00, 100, 100, 2145, 3105, 14788
2026/08/25 18:54:09.307, 447.98, 450.00, 100, 1, 2145, 3105, 14788
2026/08/25 18:54:09.410, 447.98, 450.00, 100, 1, 2145, 3105, 14788
2026/08/25 18:54:09.515, 447.98, 450.00, 100, 1, 2145, 3105, 14788
2026/08/25 18:54:09.617, 447.98, 450.00, 100, 1, 2145, 3105, 14788
2026/08/25 18:54:09.721, 447.98, 450.00, 100, 1, 2145, 3105, 14788
2026/08/25 18:54:09.823, 444.52, 450.00, 100, 97, 2475, 3105, 14788
2026/08/25 18:54:09.927, 444.52, 450.00, 100, 97, 2475, 3105, 14788
2026/08/25 18:54:10.030, 444.52, 450.00, 100, 97, 2475, 3105, 14788
2026/08/25 18:54:10.133, 444.52, 450.00, 100, 97, 2475, 3105, 14788
2026/08/25 18:54:10.235, 444.52, 450.00, 100, 97, 2475, 3105, 14788
2026/08/25 18:54:10.337, 450.36, 450.00, 100, 1, 2475, 3105, 14788
2026/08/25 18:54:10.439, 450.36, 450.00, 100, 1, 2475, 3105, 14788
2026/08/25 18:54:10.542, 450.36, 450.00, 100, 1, 2475, 3105, 14788
2026/08/25 18:54:10.645, 450.36, 450.00, 100, 1, 2475, 3105, 14788
2026/08/25 18:54:10.748, 450.36, 450.00, 100, 1, 2475, 3105, 14788
2026/08/25 18:54:10.853, 443.18, 450.00, 100, 100, 2610, 3105, 14788
2026/08/25 18:54:10.955, 443.18, 450.00, 100, 100, 2610, 3105, 14788
2026/08/25 18:54:11.058, 443.18, 450.00, 100, 100, 2610, 3105, 14788
2026/08/25 18:54:11.160, 443.18, 450.00, 100, 100, 2610, 3105, 14788
2026/08/25 18:54:11.262, 443.18, 450.00, 100, 100, 2610, 3105, 14788
2026/08/25 18:54:11.364, 450.54, 450.00, 100, 1, 2610, 3105, 14788
2026/08/25 18:54:11.466, 450.54, 450.00, 100, 1, 2610, 3105, 14788
2026/08/25 18:54:11.570, 450.54, 450.00, 100, 1, 2610, 3105, 14788
2026/08/25 18:54:11.675, 450.54, 450.00, 100, 1, 2610, 3105, 14788
2026/08/25 18:54:11.780, 450.54, 450.00, 100, 1, 2610, 3105, 14788
2026/08/25 18:54:11.903, 440.20, 450.00, 100, 53, 2520, 3105, 14788
2026/08/25 18:54:12.005, 440.20, 450.00, 100, 53, 2520, 3105, 14788
2026/08/25 18:54:12.108, 440.20, 450.00, 100, 53, 2520, 3105, 14788
2026/08/25 18:54:12.212, 440.20, 450.00, 100, 53, 2520, 3105, 14788
2026/08/25 18:54:12.315, 448.04, 450.00, 100, 1, 2520, 3105, 14788
2026/08/25 18:54:12.417, 448.04, 450.00, 100, 1, 2520, 3105, 14788
2026/08/25 18:54:12.519, 448.04, 450.00, 100, 1, 2520, 3105, 14788
2026/08/25 18:54:12.622, 448.04, 450.00, 100, 1, 2520, 3105, 14788
2026/08/25 18:54:12.742, 448.04, 450.00, 100, 1, 2520, 3105, 14788
2026/08/25 18:54:12.844, 451.71, 450.00, 100, 1, 2385, 3105, 14788
2026/08/25 18:54:12.947, 451.71, 450.00, 100, 1, 2385, 3105, 14788
2026/08/25 18:54:13.050, 451.71, 450.00, 100, 1, 2385, 3105, 14788
2026/08/25 18:54:13.154, 451.71, 450.00, 100, 1, 2385, 3105, 14788
2026/08/25 18:54:13.256, 451.71, 450.00, 100, 1, 2385, 3105, 14788
2026/08/25 18:54:13.358, 450.52, 450.00, 100, 1, 2385, 3105, 14788
2026/08/25 18:54:13.461, 450.52, 450.00, 100, 1, 2385, 3105, 14788
2026/08/25 18:54:13.564, 450.52, 450.00, 100, 1, 2385, 3105, 14788
2026/08/25 18:54:13.669, 450.52, 450.00, 100, 1, 2385, 3105, 14788
2026/08/25 18:54:13.804, 450.52, 450.00, 100, 1, 2385, 3105, 14788
2026/08/25 18:54:13.907, 451.31, 450.00, 100, 1, 2460, 3105, 14788
2026/08/25 18:54:14.009, 451.31, 450.00, 100, 1, 2460, 3105, 14788
2026/08/25 18:54:14.114, 451.31, 450.00, 100, 1, 2460, 3105, 14788
2026/08/25 18:54:14.216, 451.31, 450.00, 100, 1, 2460, 3105, 14788
2026/08/25 18:54:14.318, 448.04, 450.00, 100, 5, 2460, 3105, 14788
2026/08/25 18:54:14.421, 448.04, 450.00, 100, 5, 2460, 3105, 14788
2026/08/25 18:54:14.561, 448.04, 450.00, 100, 5, 2460, 3105, 14852
2026/08/25 18:54:14.702, 448.04, 450.00, 100, 5, 2460, 3105, 14852
2026/08/25 18:54:14.841, 435.10, 450.00, 100, 1, 2445, 3105, 14852
2026/08/25 18:54:14.943, 435.10, 450.00, 100, 1, 2445, 3105, 14852
2026/08/25 18:54:15.045, 435.10, 450.00, 100, 1, 2445, 3105, 14852
2026/08/25 18:54:15.148, 435.10, 450.00, 100, 1, 2445, 3105, 14852
2026/08/25 18:54:15.251, 435.10, 450.00, 100, 1, 2445, 3105, 14852
2026/08/25 18:54:15.354, 442.89, 450.00, 100, 1, 2445, 3105, 14852
2026/08/25 18:54:15.458, 442.89, 450.00, 100, 1, 2445, 3105, 14852
2026/08/25 18:54:15.562, 442.89, 450.00, 100, 1, 2445, 3105, 14852
2026/08/25 18:54:15.664, 442.89, 450.00, 100, 1, 2445, 3105, 14852
2026/08/25 18:54:15.768, 442.89, 450.00, 100, 1, 2445, 3105, 14852
2026/08/25 18:54:15.871, 453.62, 450.00, 100, 1, 2490, 3105, 14852
2026/08/25 18:54:15.973, 453.62, 450.00, 100, 1, 2490, 3105, 14852
2026/08/25 18:54:16.075, 453.62, 450.00, 100, 1, 2490, 3105, 14852
2026/08/25 18:54:16.177, 453.62, 450.00, 100, 1, 2490, 3105, 14852
2026/08/25 18:54:16.279, 453.62, 450.00, 100, 1, 2490, 3105, 14852
2026/08/25 18:54:16.383, 446.60, 450.00, 100, 23, 2490, 3105, 14852
2026/08/25 18:54:16.488, 446.60, 450.00, 100, 23, 2490, 3105, 14852
2026/08/25 18:54:16.599, 446.60, 450.00, 100, 23, 2490, 3105, 14852
2026/08/25 18:54:16.742, 446.60, 450.00, 100, 23, 2490, 3105, 14852
2026/08/25 18:54:16.845, 448.90, 450.00, 100, 1, 2460, 3105, 14852
2026/08/25 18:54:16.948, 448.90, 450.00, 100, 1, 2460, 3105, 14852
2026/08/25 18:54:17.050, 448.90, 450.00, 100, 1, 2460, 3105, 14852
2026/08/25 18:54:17.153, 448.90, 450.00, 100, 1, 2460, 3105, 14852
2026/08/25 18:54:17.255, 448.90, 450.00, 100, 1, 2460, 3105, 14852
2026/08/25 18:54:17.359, 447.60, 450.00, 100, 89, 2460, 3105, 14852
2026/08/25 18:54:17.502, 447.60, 450.00, 100, 89, 2460, 3105, 14852
2026/08/25 18:54:17.640, 447.60, 450.00, 100, 89, 2460, 3105, 14852
2026/08/25 18:54:17.742, 447.60, 450.00, 100, 89, 2460, 3105, 14852
2026/08/25 18:54:17.844, 447.48, 450.00, 100, 1, 2475, 3105, 14852
2026/08/25 18:54:17.947, 447.48, 450.00, 100, 1, 2475, 3105, 14852
2026/08/25 18:54:18.050, 447.48, 450.00, 100, 1, 2475, 3105, 14852
2026/08/25 18:54:18.153, 447.48, 450.00, 100, 1, 2475, 3105, 14852
2026/08/25 18:54:18.256, 447.48, 450.00, 100, 1, 2475, 3105, 14852
2026/08/25 18:54:18.359, 448.43, 450.00, 100, 100, 2475, 3105, 14852
2026/08/25 18:54:18.481, 448.43, 450.00, 100, 100, 2475, 3105, 14852
2026/08/25 18:54:18.583, 448.43, 450.00, 100, 100, 2475, 3105, 14852
2026/08/25 18:54:18.685, 448.43, 450.00, 100, 100, 2475, 3105, 14852
2026/08/25 18:54:18.790, 448.43, 450.00, 100, 100, 2475, 3105, 14852
2026/08/25 18:54:18.892, 450.72, 450.00, 100, 1, 2445, 3105, 14852
2026/08/25 18:54:18.994, 450.72, 450.00, 100, 1, 2445, 3105, 14852
2026/08/25 18:54:19.097, 450.72, 450.00, 100, 1, 2445, 3105, 14852
2026/08/25 18:54:19.201, 450.72, 450.00, 100, 1, 2445, 3105, 14852
2026/08/25 18:54:19.320, 445.78, 450.00, 95, 93, 2445, 3105, 14852
2026/08/25 18:54:19.422, 445.78, 450.00, 95, 93, 2445, 3105, 14852
2026/08/25 18:54:19.525, 445.78, 450.00, 95, 93, 2445, 3105, 14852
2026/08/25 18:54:19.628, 445.78, 450.00, 95, 93, 2445, 3105, 14852
2026/08/25 18:54:19.732, 445.78, 450.00, 95, 93, 2445, 3105, 14852
2026/08/25 18:54:19.834, 447.94, 450.00, 100, 1, 2400, 3105, 14852
2026/08/25 18:54:19.936, 447.94, 450.00, 100, 1, 2400, 3105, 14852
2026/08/25 18:54:20.038, 447.94, 450.00, 100, 1, 2400, 3105, 14852
2026/08/25 18:54:20.142, 447.94, 450.00, 100, 1, 2400, 3105, 14852
2026/08/25 18:54:20.245, 447.94, 450.00, 100, 1, 2400, 3105, 14852
2026/08/25 18:54:20.382, 441.51, 450.00, 100, 100, 2400, 3105, 14852
2026/08/25 18:54:20.521, 441.51, 450.00, 100, 100, 2400, 3105, 14852
2026/08/25 18:54:20.660, 441.51, 450.00, 100, 100, 2400, 3105, 14852
2026/08/25 18:54:20.762, 441.51, 450.00, 100, 100, 2400, 3105, 14852
2026/08/25 18:54:20.866, 447.24, 450.00, 100, 1, 2445, 3105, 14852
2026/08/25 18:54:20.969, 447.24, 450.00, 100, 1, 2445, 3105, 14852
2026/08/25 18:54:21.072, 447.24, 450.00, 100, 1, 2445, 3105, 14852
2026/08/25 18:54:21.174, 447.24, 450.00, 100, 1, 2445, 3105, 14852
2026/08/25 18:54:21.283, 447.24, 450.00, 100, 1, 2445, 3105, 14852
2026/08/25 18:54:21.386, 443.72, 450.00, 100, 40, 2445, 3105, 14852
2026/08/25 18:54:21.502, 443.72, 450.00, 100, 40, 2445, 3105, 14852
2026/08/25 18:54:21.604, 443.72, 450.00, 100, 40, 2445, 3105, 14852
2026/08/25 18:54:21.707, 443.72, 450.00, 100, 40, 2445, 3105, 14852
2026/08/25 18:54:21.811, 448.19, 450.00, 100, 1, 2445, 3105, 14852
2026/08/25 18:54:21.913, 448.19, 450.00, 100, 1, 2445, 3105, 14852
2026/08/25 18:54:22.017, 448.19, 450.00, 100, 1, 2445, 3105, 14852
2026/08/25 18:54:22.119, 448.19, 450.00, 100, 1, 2445, 3105, 14852
2026/08/25 18:54:22.258, 448.19, 450.00, 100, 1, 2445, 3105, 14852
2026/08/25 18:54:22.399, 444.20, 450.00, 100, 1, 2445, 3105, 14852
2026/08/25 18:54:22.501, 444.20, 450.00, 100, 1, 2445, 3105, 14852
2026/08/25 18:54:22.604, 444.20, 450.00, 100, 1, 2445, 3105, 14852
2026/08/25 18:54:22.707, 444.20, 450.00, 100, 1, 2445, 3105, 14852
2026/08/25 18:54:22.811, 445.27, 450.00, 100, 1, 2445, 3105, 14852
2026/08/25 18:54:22.913, 445.27, 450.00, 100, 1, 2445, 3105, 14852
2026/08/25 18:54:23.017, 445.27, 450.00, 100, 1, 2445, 3105, 14852
2026/08/25 18:54:23.121, 445.27, 450.00, 100, 1, 2445, 3105, 14852
2026/08/25 18:54:23.223, 445.27, 450.00, 100, 1, 2445, 3105, 14852
2026/08/25 18:54:23.326, 447.44, 450.00, 100, 1, 2445, 3105, 14852
2026/08/25 18:54:23.428, 447.44, 450.00, 100, 1, 2445, 3105, 14852
2026/08/25 18:54:23.531, 447.44, 450.00, 100, 1, 2445, 3105, 14852
2026/08/25 18:54:23.633, 447.44, 450.00, 100, 1, 2445, 3105, 14852
2026/08/25 18:54:23.735, 447.44, 450.00, 100, 1, 2445, 3105, 14852
2026/08/25 18:54:23.837, 450.11, 450.00, 100, 3, 2475, 3105, 14852
2026/08/25 18:54:23.941, 450.11, 450.00, 100, 3, 2475, 3105, 14852
2026/08/25 18:54:24.079, 450.11, 450.00, 100, 3, 2475, 3105, 14852
2026/08/25 18:54:24.217, 450.11, 450.00, 100, 3, 2475, 3105, 14852
2026/08/25 18:54:24.358, 448.15, 450.00, 100, 1, 2475, 3105, 14852
2026/08/25 18:54:24.460, 448.15, 450.00, 100, 1, 2475, 3105, 14852
2026/08/25 18:54:24.562, 448.15, 450.00, 100, 1, 2475, 3105, 14852
2026/08/25 18:54:24.665, 448.15, 450.00, 100, 1, 2475, 3105, 14852
2026/08/25 18:54:24.772, 448.15, 450.00, 100, 1, 2475, 3105, 14852
2026/08/25 18:54:24.875, 446.61, 450.00, 100, 53, 2400, 3105, 14852
2026/08/25 18:54:24.980, 446.61, 450.00, 100, 53, 2400, 3105, 14852
2026/08/25 18:54:25.082, 446.61, 450.00, 100, 53, 2400, 3105, 14852
2026/08/25 18:54:25.199, 446.61, 450.00, 100, 53, 2400, 3105, 14852
2026/08/25 18:54:25.301, 446.61, 450.00, 100, 53, 2400, 3105, 14852
2026/08/25 18:54:25.404, 450.92, 450.00, 100, 1, 2400, 3105, 14852
2026/08/25 18:54:25.508, 450.92, 450.00, 100, 1, 2400, 3105, 14852
2026/08/25 18:54:25.610, 450.92, 450.00, 100, 1, 2400, 3105, 14852
2026/08/25 18:54:25.712, 450.92, 450.00, 100, 1, 2400, 3105, 14852
2026/08/25 18:54:25.842, 447.47, 450.00, 100, 100, 2385, 3105, 14852
2026/08/25 18:54:25.983, 447.47, 450.00, 100, 100, 2385, 3105, 14852
2026/08/25 18:54:26.119, 447.47, 450.00, 100, 100, 2385, 3105, 14852
2026/08/25 18:54:26.221, 447.47, 450.00, 100, 100, 2385, 3105, 14852
2026/08/25 18:54:26.324, 446.98, 450.00, 100, 1, 2385, 3105, 14852
2026/08/25 18:54:26.427, 446.98, 450.00, 100, 1, 2385, 3105, 14852
2026/08/25 18:54:26.529, 446.98, 450.00, 100, 1, 2385, 3105, 14852
2026/08/25 18:54:26.631, 446.98, 450.00, 100, 1, 2385, 3105, 14852
2026/08/25 18:54:26.735, 446.98, 450.00, 100, 1, 2385, 3105, 14852
2026/08/25 18:54:26.837, 447.65, 450.00, 100, 97, 2460, 3105, 14852
2026/08/25 18:54:26.962, 447.65, 450.00, 100, 97, 2460, 3105, 14852
2026/08/25 18:54:27.096, 447.65, 450.00, 100, 97, 2460, 3105, 14852
2026/08/25 18:54:27.199, 447.65, 450.00, 100, 97, 2460, 3105, 14852
2026/08/25 18:54:27.301, 447.65, 450.00, 100, 97, 2460, 3105, 14852
2026/08/25 18:54:27.404, 451.74, 450.00, 100, 1, 2460, 3105, 14852
2026/08/25 18:54:27.507, 451.74, 450.00, 100, 1, 2460, 3105, 14852
2026/08/25 18:54:27.610, 451.74, 450.00, 100, 1, 2460, 3105, 14852
2026/08/25 18:54:27.713, 451.74, 450.00, 100, 1, 2460, 3105, 14852
2026/08/25 18:54:27.858, 448.55, 450.00, 100, 100, 2505, 3105, 14852
2026/08/25 18:54:27.997, 448.55, 450.00, 100, 100, 2505, 3105, 14852
2026/08/25 18:54:28.138, 448.55, 450.00, 100, 100, 2505, 3105, 14852
2026/08/25 18:54:28.240, 448.55, 450.00, 100, 100, 2505, 3105, 14852
2026/08/25 18:54:28.343, 449.01, 450.00, 100, 1, 2505, 3105, 14852
2026/08/25 18:54:28.447, 449.01, 450.00, 100, 1, 2505, 3105, 14852
2026/08/25 18:54:28.549, 449.01, 450.00, 100, 1, 2505, 3105, 14852
2026/08/25 18:54:28.652, 449.01, 450.00, 100, 1, 2505, 3105, 14852
2026/08/25 18:54:28.757, 449.01, 450.00, 100, 1, 2505, 3105, 14852
2026/08/25 18:54:28.859, 443.54, 450.00, 100, 86, 2475, 3105, 14852
2026/08/25 18:54:28.977, 443.54, 450.00, 100, 86, 2475, 3105, 14852
2026/08/25 18:54:29.079, 443.54, 450.00, 100, 86, 2475, 3105, 14852
2026/08/25 18:54:29.182, 443.54, 450.00, 100, 86, 2475, 3105, 14852
2026/08/25 18:54:29.284, 443.54, 450.00, 100, 86, 2475, 3105, 14852
2026/08/25 18:54:29.389, 448.88, 450.00, 100, 1, 2475, 3105, 14852
2026/08/25 18:54:29.491, 448.88, 450.00, 100, 1, 2475, 3105, 14852
2026/08/25 18:54:29.620, 448.88, 450.00, 100, 1, 2475, 3105, 14852
2026/08/25 18:54:29.761, 448.88, 450.00, 100, 1, 2475, 3105, 14852
2026/08/25 18:54:29.899, 443.44, 450.00, 100, 24, 2505, 3105, 14852
2026/08/25 18:54:30.002, 443.44, 450.00, 100, 24, 2505, 3105, 14852
2026/08/25 18:54:30.105, 443.44, 450.00, 100, 24, 2505, 3105, 14852
2026/08/25 18:54:30.207, 443.44, 450.00, 100, 24, 2505, 3105, 14852
2026/08/25 18:54:30.309, 449.44, 450.00, 100, 1, 2505, 3105, 14852
2026/08/25 18:54:30.411, 449.44, 450.00, 100, 1, 2505, 3105, 14852
2026/08/25 18:54:30.515, 449.44, 450.00, 100, 1, 2505, 3105, 14852
2026/08/25 18:54:30.619, 449.44, 450.00, 100, 1, 2505, 3105, 14852
2026/08/25 18:54:30.740, 449.44, 450.00, 100, 1, 2505, 3105, 14852
2026/08/25 18:54:30.843, 450.89, 450.00, 100, 1, 2475, 3105, 14852
2026/08/25 18:54:30.946, 450.89, 450.00, 100, 1, 2475, 3105, 14852
2026/08/25 18:54:31.049, 450.89, 450.00, 100, 1, 2475, 3105, 14852
2026/08/25 18:54:31.151, 450.89, 450.00, 100, 1, 2475, 3105, 14852
2026/08/25 18:54:31.253, 450.89, 450.00, 100, 1, 2475, 3105, 14852
2026/08/25 18:54:31.355, 452.17, 450.00, 100, 1, 2475, 3105, 14852
2026/08/25 18:54:31.459, 452.17, 450.00, 100, 1, 2475, 3105, 14852
2026/08/25 18:54:31.564, 452.17, 450.00, 100, 1, 2475, 3105, 14852
2026/08/25 18:54:31.717, 452.17, 450.00, 100, 1, 2475, 3105, 14852
2026/08/25 18:54:31.819, 451.91, 450.00, 100, 1, 2475, 3105, 14852
2026/08/25 18:54:31.921, 451.91, 450.00, 100, 1, 2475, 3105, 14852
2026/08/25 18:54:32.024, 451.91, 450.00, 100, 1, 2475, 3105, 14852
2026/08/25 18:54:32.128, 451.91, 450.00, 100, 1, 2475, 3105, 14852
2026/08/25 18:54:32.230, 451.91, 450.00, 100, 1, 2475, 3105, 14852
2026/08/25 18:54:32.332, 448.08, 450.00, 100, 6, 2475, 3105, 14852
2026/08/25 18:54:32.436, 448.08, 450.00, 100, 6, 2475, 3105, 14852
2026/08/25 18:54:32.541, 448.08, 450.00, 100, 6, 2475, 3105, 14852
2026/08/25 18:54:32.644, 448.08, 450.00, 100, 6, 2475, 3105, 14852
2026/08/25 18:54:32.747, 448.08, 450.00, 100, 6, 2475, 3105, 14852
2026/08/25 18:54:32.849, 452.69, 450.00, 100, 1, 2385, 3105, 14852
2026/08/25 18:54:32.951, 452.69, 450.00, 100, 1, 2385, 3105, 14852
2026/08/25 18:54:33.053, 452.69, 450.00, 100, 1, 2385, 3105, 14852
2026/08/25 18:54:33.155, 452.69, 450.00, 100, 1, 2385, 3105, 14852
2026/08/25 18:54:33.257, 452.69, 450.00, 100, 1, 2385, 3105, 14852
2026/08/25 18:54:33.362, 447.58, 450.00, 100, 61, 2385, 3105, 14852
2026/08/25 18:54:33.470, 447.58, 450.00, 100, 61, 2385, 3105, 14852
2026/08/25 18:54:33.573, 447.58, 450.00, 100, 61, 2385, 3105, 14852
2026/08/25 18:54:33.675, 447.58, 450.00, 100, 61, 2385, 3105, 14852
2026/08/25 18:54:33.818, 446.51, 450.00, 100, 1, 2415, 3105, 14852
2026/08/25 18:54:33.920, 446.51, 450.00, 100, 1, 2415, 3105, 14852
2026/08/25 18:54:34.023, 446.51, 450.00, 100, 1, 2415, 3105, 14852
2026/08/25 18:54:34.128, 446.51, 450.00, 100, 1, 2415, 3105, 14852
2026/08/25 18:54:34.230, 446.51, 450.00, 100, 1, 2415, 3105, 14852
2026/08/25 18:54:34.334, 447.45, 450.00, 100, 100, 2415, 3105, 14852
2026/08/25 18:54:34.440, 447.45, 450.00, 100, 100, 2415, 3105, 14852
2026/08/25 18:54:34.575, 447.45, 450.00, 100, 100, 2415, 3105, 14852
2026/08/25 18:54:34.677, 447.45, 450.00, 100, 100, 2415, 3105, 14852
2026/08/25 18:54:34.779, 447.45, 450.00, 100, 100, 2415, 3105, 14852
2026/08/25 18:54:34.882, 447.88, 450.00, 100, 1, 2430, 3105, 14852
2026/08/25 18:54:34.987, 447.88, 450.00, 100, 1, 2430, 3105, 14852
2026/08/25 18:54:35.089, 447.88, 450.00, 100, 1, 2430, 3105, 14852
2026/08/25 18:54:35.191, 447.88, 450.00, 100, 1, 2430, 3105, 14852
2026/08/25 18:54:35.295, 447.88, 450.00, 100, 1, 2430, 3105, 14852
2026/08/25 18:54:35.415, 445.63, 450.00, 100, 97, 2430, 3105, 14852
2026/08/25 18:54:35.554, 445.63, 450.00, 100, 97, 2430, 3105, 14852
2026/08/25 18:54:35.656, 445.63, 450.00, 100, 97, 2430, 3105, 14852
2026/08/25 18:54:35.758, 445.63, 450.00, 100, 97, 2430, 3105, 14852
2026/08/25 18:54:35.861, 449.37, 450.00, 100, 1, 2430, 3105, 14852
2026/08/25 18:54:35.964, 449.37, 450.00, 100, 1, 2430, 3105, 14852
2026/08/25 18:54:36.068, 449.37, 450.00, 100, 1, 2430, 3105, 14852
2026/08/25 18:54:36.172, 449.37, 450.00, 100, 1, 2430, 3105, 14852
2026/08/25 18:54:36.276, 449.37, 450.00, 100, 1, 2430, 3105, 14852
2026/08/25 18:54:36.379, 441.85, 450.00, 100, 100, 2430, 3105, 14852
2026/08/25 18:54:36.482, 441.85, 450.00, 100, 100, 2430, 3105, 14852
2026/08/25 18:54:36.584, 441.85, 450.00, 100, 100, 2430, 3105, 14852
2026/08/25 18:54:36.687, 441.85, 450.00, 100, 100, 2430, 3105, 14852
2026/08/25 18:54:36.789, 441.85, 450.00, 100, 100, 2430, 3105, 14852
2026/08/25 18:54:36.891, 450.45, 450.00, 100, 1, 2445, 3105, 14852
2026/08/25 18:54:36.993, 450.45, 450.00, 100, 1, 2445, 3105, 14852
2026/08/25 18:54:37.097, 450.45, 450.00, 100, 1, 2445, 3105, 14852
2026/08/25 18:54:37.200, 450.45, 450.00, 100, 1, 2445, 3105, 14852
2026/08/25 18:54:37.318, 442.73, 450.00, 100, 65, 2445, 3105, 14852
2026/08/25 18:54:37.456, 442.73, 450.00, 100, 65, 2445, 3105, 14852
2026/08/25 18:54:37.558, 442.73, 450.00, 100, 65, 2445, 3105, 14852
2026/08/25 18:54:37.661, 442.73, 450.00, 100, 65, 2445, 3105, 14852
2026/08/25 18:54:37.764, 442.73, 450.00, 100, 65, 2445, 3105, 14852
2026/08/25 18:54:37.867, 450.52, 450.00, 100, 1, 2445, 3105, 14852
2026/08/25 18:54:37.969, 450.52, 450.00, 100, 1, 2445, 3105, 14852
2026/08/25 18:54:38.073, 450.52, 450.00, 100, 1, 2445, 3105, 14852
2026/08/25 18:54:38.214, 450.52, 450.00, 100, 1, 2445, 3105, 14852
2026/08/25 18:54:38.353, 447.74, 450.00, 100, 1, 2445, 3105, 14852
2026/08/25 18:54:38.455, 447.74, 450.00, 100, 1, 2445, 3105, 14852
2026/08/25 18:54:38.557, 447.74, 450.00, 100, 1, 2445, 3105, 14852
2026/08/25 18:54:38.660, 447.74, 450.00, 100, 1, 2445, 3105, 14852
2026/08/25 18:54:38.767, 447.74, 450.00, 100, 1, 2445, 3105, 14852
2026/08/25 18:54:38.869, 448.75, 450.00, 100, 1, 2400, 3105, 14852
2026/08/25 18:54:38.973, 448.75, 450.00, 100, 1, 2400, 3105, 14852
2026/08/25 18:54:39.075, 448.75, 450.00, 100, 1, 2400, 3105, 14852
2026/08/25 18:54:39.199, 448.75, 450.00, 100, 1, 2400, 3105, 14852
2026/08/25 18:54:39.335, 450.39, 450.00, 100, 1, 2400, 3105, 14852
2026/08/25 18:54:39.437, 450.39, 450.00, 100, 1, 2400, 3105, 14852
2026/08/25 18:54:39.540, 450.39, 450.00, 100, 1, 2400, 3105, 14852
2026/08/25 18:54:39.643, 450.39, 450.00, 100, 1, 2400, 3105, 14852
2026/08/25 18:54:39.746, 450.39, 450.00, 100, 1, 2400, 3105, 14852
2026/08/25 18:54:39.848, 449.80, 450.00, 100, 1, 2460, 3105, 14852
2026/08/25 18:54:39.952, 449.80, 450.00, 100, 1, 2460, 3105, 14852
2026/08/25 18:54:40.057, 449.80, 450.00, 100, 1, 2460, 3105, 14852
2026/08/25 18:54:40.174, 449.80, 450.00, 100, 1, 2460, 3105, 14852
2026/08/25 18:54:40.276, 449.80, 450.00, 100, 1, 2460, 3105, 14852
2026/08/25 18:54:40.379, 447.90, 450.00, 100, 1, 2460, 3105, 14852
2026/08/25 18:54:40.483, 447.90, 450.00, 100, 1, 2460, 3105, 14852
2026/08/25 18:54:40.586, 447.90, 450.00, 100, 1, 2460, 3105, 14852
2026/08/25 18:54:40.688, 447.90, 450.00, 100, 1, 2460, 3105, 14852
2026/08/25 18:54:40.790, 447.90, 450.00, 100, 1, 2460, 3105, 14852
2026/08/25 18:54:40.894, 446.52, 450.00, 100, 29, 2415, 3105, 14852
2026/08/25 18:54:41.000, 446.52, 450.00, 100, 29, 2415, 3105, 14852
2026/08/25 18:54:41.103, 446.52, 450.00, 100, 29, 2415, 3105, 14852
2026/08/25 18:54:41.206, 446.52, 450.00, 100, 29, 2415, 3105, 14852
2026/08/25 18:54:41.308, 446.52, 450.00, 100, 29, 2415, 3105, 14852
2026/08/25 18:54:41.410, 450.20, 450.00, 100, 1, 2415, 3105, 14852
2026/08/25 18:54:41.512, 450.20, 450.00, 100, 1, 2415, 3105, 14852
2026/08/25 18:54:41.614, 450.20, 450.00, 100, 1, 2415, 3105, 14852
2026/08/25 18:54:41.717, 450.20, 450.00, 100, 1, 2415, 3105, 14852
2026/08/25 18:54:41.822, 451.65, 450.00, 100, 100, 2130, 3105, 14852
2026/08/25 18:54:41.928, 451.65, 450.00, 100, 100, 2130, 3105, 14852
2026/08/25 18:54:42.030, 451.65, 450.00, 100, 100, 2130, 3105, 14852
2026/08/25 18:54:42.136, 451.65, 450.00, 100, 100, 2130, 3105, 14852
2026/08/25 18:54:42.238, 451.65, 450.00, 100, 100, 2130, 3105, 14852
2026/08/25 18:54:42.341, 448.62, 450.00, 100, 1, 2130, 3105, 14852
2026/08/25 18:54:42.444, 448.62, 450.00, 100, 1, 2130, 3105, 14852
2026/08/25 18:54:42.546, 448.62, 450.00, 100, 1, 2130, 3105, 14852
2026/08/25 18:54:42.648, 448.62, 450.00, 100, 1, 2130, 3105, 14852
2026/08/25 18:54:42.752, 448.62, 450.00, 100, 1, 2130, 3105, 14852
2026/08/25 18:54:42.855, 448.10, 450.00, 99, 98, 2100, 3105, 14852
2026/08/25 18:54:42.974, 448.10, 450.00, 99, 98, 2100, 3105, 14852
2026/08/25 18:54:43.111, 448.10, 450.00, 99, 98, 2100, 3105, 14852
2026/08/25 18:54:43.213, 448.10, 450.00, 99, 98, 2100, 3105, 14852
2026/08/25 18:54:43.315, 448.10, 450.00, 99, 98, 2100, 3105, 14852
2026/08/25 18:54:43.418, 448.03, 450.00, 100, 1, 2100, 3105, 14852
2026/08/25 18:54:43.521, 448.03, 450.00, 100, 1, 2100, 3105, 14852
2026/08/25 18:54:43.623, 448.03, 450.00, 100, 1, 2100, 3105, 14852
2026/08/25 18:54:43.727, 448.03, 450.00, 100, 1, 2100, 3105, 14852
2026/08/25 18:54:43.831, 444.31, 450.00, 100, 100, 2595, 3105, 14852
2026/08/25 18:54:43.934, 444.31, 450.00, 100, 100, 2595, 3105, 14852
2026/08/25 18:54:44.037, 444.31, 450.00, 100, 100, 2595, 3105, 14852
2026/08/25 18:54:44.174, 444.31, 450.00, 100, 100, 2595, 3105, 14852
2026/08/25 18:54:44.276, 444.31, 450.00, 100, 100, 2595, 3105, 14852
2026/08/25 18:54:44.379, 448.67, 450.00, 100, 1, 2595, 3105, 14852
2026/08/25 18:54:44.481, 448.67, 450.00, 100, 1, 2595, 3105, 14852
2026/08/25 18:54:44.585, 448.67, 450.00, 100, 1, 2595, 3105, 14852
2026/08/25 18:54:44.689, 448.67, 450.00, 100, 1, 2595, 3105, 14852
2026/08/25 18:54:44.801, 448.67, 450.00, 100, 1, 2595, 3105, 14852
2026/08/25 18:54:44.932, 442.26, 450.00, 100, 88, 2430, 3105, 14852
2026/08/25 18:54:45.034, 442.26, 450.00, 100, 88, 2430, 3105, 14852
2026/08/25 18:54:45.152, 442.26, 450.00, 100, 88, 2430, 3105, 14852
2026/08/25 18:54:45.254, 442.26, 450.00, 100, 88, 2430, 3105, 14852
2026/08/25 18:54:45.357, 448.66, 450.00, 100, 1, 2430, 3105, 14852
2026/08/25 18:54:45.460, 448.66, 450.00, 100, 1, 2430, 3105, 14852
2026/08/25 18:54:45.566, 448.66, 450.00, 100, 1, 2430, 3105, 14852
2026/08/25 18:54:45.670, 448.66, 450.00, 100, 1, 2430, 3105, 14852
2026/08/25 18:54:45.782, 448.66, 450.00, 100, 1, 2430, 3105, 14852
2026/08/25 18:54:45.910, 449.90, 450.00, 100, 19, 2385, 3105, 14852
2026/08/25 18:54:46.012, 449.90, 450.00, 100, 19, 2385, 3105, 14852
2026/08/25 18:54:46.114, 449.90, 450.00, 100, 19, 2385, 3105, 14852
2026/08/25 18:54:46.217, 449.90, 450.00, 100, 19, 2385, 3105, 14852
2026/08/25 18:54:46.320, 449.90, 450.00, 100, 19, 2385, 3105, 14852
2026/08/25 18:54:46.423, 448.41, 450.00, 100, 1, 2385, 3105, 14852
2026/08/25 18:54:46.527, 448.41, 450.00, 100, 1, 2385, 3105, 14852
2026/08/25 18:54:46.632, 448.41, 450.00, 100, 1, 2385, 3105, 14852
2026/08/25 18:54:46.734, 448.41, 450.00, 100, 1, 2385, 3105, 14852
2026/08/25 18:54:46.842, 449.96, 450.00, 100, 1, 2445, 3105, 14852
2026/08/25 18:54:46.944, 449.96, 450.00, 100, 1, 2445, 3105, 14852
2026/08/25 18:54:47.046, 449.96, 450.00, 100, 1, 2445, 3105, 14852
2026/08/25 18:54:47.148, 449.96, 450.00, 100, 1, 2445, 3105, 14852
2026/08/25 18:54:47.250, 449.96, 450.00, 100, 1, 2445, 3105, 14852
2026/08/25 18:54:47.353, 450.75, 450.00, 100, 1, 2445, 3105, 14852
2026/08/25 18:54:47.458, 450.75, 450.00, 100, 1, 2445, 3105, 14852
2026/08/25 18:54:47.564, 450.75, 450.00, 100, 1, 2445, 3105, 14852
2026/08/25 18:54:47.674, 450.75, 450.00, 100, 1, 2445, 3105, 14852
2026/08/25 18:54:47.809, 450.75, 450.00, 100, 1, 2445, 3105, 14852
2026/08/25 18:54:47.951, 449.56, 450.00, 100, 1, 2475, 3105, 14852
2026/08/25 18:54:48.053, 449.56, 450.00, 100, 1, 2475, 3105, 14852
2026/08/25 18:54:48.155, 449.56, 450.00, 100, 1, 2475, 3105, 14852
2026/08/25 18:54:48.258, 449.56, 450.00, 100, 1, 2475, 3105, 14852
2026/08/25 18:54:48.365, 448.70, 450.00, 100, 5, 2475, 3105, 14852
2026/08/25 18:54:48.468, 448.70, 450.00, 100, 5, 2475, 3105, 14852
2026/08/25 18:54:48.583, 448.70, 450.00, 100, 5, 2475, 3105, 14852
2026/08/25 18:54:48.710, 448.70, 450.00, 100, 5, 2475, 3105, 14852
2026/08/25 18:54:48.849, 448.70, 450.00, 100, 5, 2475, 3105, 14852
2026/08/25 18:54:48.951, 449.94, 450.00, 100, 1, 2460, 3105, 14852
2026/08/25 18:54:49.053, 449.94, 450.00, 100, 1, 2460, 3105, 14852
2026/08/25 18:54:49.156, 449.94, 450.00, 100, 1, 2460, 3105, 14852
2026/08/25 18:54:49.259, 449.94, 450.00, 100, 1, 2460, 3105, 14852
2026/08/25 18:54:49.364, 448.73, 450.00, 100, 67, 2460, 3105, 14852
2026/08/25 18:54:49.469, 448.73, 450.00, 100, 67, 2460, 3105, 14852
2026/08/25 18:54:49.571, 448.73, 450.00, 100, 67, 2460, 3105, 14852
2026/08/25 18:54:49.673, 448.73, 450.00, 100, 67, 2460, 3105, 14852
2026/08/25 18:54:49.776, 448.73, 450.00, 100, 67, 2460, 3105, 14852
2026/08/25 18:54:49.879, 452.69, 450.00, 100, 1, 2445, 3105, 14852
2026/08/25 18:54:49.983, 452.69, 450.00, 100, 1, 2445, 3105, 14852
2026/08/25 18:54:50.085, 452.69, 450.00, 100, 1, 2445, 3105, 14852
2026/08/25 18:54:50.187, 452.69, 450.00, 100, 1, 2445, 3105, 14852
2026/08/25 18:54:50.291, 452.69, 450.00, 100, 1, 2445, 3105, 14852
2026/08/25 18:54:50.404, 448.16, 450.00, 100, 100, 2445, 3105, 14852
2026/08/25 18:54:50.507, 448.16, 450.00, 100, 100, 2445, 3105, 14852
2026/08/25 18:54:50.609, 448.16, 450.00, 100, 100, 2445, 3105, 14852
2026/08/25 18:54:50.711, 448.16, 450.00, 100, 100, 2445, 3105, 14852
2026/08/25 18:54:50.813, 448.16, 450.00, 100, 100, 2445, 3105, 14852
2026/08/25 18:54:50.917, 446.90, 450.00, 100, 1, 2445, 3105, 14852
2026/08/25 18:54:51.019, 446.90, 450.00, 100, 1, 2445, 3105, 14852
2026/08/25 18:54:51.123, 446.90, 450.00, 100, 1, 2445, 3105, 14852
2026/08/25 18:54:51.227, 446.90, 450.00, 100, 1, 2445, 3105, 14852
2026/08/25 18:54:51.372, 444.27, 450.00, 100, 97, 2445, 3105, 14852
2026/08/25 18:54:51.508, 444.27, 450.00, 100, 97, 2445, 3105, 14852
2026/08/25 18:54:51.649, 444.27, 450.00, 100, 97, 2445, 3105, 14852
2026/08/25 18:54:51.751, 444.27, 450.00, 100, 97, 2445, 3105, 14852
2026/08/25 18:54:51.853, 448.39, 450.00, 100, 1, 2430, 3105, 14852
2026/08/25 18:54:51.957, 448.39, 450.00, 100, 1, 2430, 3105, 14852
2026/08/25 18:54:52.060, 448.39, 450.00, 100, 1, 2430, 3105, 14852
2026/08/25 18:54:52.164, 448.39, 450.00, 100, 1, 2430, 3105, 14852
2026/08/25 18:54:52.268, 448.39, 450.00, 100, 1, 2430, 3105, 14852
2026/08/25 18:54:52.370, 447.95, 450.00, 100, 100, 2430, 3105, 14852
2026/08/25 18:54:52.489, 447.95, 450.00, 100, 100, 2430, 3105, 14852
2026/08/25 18:54:52.591, 447.95, 450.00, 100, 100, 2430, 3105, 14852
2026/08/25 18:54:52.693, 447.95, 450.00, 100, 100, 2430, 3105, 14852
2026/08/25 18:54:52.796, 447.95, 450.00, 100, 100, 2430, 3105, 14852
2026/08/25 18:54:52.899, 448.61, 450.00, 100, 1, 2445, 3105, 14852
2026/08/25 18:54:53.002, 448.61, 450.00, 100, 1, 2445, 3105, 14852
2026/08/25 18:54:53.106, 448.61, 450.00, 100, 1, 2445, 3105, 14852
2026/08/25 18:54:53.208, 448.61, 450.00, 100, 1, 2445, 3105, 14852
2026/08/25 18:54:53.330, 448.61, 450.00, 100, 1, 2445, 3105, 14852
2026/08/25 18:54:53.469, 446.07, 450.00, 100, 1, 2445, 3105, 14852
2026/08/25 18:54:53.571, 446.07, 450.00, 100, 1, 2445, 3105, 14852
2026/08/25 18:54:53.674, 446.07, 450.00, 100, 1, 2445, 3105, 14852
2026/08/25 18:54:53.776, 446.07, 450.00, 100, 1, 2445, 3105, 14852
2026/08/25 18:54:53.881, 448.82, 450.00, 100, 1, 2445, 3105, 14852
2026/08/25 18:54:53.983, 448.82, 450.00, 100, 1, 2445, 3105, 14852
2026/08/25 18:54:54.088, 448.82, 450.00, 100, 1, 2445, 3105, 14852
2026/08/25 18:54:54.192, 448.82, 450.00, 100, 1, 2445, 3105, 14852
2026/08/25 18:54:54.295, 448.82, 450.00, 100, 1, 2445, 3105, 14852
2026/08/25 18:54:54.398, 452.94, 450.00, 100, 1, 2445, 3105, 14852
2026/08/25 18:54:54.501, 452.94, 450.00, 100, 1, 2445, 3105, 14852
2026/08/25 18:54:54.603, 452.94, 450.00, 100, 1, 2445, 3105, 14852
2026/08/25 18:54:54.705, 452.94, 450.00, 100, 1, 2445, 3105, 14852
2026/08/25 18:54:54.807, 452.94, 450.00, 100, 1, 2445, 3105, 14852
2026/08/25 18:54:54.909, 448.43, 450.00, 100, 19, 2550, 3105, 14852
2026/08/25 18:54:55.013, 448.43, 450.00, 100, 19, 2550, 3105, 14852
2026/08/25 18:54:55.149, 448.43, 450.00, 100, 19, 2550, 3105, 14852
2026/08/25 18:54:55.289, 448.43, 450.00, 100, 19, 2550, 3105, 14852
2026/08/25 18:54:55.392, 448.20, 450.00, 100, 1, 2550, 3105, 14852
2026/08/25 18:54:55.494, 448.20, 450.00, 100, 1, 2550, 3105, 14852
2026/08/25 18:54:55.598, 448.20, 450.00, 100, 1, 2550, 3105, 14852
2026/08/25 18:54:55.700, 448.20, 450.00, 100, 1, 2550, 3105, 14852
2026/08/25 18:54:55.803, 448.20, 450.00, 100, 1, 2550, 3105, 14852
2026/08/25 18:54:55.907, 448.64, 450.00, 100, 90, 2355, 3105, 14852
2026/08/25 18:54:56.011, 448.64, 450.00, 100, 90, 2355, 3105, 14852
2026/08/25 18:54:56.130, 448.64, 450.00, 100, 90, 2355, 3105, 14852
2026/08/25 18:54:56.232, 448.64, 450.00, 100, 90, 2355, 3105, 14852
2026/08/25 18:54:56.335, 448.64, 450.00, 100, 90, 2355, 3105, 14852
2026/08/25 18:54:56.438, 450.14, 450.00, 100, 1, 2355, 3105, 14852
2026/08/25 18:54:56.541, 450.14, 450.00, 100, 1, 2355, 3105, 14852
2026/08/25 18:54:56.643, 450.14, 450.00, 100, 1, 2355, 3105, 14852
2026/08/25 18:54:56.745, 450.14, 450.00, 100, 1, 2355, 3105, 14852
2026/08/25 18:54:56.849, 450.14, 450.00, 100, 1, 2355, 3105, 14852
2026/08/25 18:54:56.954, 449.65, 450.00, 100, 100, 2340, 3105, 14852
2026/08/25 18:54:57.060, 449.65, 450.00, 100, 100, 2340, 3105, 14852
2026/08/25 18:54:57.191, 449.65, 450.00, 100, 100, 2340, 3105, 14852
2026/08/25 18:54:57.293, 449.65, 450.00, 100, 100, 2340, 3105, 14852
2026/08/25 18:54:57.396, 450.81, 450.00, 100, 1, 2340, 3105, 14852
2026/08/25 18:54:57.500, 450.81, 450.00, 100, 1, 2340, 3105, 14852
2026/08/25 18:54:57.602, 450.81, 450.00, 100, 1, 2340, 3105, 14852
2026/08/25 18:54:57.704, 450.81, 450.00, 100, 1, 2340, 3105, 14852
2026/08/25 18:54:57.808, 450.81, 450.00, 100, 1, 2340, 3105, 14852
2026/08/25 18:54:57.949, 448.70, 450.00, 100, 100, 2415, 3105, 14852
2026/08/25 18:54:58.087, 448.70, 450.00, 100, 100, 2415, 3105, 14852
2026/08/25 18:54:58.189, 448.70, 450.00, 100, 100, 2415, 3105, 14852
2026/08/25 18:54:58.292, 448.70, 450.00, 100, 100, 2415, 3105, 14852
2026/08/25 18:54:58.395, 448.05, 450.00, 100, 1, 2415, 3105, 14852
2026/08/25 18:54:58.507, 448.05, 450.00, 100, 1, 2415, 3105, 14852
2026/08/25 18:54:58.609, 448.05, 450.00, 100, 1, 2415, 3105, 14852
2026/08/25 18:54:58.714, 448.05, 450.00, 100, 1, 2415, 3105, 14852
2026/08/25 18:54:58.818, 448.05, 450.00, 100, 1, 2415, 3105, 14852
2026/08/25 18:54:58.932, 441.96, 450.00, 100, 91, 2505, 3105, 14852
2026/08/25 18:54:59.066, 441.96, 450.00, 100, 91, 2505, 3105, 14852
2026/08/25 18:54:59.168, 441.96, 450.00, 100, 91, 2505, 3105, 14852
2026/08/25 18:54:59.271, 441.96, 450.00, 100, 91, 2505, 3105, 14852
2026/08/25 18:54:59.374, 450.71, 450.00, 100, 1, 2505, 3105, 14852
2026/08/25 18:54:59.477, 450.71, 450.00, 100, 1, 2505, 3105, 14852
2026/08/25 18:54:59.580, 450.71, 450.00, 100, 1, 2505, 3105, 14852
2026/08/25 18:54:59.684, 450.71, 450.00, 100, 1, 2505, 3105, 14852
2026/08/25 18:54:59.789, 450.71, 450.00, 100, 1, 2505, 3105, 14852
2026/08/25 18:54:59.891, 446.66, 450.00, 100, 23, 2490, 3105, 14852
2026/08/25 18:54:59.998, 446.66, 450.00, 100, 23, 2490, 3105, 14852
2026/08/25 18:55:00.128, 446.66, 450.00, 100, 23, 2490, 3105, 14852
2026/08/25 18:55:00.230, 446.66, 450.00, 100, 23, 2490, 3105, 14852
2026/08/25 18:55:00.333, 446.66, 450.00, 100, 23, 2490, 3105, 14852
2026/08/25 18:55:00.436, 449.46, 450.00, 100, 1, 2490, 3105, 14852
2026/08/25 18:55:00.539, 449.46, 450.00, 100, 1, 2490, 3105, 14852
2026/08/25 18:55:00.643, 449.46, 450.00, 100, 1, 2490, 3105, 14852
2026/08/25 18:55:00.747, 449.46, 450.00, 100, 1, 2490, 3105, 14852
2026/08/25 18:55:00.850, 449.46, 450.00, 100, 1, 2490, 3105, 14852
2026/08/25 18:55:00.970, 447.14, 450.00, 100, 1, 2505, 3105, 14852
2026/08/25 18:55:01.073, 447.14, 450.00, 100, 1, 2505, 3105, 14852
2026/08/25 18:55:01.176, 447.14, 450.00, 100, 1, 2505, 3105, 14852
2026/08/25 18:55:01.279, 447.14, 450.00, 100, 1, 2505, 3105, 14852
2026/08/25 18:55:01.381, 449.78, 450.00, 100, 1, 2505, 3105, 14852
2026/08/25 18:55:01.484, 449.78, 450.00, 100, 1, 2505, 3105, 14852
2026/08/25 18:55:01.588, 449.78, 450.00, 100, 1, 2505, 3105, 14852
2026/08/25 18:55:01.728, 449.78, 450.00, 100, 1, 2505, 3105, 15588
2026/08/25 18:55:01.866, 449.78, 450.00, 100, 1, 2505, 3105, 15588
2026/08/25 18:55:01.968, 451.18, 450.00, 100, 2, 2280, 3105, 15588
2026/08/25 18:55:02.071, 451.18, 450.00, 100, 2, 2280, 3105, 15588
2026/08/25 18:55:02.174, 451.18, 450.00, 100, 2, 2280, 3105, 15588
2026/08/25 18:55:02.276, 451.18, 450.00, 100, 2, 2280, 3105, 15588
2026/08/25 18:55:02.381, 447.48, 450.00, 100, 99, 2280, 3105, 15588
2026/08/25 18:55:02.511, 447.48, 450.00, 100, 99, 2280, 3105, 15588
2026/08/25 18:55:02.614, 447.48, 450.00, 100, 99, 2280, 3105, 15588
2026/08/25 18:55:02.718, 447.48, 450.00, 100, 99, 2280, 3105, 15588
2026/08/25 18:55:02.820, 447.48, 450.00, 100, 99, 2280, 3105, 15588
2026/08/25 18:55:02.922, 450.26, 450.00, 100, 5, 2385, 3105, 15588
2026/08/25 18:55:03.026, 450.26, 450.00, 100, 5, 2385, 3105, 15588
2026/08/25 18:55:03.131, 450.26, 450.00, 100, 5, 2385, 3105, 15588
2026/08/25 18:55:03.265, 450.26, 450.00, 100, 5, 2385, 3105, 15588
2026/08/25 18:55:03.367, 450.26, 450.00, 100, 5, 2385, 3105, 15588
2026/08/25 18:55:03.470, 452.74, 450.00, 100, 2, 2385, 3105, 15588
2026/08/25 18:55:03.573, 452.74, 450.00, 100, 2, 2385, 3105, 15588
2026/08/25 18:55:03.680, 452.74, 450.00, 100, 2, 2385, 3105, 15588
2026/08/25 18:55:03.783, 452.74, 450.00, 100, 2, 2385, 3105, 15588
2026/08/25 18:55:03.886, 450.62, 450.00, 99, 33, 2280, 3105, 15588
2026/08/25 18:55:03.988, 450.62, 450.00, 99, 33, 2280, 3105, 15588
2026/08/25 18:55:04.090, 450.62, 450.00, 99, 33, 2280, 3105, 15588
2026/08/25 18:55:04.193, 450.62, 450.00, 99, 33, 2280, 3105, 15588
2026/08/25 18:55:04.296, 450.62, 450.00, 99, 33, 2280, 3105, 15588
2026/08/25 18:55:04.400, 443.94, 450.00, 99, 98, 2280, 3105, 15588
2026/08/25 18:55:04.528, 443.94, 450.00, 99, 98, 2280, 3105, 15588
2026/08/25 18:55:04.630, 443.94, 450.00, 99, 98, 2280, 3105, 15588
2026/08/25 18:55:04.733, 443.94, 450.00, 99, 98, 2280, 3105, 15588
2026/08/25 18:55:04.838, 443.94, 450.00, 99, 98, 2280, 3105, 15588
2026/08/25 18:55:04.950, 448.47, 450.00, 100, 20, 2355, 3105, 15588
2026/08/25 18:55:05.054, 448.47, 450.00, 100, 20, 2355, 3105, 15588
2026/08/25 18:55:05.177, 448.47, 450.00, 100, 20, 2355, 3105, 15588
2026/08/25 18:55:05.307, 448.47, 450.00, 100, 20, 2355, 3105, 15588
2026/08/25 18:55:05.409, 447.25, 450.00, 100, 2, 2355, 3105, 15588
2026/08/25 18:55:05.512, 447.25, 450.00, 100, 2, 2355, 3105, 15588
2026/08/25 18:55:05.619, 447.25, 450.00, 100, 2, 2355, 3105, 15588
2026/08/25 18:55:05.723, 447.25, 450.00, 100, 2, 2355, 3105, 15588
2026/08/25 18:55:05.868, 447.25, 450.00, 100, 2, 2355, 3105, 15588
2026/08/25 18:55:05.970, 445.77, 450.00, 100, 2, 2310, 3105, 15588
2026/08/25 18:55:06.073, 445.77, 450.00, 100, 2, 2310, 3105, 15588
2026/08/25 18:55:06.176, 445.77, 450.00, 100, 2, 2310, 3105, 15588
2026/08/25 18:55:06.280, 445.77, 450.00, 100, 2, 2310, 3105, 15588
2026/08/25 18:55:06.430, 440.17, 450.00, 99, 100, 2310, 3105, 15588
2026/08/25 18:55:06.568, 440.17, 450.00, 99, 100, 2310, 3105, 15588
2026/08/25 18:55:06.671, 440.17, 450.00, 99, 100, 2310, 3105, 15588
2026/08/25 18:55:06.774, 440.17, 450.00, 99, 100, 2310, 3105, 15588
2026/08/25 18:55:06.879, 449.39, 450.00, 100, 100, 2385, 3105, 15588
2026/08/25 18:55:06.982, 449.39, 450.00, 100, 100, 2385, 3105, 15588
2026/08/25 18:55:07.084, 449.39, 450.00, 100, 100, 2385, 3105, 15588
2026/08/25 18:55:07.189, 449.39, 450.00, 100, 100, 2385, 3105, 15588
2026/08/25 18:55:07.292, 449.39, 450.00, 100, 100, 2385, 3105, 15588
2026/08/25 18:55:07.395, 443.45, 450.00, 100, 2, 2385, 3105, 15588
2026/08/25 18:55:07.498, 443.45, 450.00, 100, 2, 2385, 3105, 15588
2026/08/25 18:55:07.602, 443.45, 450.00, 100, 2, 2385, 3105, 15588
2026/08/25 18:55:07.744, 443.45, 450.00, 100, 2, 2385, 3105, 15588
2026/08/25 18:55:07.847, 443.45, 450.00, 100, 2, 2385, 3105, 15588
2026/08/25 18:55:07.967, 443.11, 450.00, 100, 2, 2370, 3105, 15588
2026/08/25 18:55:08.070, 443.11, 450.00, 100, 2, 2370, 3105, 15588
2026/08/25 18:55:08.174, 443.11, 450.00, 100, 2, 2370, 3105, 15588
2026/08/25 18:55:08.277, 443.11, 450.00, 100, 2, 2370, 3105, 15588
2026/08/25 18:55:08.384, 451.04, 450.00, 99, 55, 2370, 3105, 15588
2026/08/25 18:55:08.528, 451.04, 450.00, 99, 55, 2370, 3105, 15588
2026/08/25 18:55:08.631, 451.04, 450.00, 99, 55, 2370, 3105, 15588
2026/08/25 18:55:08.734, 451.04, 450.00, 99, 55, 2370, 3105, 15588
2026/08/25 18:55:08.838, 451.04, 450.00, 99, 55, 2370, 3105, 15588
2026/08/25 18:55:08.943, 450.00, 450.00, 99, 99, 2550, 3105, 15588
2026/08/25 18:55:09.086, 450.00, 450.00, 99, 99, 2550, 3105, 15588
2026/08/25 18:55:09.189, 450.00, 450.00, 99, 99, 2550, 3105, 15588
2026/08/25 18:55:09.292, 450.00, 450.00, 99, 99, 2550, 3105, 15588
2026/08/25 18:55:09.395, 451.06, 450.00, 100, 19, 2550, 3105, 15588
2026/08/25 18:55:09.508, 451.06, 450.00, 100, 19, 2550, 3105, 15588
2026/08/25 18:55:09.613, 451.06, 450.00, 100, 19, 2550, 3105, 15588
2026/08/25 18:55:09.717, 451.06, 450.00, 100, 19, 2550, 3105, 15588
2026/08/25 18:55:09.819, 451.06, 450.00, 100, 19, 2550, 3105, 15588
2026/08/25 18:55:09.921, 448.92, 450.00, 100, 2, 2325, 3105, 15588
2026/08/25 18:55:10.067, 448.92, 450.00, 100, 2, 2325, 3105, 15588
2026/08/25 18:55:10.172, 448.92, 450.00, 100, 2, 2325, 3105, 15588
2026/08/25 18:55:10.278, 448.92, 450.00, 100, 2, 2325, 3105, 15588
2026/08/25 18:55:10.403, 450.85, 450.00, 100, 2, 2325, 3105, 15588
2026/08/25 18:55:10.505, 450.85, 450.00, 100, 2, 2325, 3105, 15588
2026/08/25 18:55:10.607, 450.85, 450.00, 100, 2, 2325, 3105, 15588
2026/08/25 18:55:10.710, 450.85, 450.00, 100, 2, 2325, 3105, 15588
2026/08/25 18:55:10.814, 450.85, 450.00, 100, 2, 2325, 3105, 15588
2026/08/25 18:55:10.919, 447.77, 450.00, 99, 100, 2565, 3105, 15588
2026/08/25 18:55:11.045, 447.77, 450.00, 99, 100, 2565, 3105, 15588
2026/08/25 18:55:11.147, 447.77, 450.00, 99, 100, 2565, 3105, 15588
2026/08/25 18:55:11.251, 447.77, 450.00, 99, 100, 2565, 3105, 15588
2026/08/25 18:55:11.385, 449.98, 450.00, 100, 100, 2565, 3105, 15588
2026/08/25 18:55:11.489, 449.98, 450.00, 100, 100, 2565, 3105, 15588
2026/08/25 18:55:11.607, 449.98, 450.00, 100, 100, 2565, 3105, 15588
2026/08/25 18:55:11.710, 449.98, 450.00, 100, 100, 2565, 3105, 15588
2026/08/25 18:55:11.813, 449.98, 450.00, 100, 100, 2565, 3105, 15588
2026/08/25 18:55:11.916, 448.22, 450.00, 100, 2, 2355, 3105, 15588
2026/08/25 18:55:12.020, 448.22, 450.00, 100, 2, 2355, 3105, 15588
2026/08/25 18:55:12.123, 448.22, 450.00, 100, 2, 2355, 3105, 15588
2026/08/25 18:55:12.226, 448.22, 450.00, 100, 2, 2355, 3105, 15588
2026/08/25 18:55:12.329, 448.22, 450.00, 100, 2, 2355, 3105, 15588
2026/08/25 18:55:12.432, 449.44, 450.00, 100, 2, 2355, 3105, 15588
2026/08/25 18:55:12.536, 449.44, 450.00, 100, 2, 2355, 3105, 15588
2026/08/25 18:55:12.639, 449.44, 450.00, 100, 2, 2355, 3105, 15588
2026/08/25 18:55:12.742, 449.44, 450.00, 100, 2, 2355, 3105, 15588
2026/08/25 18:55:12.867, 449.44, 450.00, 100, 2, 2355, 3105, 15588
2026/08/25 18:55:13.001, 448.54, 450.00, 87, 22, 2310, 3105, 15588
2026/08/25 18:55:13.103, 448.54, 450.00, 87, 22, 2310, 3105, 15588
2026/08/25 18:55:13.206, 448.54, 450.00, 87, 22, 2310, 3105, 15588
2026/08/25 18:55:13.311, 448.54, 450.00, 87, 22, 2310, 3105, 15588
2026/08/25 18:55:13.416, 445.30, 450.00, 95, 93, 2310, 3105, 15588
2026/08/25 18:55:13.518, 445.30, 450.00, 95, 93, 2310, 3105, 15588
2026/08/25 18:55:13.626, 445.30, 450.00, 95, 93, 2310, 3105, 15588
2026/08/25 18:55:13.729, 445.30, 450.00, 95, 93, 2310, 3105, 15588
2026/08/25 18:55:13.832, 445.30, 450.00, 95, 93, 2310, 3105, 15588
2026/08/25 18:55:13.936, 449.02, 450.00, 100, 39, 2385, 3105, 15588
2026/08/25 18:55:14.039, 449.02, 450.00, 100, 39, 2385, 3105, 15588
2026/08/25 18:55:14.184, 449.02, 450.00, 100, 39, 2385, 3105, 15588
2026/08/25 18:55:14.286, 449.02, 450.00, 100, 39, 2385, 3105, 15588
2026/08/25 18:55:14.405, 437.16, 450.00, 100, 2, 2385, 3105, 15588
2026/08/25 18:55:14.507, 437.16, 450.00, 100, 2, 2385, 3105, 15588
2026/08/25 18:55:14.612, 437.16, 450.00, 100, 2, 2385, 3105, 15588
2026/08/25 18:55:14.716, 437.16, 450.00, 100, 2, 2385, 3105, 15588
2026/08/25 18:55:14.819, 437.16, 450.00, 100, 2, 2385, 3105, 15588
2026/08/25 18:55:14.921, 443.33, 450.00, 100, 2, 2280, 3105, 15588
2026/08/25 18:55:15.024, 443.33, 450.00, 100, 2, 2280, 3105, 15588
2026/08/25 18:55:15.126, 443.33, 450.00, 100, 2, 2280, 3105, 15588
2026/08/25 18:55:15.229, 443.33, 450.00, 100, 2, 2280, 3105, 15588
2026/08/25 18:55:15.333, 443.33, 450.00, 100, 2, 2280, 3105, 15588
2026/08/25 18:55:15.447, 448.92, 450.00, 99, 100, 2280, 3105, 15588
2026/08/25 18:55:15.583, 448.92, 450.00, 99, 100, 2280, 3105, 15588
2026/08/25 18:55:15.685, 448.92, 450.00, 99, 100, 2280, 3105, 15588
2026/08/25 18:55:15.788, 448.92, 450.00, 99, 100, 2280, 3105, 15588
2026/08/25 18:55:15.893, 448.92, 450.00, 99, 100, 2280, 3105, 15588
2026/08/25 18:55:15.996, 449.23, 450.00, 100, 95, 2280, 3105, 15588
2026/08/25 18:55:16.098, 449.23, 450.00, 100, 95, 2280, 3105, 15588
2026/08/25 18:55:16.225, 449.23, 450.00, 100, 95, 2280, 3105, 15588
2026/08/25 18:55:16.327, 449.23, 450.00, 100, 95, 2280, 3105, 15588
2026/08/25 18:55:16.430, 448.20, 450.00, 100, 2, 2280, 3105, 15588
2026/08/25 18:55:16.535, 448.20, 450.00, 100, 2, 2280, 3105, 15588
2026/08/25 18:55:16.639, 448.20, 450.00, 100, 2, 2280, 3105, 15588
2026/08/25 18:55:16.744, 448.20, 450.00, 100, 2, 2280, 3105, 15588
2026/08/25 18:55:16.846, 448.20, 450.00, 100, 2, 2280, 3105, 15588
2026/08/25 18:55:16.983, 445.54, 450.00, 100, 2, 2340, 3105, 15588
2026/08/25 18:55:17.085, 445.54, 450.00, 100, 2, 2340, 3105, 15588
2026/08/25 18:55:17.190, 445.54, 450.00, 100, 2, 2340, 3105, 15588
2026/08/25 18:55:17.346, 445.54, 450.00, 100, 2, 2340, 3105, 15588
2026/08/25 18:55:17.450, 446.61, 450.00, 99, 30, 2340, 3105, 15588
2026/08/25 18:55:17.554, 446.61, 450.00, 99, 30, 2340, 3105, 15588
2026/08/25 18:55:17.656, 446.61, 450.00, 99, 30, 2340, 3105, 15588
2026/08/25 18:55:17.759, 446.61, 450.00, 99, 30, 2340, 3105, 15588
2026/08/25 18:55:17.863, 446.61, 450.00, 99, 30, 2340, 3105, 15588
2026/08/25 18:55:17.976, 445.22, 450.00, 99, 99, 2595, 3105, 15588
2026/08/25 18:55:18.078, 445.22, 450.00, 99, 99, 2595, 3105, 15588
2026/08/25 18:55:18.187, 445.22, 450.00, 99, 99, 2595, 3105, 15588
2026/08/25 18:55:18.290, 445.22, 450.00, 99, 99, 2595, 3105, 15588
2026/08/25 18:55:18.395, 445.22, 450.00, 99, 99, 2595, 3105, 15588
2026/08/25 18:55:18.497, 449.28, 450.00, 100, 74, 2595, 3105, 15588
2026/08/25 18:55:18.606, 449.28, 450.00, 100, 74, 2595, 3105, 15588
2026/08/25 18:55:18.744, 449.28, 450.00, 100, 74, 2595, 3105, 15588
2026/08/25 18:55:18.847, 449.28, 450.00, 100, 74, 2595, 3105, 15588
2026/08/25 18:55:18.950, 447.69, 450.00, 100, 2, 2340, 3105, 15588
2026/08/25 18:55:19.083, 447.69, 450.00, 100, 2, 2340, 3105, 15588
2026/08/25 18:55:19.188, 447.69, 450.00, 100, 2, 2340, 3105, 15588
2026/08/25 18:55:19.291, 447.69, 450.00, 100, 2, 2340, 3105, 15588
2026/08/25 18:55:19.393, 447.69, 450.00, 100, 2, 2340, 3105, 15588
2026/08/25 18:55:19.496, 447.24, 450.00, 100, 2, 2340, 3105, 15588
2026/08/25 18:55:19.598, 447.24, 450.00, 100, 2, 2340, 3105, 15588
2026/08/25 18:55:19.702, 447.24, 450.00, 100, 2, 2340, 3105, 15588
2026/08/25 18:55:19.806, 447.24, 450.00, 100, 2, 2340, 3105, 15588
2026/08/25 18:55:19.910, 447.64, 450.00, 99, 72, 2325, 3105, 15588
2026/08/25 18:55:20.014, 447.64, 450.00, 99, 72, 2325, 3105, 15588
2026/08/25 18:55:20.116, 447.64, 450.00, 99, 72, 2325, 3105, 15588
2026/08/25 18:55:20.218, 447.64, 450.00, 99, 72, 2325, 3105, 15588
2026/08/25 18:55:20.320, 447.64, 450.00, 99, 72, 2325, 3105, 15588
2026/08/25 18:55:20.424, 448.02, 450.00, 100, 100, 2325, 3105, 15588
2026/08/25 18:55:20.529, 448.02, 450.00, 100, 100, 2325, 3105, 15588
2026/08/25 18:55:20.633, 448.02, 450.00, 100, 100, 2325, 3105, 15588
2026/08/25 18:55:20.735, 448.02, 450.00, 100, 100, 2325, 3105, 15588
2026/08/25 18:55:20.837, 448.02, 450.00, 100, 100, 2325, 3105, 15588
2026/08/25 18:55:20.980, 450.63, 450.00, 100, 2, 2310, 3105, 15588
2026/08/25 18:55:21.084, 450.63, 450.00, 100, 2, 2310, 3105, 15588
2026/08/25 18:55:21.189, 450.63, 450.00, 100, 2, 2310, 3105, 15588
2026/08/25 18:55:21.321, 450.63, 450.00, 100, 2, 2310, 3105, 15588
2026/08/25 18:55:21.423, 450.07, 450.00, 100, 2, 2310, 3105, 15588
2026/08/25 18:55:21.526, 450.07, 450.00, 100, 2, 2310, 3105, 15588
2026/08/25 18:55:21.629, 450.07, 450.00, 100, 2, 2310, 3105, 15588
2026/08/25 18:55:21.734, 450.07, 450.00, 100, 2, 2310, 3105, 15588
2026/08/25 18:55:21.836, 450.07, 450.00, 100, 2, 2310, 3105, 15588
2026/08/25 18:55:21.962, 443.30, 450.00, 91, 100, 2580, 3105, 15588
2026/08/25 18:55:22.102, 443.30, 450.00, 91, 100, 2580, 3105, 15588
2026/08/25 18:55:22.204, 443.30, 450.00, 91, 100, 2580, 3105, 15588
2026/08/25 18:55:22.307, 443.30, 450.00, 91, 100, 2580, 3105, 15588
2026/08/25 18:55:22.410, 452.52, 450.00, 100, 13, 2580, 3105, 15588
2026/08/25 18:55:22.514, 452.52, 450.00, 100, 13, 2580, 3105, 15588
2026/08/25 18:55:22.665, 452.52, 450.00, 100, 13, 2580, 3105, 15588
2026/08/25 18:55:22.798, 452.52, 450.00, 100, 13, 2580, 3105, 15588
2026/08/25 18:55:22.901, 452.52, 450.00, 100, 13, 2580, 3105, 15588
2026/08/25 18:55:23.003, 451.90, 450.00, 100, 2, 2280, 3105, 15588
2026/08/25 18:55:23.105, 451.90, 450.00, 100, 2, 2280, 3105, 15588
2026/08/25 18:55:23.210, 451.90, 450.00, 100, 2, 2280, 3105, 15588
2026/08/25 18:55:23.365, 451.90, 450.00, 100, 2, 2280, 3105, 15588
2026/08/25 18:55:23.501, 449.84, 450.00, 99, 41, 2280, 3105, 15588
2026/08/25 18:55:23.603, 449.84, 450.00, 99, 41, 2280, 3105, 15588
2026/08/25 18:55:23.706, 449.84, 450.00, 99, 41, 2280, 3105, 15588
2026/08/25 18:55:23.809, 449.84, 450.00, 99, 41, 2280, 3105, 15588
2026/08/25 18:55:23.912, 448.46, 450.00, 100, 100, 2505, 3105, 15588
2026/08/25 18:55:24.062, 448.46, 450.00, 100, 100, 2505, 3105, 15588
2026/08/25 18:55:24.198, 448.46, 450.00, 100, 100, 2505, 3105, 15588
2026/08/25 18:55:24.301, 448.46, 450.00, 100, 100, 2505, 3105, 15588
2026/08/25 18:55:24.403, 448.46, 450.00, 100, 100, 2505, 3105, 15588
2026/08/25 18:55:24.506, 453.54, 450.00, 100, 2, 2505, 3105, 15588
2026/08/25 18:55:24.611, 453.54, 450.00, 100, 2, 2505, 3105, 15588
2026/08/25 18:55:24.715, 453.54, 450.00, 100, 2, 2505, 3105, 15588
2026/08/25 18:55:24.817, 453.54, 450.00, 100, 2, 2505, 3105, 15588
2026/08/25 18:55:24.919, 451.11, 450.00, 100, 2, 2280, 3105, 15588
2026/08/25 18:55:25.021, 451.11, 450.00, 100, 2, 2280, 3105, 15588
2026/08/25 18:55:25.123, 451.11, 450.00, 100, 2, 2280, 3105, 15588
2026/08/25 18:55:25.228, 451.11, 450.00, 100, 2, 2280, 3105, 15588
2026/08/25 18:55:25.332, 451.11, 450.00, 100, 2, 2280, 3105, 15588
2026/08/25 18:55:25.434, 444.57, 450.00, 100, 100, 2280, 3105, 15588
2026/08/25 18:55:25.536, 444.57, 450.00, 100, 100, 2280, 3105, 15588
2026/08/25 18:55:25.639, 444.57, 450.00, 100, 100, 2280, 3105, 15588
2026/08/25 18:55:25.741, 444.57, 450.00, 100, 100, 2280, 3105, 15588
2026/08/25 18:55:25.844, 444.57, 450.00, 100, 100, 2280, 3105, 15588
2026/08/25 18:55:25.949, 446.74, 450.00, 100, 100, 2160, 3105, 15588
2026/08/25 18:55:26.081, 446.74, 450.00, 100, 100, 2160, 3105, 15588
2026/08/25 18:55:26.183, 446.74, 450.00, 100, 100, 2160, 3105, 15588
2026/08/25 18:55:26.286, 446.74, 450.00, 100, 100, 2160, 3105, 15588
2026/08/25 18:55:26.389, 446.74, 450.00, 100, 100, 2160, 3105, 15588
2026/08/25 18:55:26.491, 447.86, 450.00, 100, 2, 2160, 3105, 15588
2026/08/25 18:55:26.595, 447.86, 450.00, 100, 2, 2160, 3105, 15588
2026/08/25 18:55:26.699, 447.86, 450.00, 100, 2, 2160, 3105, 15588
2026/08/25 18:55:26.801, 447.86, 450.00, 100, 2, 2160, 3105, 15588
2026/08/25 18:55:26.904, 446.78, 450.00, 100, 2, 2280, 3105, 15588
2026/08/25 18:55:27.007, 446.78, 450.00, 100, 2, 2280, 3105, 15588
2026/08/25 18:55:27.109, 446.78, 450.00, 100, 2, 2280, 3105, 15588
2026/08/25 18:55:27.213, 446.78, 450.00, 100, 2, 2280, 3105, 15588
2026/08/25 18:55:27.316, 446.78, 450.00, 100, 2, 2280, 3105, 15588
2026/08/25 18:55:27.423, 442.91, 450.00, 99, 100, 2280, 3105, 15588
2026/08/25 18:55:27.561, 442.91, 450.00, 99, 100, 2280, 3105, 15588
2026/08/25 18:55:27.663, 442.91, 450.00, 99, 100, 2280, 3105, 15588
2026/08/25 18:55:27.766, 442.91, 450.00, 99, 100, 2280, 3105, 15588
2026/08/25 18:55:27.872, 442.91, 450.00, 99, 100, 2280, 3105, 15588
2026/08/25 18:55:27.974, 446.86, 450.00, 100, 93, 2340, 3105, 15588
2026/08/25 18:55:28.079, 446.86, 450.00, 100, 93, 2340, 3105, 15588
2026/08/25 18:55:28.181, 446.86, 450.00, 100, 93, 2340, 3105, 15588
2026/08/25 18:55:28.283, 446.86, 450.00, 100, 93, 2340, 3105, 15588
2026/08/25 18:55:28.386, 446.86, 450.00, 100, 93, 2340, 3105, 15588
2026/08/25 18:55:28.488, 447.79, 450.00, 100, 2, 2340, 3105, 15588
2026/08/25 18:55:28.593, 447.79, 450.00, 100, 2, 2340, 3105, 15588
2026/08/25 18:55:28.739, 447.79, 450.00, 100, 2, 2340, 3105, 15588
2026/08/25 18:55:28.841, 447.79, 450.00, 100, 2, 2340, 3105, 15588
2026/08/25 18:55:28.945, 444.89, 450.00, 100, 2, 2310, 3105, 15588
2026/08/25 18:55:29.048, 444.89, 450.00, 100, 2, 2310, 3105, 15588
2026/08/25 18:55:29.152, 444.89, 450.00, 100, 2, 2310, 3105, 15588
2026/08/25 18:55:29.256, 444.89, 450.00, 100, 2, 2310, 3105, 15588
2026/08/25 18:55:29.378, 444.89, 450.00, 100, 2, 2310, 3105, 15588
2026/08/25 18:55:29.521, 443.40, 450.00, 99, 98, 2310, 3105, 15588
2026/08/25 18:55:29.623, 443.40, 450.00, 99, 98, 2310, 3105, 15588
2026/08/25 18:55:29.726, 443.40, 450.00, 99, 98, 2310, 3105, 15588
2026/08/25 18:55:29.828, 443.40, 450.00, 99, 98, 2310, 3105, 15588
2026/08/25 18:55:29.932, 447.35, 450.00, 100, 100, 2520, 3105, 15588
2026/08/25 18:55:30.082, 447.35, 450.00, 100, 100, 2520, 3105, 15588
2026/08/25 18:55:30.185, 447.35, 450.00, 100, 100, 2520, 3105, 15588
2026/08/25 18:55:30.288, 447.35, 450.00, 100, 100, 2520, 3105, 15588
2026/08/25 18:55:30.390, 447.35, 450.00, 100, 100, 2520, 3105, 15588
2026/08/25 18:55:30.500, 450.05, 450.00, 100, 2, 2520, 3105, 15588
2026/08/25 18:55:30.604, 450.05, 450.00, 100, 2, 2520, 3105, 15588
2026/08/25 18:55:30.709, 450.05, 450.00, 100, 2, 2520, 3105, 15588
2026/08/25 18:55:30.811, 450.05, 450.00, 100, 2, 2520, 3105, 15588
2026/08/25 18:55:30.913, 450.05, 450.00, 100, 2, 2520, 3105, 15588
2026/08/25 18:55:31.015, 447.22, 450.00, 100, 2, 2325, 3105, 15588
2026/08/25 18:55:31.119, 447.22, 450.00, 100, 2, 2325, 3105, 15588
2026/08/25 18:55:31.224, 447.22, 450.00, 100, 2, 2325, 3105, 15588
2026/08/25 18:55:31.329, 447.22, 450.00, 100, 2, 2325, 3105, 15588
2026/08/25 18:55:31.479, 450.60, 450.00, 99, 73, 2325, 3105, 15588
2026/08/25 18:55:31.581, 450.60, 450.00, 99, 73, 2325, 3105, 15588
2026/08/25 18:55:31.684, 450.60, 450.00, 99, 73, 2325, 3105, 15588
2026/08/25 18:55:31.787, 450.60, 450.00, 99, 73, 2325, 3105, 15588
2026/08/25 18:55:31.900, 450.60, 450.00, 99, 73, 2325, 3105, 15588
2026/08/25 18:55:32.006, 450.02, 450.00, 100, 100, 2520, 3105, 15588
2026/08/25 18:55:32.108, 450.02, 450.00, 100, 100, 2520, 3105, 15588
2026/08/25 18:55:32.210, 450.02, 450.00, 100, 100, 2520, 3105, 15588
2026/08/25 18:55:32.313, 450.02, 450.00, 100, 100, 2520, 3105, 15588
2026/08/25 18:55:32.458, 451.89, 450.00, 100, 2, 2520, 3105, 15588
2026/08/25 18:55:32.562, 451.89, 450.00, 100, 2, 2520, 3105, 15588
2026/08/25 18:55:32.667, 451.89, 450.00, 100, 2, 2520, 3105, 15588
2026/08/25 18:55:32.796, 451.89, 450.00, 100, 2, 2520, 3105, 15588
2026/08/25 18:55:32.898, 451.89, 450.00, 100, 2, 2520, 3105, 15588
2026/08/25 18:55:33.001, 448.20, 450.00, 100, 2, 2295, 3105, 15588
2026/08/25 18:55:33.104, 448.20, 450.00, 100, 2, 2295, 3105, 15588
2026/08/25 18:55:33.210, 448.20, 450.00, 100, 2, 2295, 3105, 15588
2026/08/25 18:55:33.315, 448.20, 450.00, 100, 2, 2295, 3105, 15588
2026/08/25 18:55:33.438, 455.43, 450.00, 100, 16, 2295, 3105, 15588
2026/08/25 18:55:33.540, 455.43, 450.00, 100, 16, 2295, 3105, 15588
2026/08/25 18:55:33.643, 455.43, 450.00, 100, 16, 2295, 3105, 15588
2026/08/25 18:55:33.746, 455.43, 450.00, 100, 16, 2295, 3105, 15588
2026/08/25 18:55:33.851, 455.43, 450.00, 100, 16, 2295, 3105, 15588
2026/08/25 18:55:33.956, 443.67, 450.00, 99, 95, 2595, 3105, 15588
2026/08/25 18:55:34.058, 443.67, 450.00, 99, 95, 2595, 3105, 15588
2026/08/25 18:55:34.160, 443.67, 450.00, 99, 95, 2595, 3105, 15588
2026/08/25 18:55:34.263, 443.67, 450.00, 99, 95, 2595, 3105, 15588
2026/08/25 18:55:34.415, 443.67, 450.00, 99, 95, 2595, 3105, 15588
2026/08/25 18:55:34.519, 451.15, 450.00, 100, 29, 2595, 3105, 15588
2026/08/25 18:55:34.624, 451.15, 450.00, 100, 29, 2595, 3105, 15588
2026/08/25 18:55:34.729, 451.15, 450.00, 100, 29, 2595, 3105, 15588
2026/08/25 18:55:34.838, 451.15, 450.00, 100, 29, 2595, 3105, 15588
2026/08/25 18:55:34.940, 438.07, 450.00, 100, 2, 2310, 3105, 15588
2026/08/25 18:55:35.044, 438.07, 450.00, 100, 2, 2310, 3105, 15588
2026/08/25 18:55:35.147, 438.07, 450.00, 100, 2, 2310, 3105, 15588
2026/08/25 18:55:35.251, 438.07, 450.00, 100, 2, 2310, 3105, 15588
2026/08/25 18:55:35.355, 438.07, 450.00, 100, 2, 2310, 3105, 15588
2026/08/25 18:55:35.458, 440.55, 450.00, 100, 100, 2310, 3105, 15588
2026/08/25 18:55:35.561, 440.55, 450.00, 100, 100, 2310, 3105, 15588
2026/08/25 18:55:35.664, 440.55, 450.00, 100, 100, 2310, 3105, 15588
2026/08/25 18:55:35.768, 440.55, 450.00, 100, 100, 2310, 3105, 15588
2026/08/25 18:55:35.871, 440.55, 450.00, 100, 100, 2310, 3105, 15588
2026/08/25 18:55:35.976, 449.25, 450.00, 100, 67, 2385, 3105, 15588
2026/08/25 18:55:36.081, 449.25, 450.00, 100, 67, 2385, 3105, 15588
2026/08/25 18:55:36.184, 449.25, 450.00, 100, 67, 2385, 3105, 15588
2026/08/25 18:55:36.286, 449.25, 450.00, 100, 67, 2385, 3105, 15588
2026/08/25 18:55:36.388, 449.25, 450.00, 100, 67, 2385, 3105, 15588
2026/08/25 18:55:36.490, 447.03, 450.00, 100, 2, 2385, 3105, 15588
2026/08/25 18:55:36.595, 447.03, 450.00, 100, 2, 2385, 3105, 15588
2026/08/25 18:55:36.699, 447.03, 450.00, 100, 2, 2385, 3105, 15588
2026/08/25 18:55:36.804, 447.03, 450.00, 100, 2, 2385, 3105, 15588
2026/08/25 18:55:36.907, 447.03, 450.00, 100, 2, 2385, 3105, 15588
2026/08/25 18:55:37.009, 447.90, 450.00, 100, 2, 2325, 3105, 15588
2026/08/25 18:55:37.111, 447.90, 450.00, 100, 2, 2325, 3105, 15588
2026/08/25 18:55:37.213, 447.90, 450.00, 100, 2, 2325, 3105, 15588
2026/08/25 18:55:37.317, 447.90, 450.00, 100, 2, 2325, 3105, 15588
2026/08/25 18:55:37.422, 445.88, 450.00, 99, 100, 2325, 3105, 15588
2026/08/25 18:55:37.525, 445.88, 450.00, 99, 100, 2325, 3105, 15588
2026/08/25 18:55:37.628, 445.88, 450.00, 99, 100, 2325, 3105, 15588
2026/08/25 18:55:37.730, 445.88, 450.00, 99, 100, 2325, 3105, 15588
2026/08/25 18:55:37.832, 445.88, 450.00, 99, 100, 2325, 3105, 15588
2026/08/25 18:55:37.936, 448.20, 450.00, 100, 91, 2385, 3105, 15588
2026/08/25 18:55:38.041, 448.20, 450.00, 100, 91, 2385, 3105, 15588
2026/08/25 18:55:38.143, 448.20, 450.00, 100, 91, 2385, 3105, 15588
2026/08/25 18:55:38.248, 448.20, 450.00, 100, 91, 2385, 3105, 15588
2026/08/25 18:55:38.350, 448.20, 450.00, 100, 91, 2385, 3105, 15588
2026/08/25 18:55:38.452, 447.07, 450.00, 100, 2, 2385, 3105, 15588
2026/08/25 18:55:38.556, 447.07, 450.00, 100, 2, 2385, 3105, 15588
2026/08/25 18:55:38.660, 447.07, 450.00, 100, 2, 2385, 3105, 15588
2026/08/25 18:55:38.763, 447.07, 450.00, 100, 2, 2385, 3105, 15588
2026/08/25 18:55:38.867, 447.07, 450.00, 100, 2, 2385, 3105, 15588
2026/08/25 18:55:38.970, 448.58, 450.00, 100, 2, 2340, 3105, 15588
2026/08/25 18:55:39.072, 448.58, 450.00, 100, 2, 2340, 3105, 15588
2026/08/25 18:55:39.176, 448.58, 450.00, 100, 2, 2340, 3105, 15588
2026/08/25 18:55:39.280, 448.58, 450.00, 100, 2, 2340, 3105, 15588
2026/08/25 18:55:39.385, 448.58, 450.00, 100, 2, 2340, 3105, 15588
2026/08/25 18:55:39.488, 449.22, 450.00, 99, 53, 2340, 3105, 15588
2026/08/25 18:55:39.590, 449.22, 450.00, 99, 53, 2340, 3105, 15588
2026/08/25 18:55:39.692, 449.22, 450.00, 99, 53, 2340, 3105, 15588
2026/08/25 18:55:39.796, 449.22, 450.00, 99, 53, 2340, 3105, 15588
2026/08/25 18:55:39.898, 449.22, 450.00, 99, 53, 2340, 3105, 15588
2026/08/25 18:55:40.003, 447.05, 450.00, 99, 97, 2595, 3105, 15588
2026/08/25 18:55:40.107, 447.05, 450.00, 99, 97, 2595, 3105, 15588
2026/08/25 18:55:40.210, 447.05, 450.00, 99, 97, 2595, 3105, 15588
2026/08/25 18:55:40.312, 447.05, 450.00, 99, 97, 2595, 3105, 15588
2026/08/25 18:55:40.414, 447.05, 450.00, 99, 97, 2595, 3105, 15588
2026/08/25 18:55:40.518, 449.02, 450.00, 100, 19, 2595, 3105, 15588
2026/08/25 18:55:40.635, 449.02, 450.00, 100, 19, 2595, 3105, 15588
2026/08/25 18:55:40.776, 449.02, 450.00, 100, 19, 2595, 3105, 15588
2026/08/25 18:55:40.878, 449.02, 450.00, 100, 19, 2595, 3105, 15588
2026/08/25 18:55:40.981, 448.30, 450.00, 100, 2, 2340, 3105, 15588
2026/08/25 18:55:41.085, 448.30, 450.00, 100, 2, 2340, 3105, 15588
2026/08/25 18:55:41.188, 448.30, 450.00, 100, 2, 2340, 3105, 15588
2026/08/25 18:55:41.292, 448.30, 450.00, 100, 2, 2340, 3105, 15588
2026/08/25 18:55:41.417, 448.30, 450.00, 100, 2, 2340, 3105, 15588
2026/08/25 18:55:41.520, 446.38, 450.00, 100, 2, 2340, 3105, 15588
2026/08/25 18:55:41.623, 446.38, 450.00, 100, 2, 2340, 3105, 15588
2026/08/25 18:55:41.727, 446.38, 450.00, 100, 2, 2340, 3105, 15588
2026/08/25 18:55:41.830, 446.38, 450.00, 100, 2, 2340, 3105, 15588
2026/08/25 18:55:41.934, 442.17, 450.00, 99, 100, 2280, 3105, 15588
2026/08/25 18:55:42.037, 442.17, 450.00, 99, 100, 2280, 3105, 15588
2026/08/25 18:55:42.141, 442.17, 450.00, 99, 100, 2280, 3105, 15588
2026/08/25 18:55:42.244, 442.17, 450.00, 99, 100, 2280, 3105, 15588
2026/08/25 18:55:42.347, 442.17, 450.00, 99, 100, 2280, 3105, 15588
2026/08/25 18:55:42.451, 451.39, 450.00, 100, 99, 2280, 3105, 15588
2026/08/25 18:55:42.594, 451.39, 450.00, 100, 99, 2280, 3105, 15588
2026/08/25 18:55:42.696, 451.39, 450.00, 100, 99, 2280, 3105, 15588
2026/08/25 18:55:42.816, 451.39, 450.00, 100, 99, 2280, 3105, 15588
2026/08/25 18:55:42.918, 451.39, 450.00, 100, 99, 2280, 3105, 15588
2026/08/25 18:55:43.022, 443.75, 450.00, 100, 2, 2310, 3105, 15588
2026/08/25 18:55:43.126, 443.75, 450.00, 100, 2, 2310, 3105, 15588
2026/08/25 18:55:43.239, 443.75, 450.00, 100, 2, 2310, 3105, 15588
2026/08/25 18:55:43.376, 443.75, 450.00, 100, 2, 2310, 3105, 15588
2026/08/25 18:55:43.479, 447.26, 450.00, 100, 2, 2310, 3105, 15588
2026/08/25 18:55:43.582, 447.26, 450.00, 100, 2, 2310, 3105, 15588
2026/08/25 18:55:43.714, 447.26, 450.00, 100, 2, 2310, 3105, 15588
2026/08/25 18:55:43.818, 447.26, 450.00, 100, 2, 2310, 3105, 15588
2026/08/25 18:55:43.921, 447.26, 450.00, 100, 2, 2310, 3105, 15588
2026/08/25 18:55:44.025, 448.34, 450.00, 99, 64, 2340, 3105, 15588
2026/08/25 18:55:44.128, 448.34, 450.00, 99, 64, 2340, 3105, 15588
2026/08/25 18:55:44.230, 448.34, 450.00, 99, 64, 2340, 3105, 15588
2026/08/25 18:55:44.334, 448.34, 450.00, 99, 64, 2340, 3105, 15588
2026/08/25 18:55:44.439, 445.87, 450.00, 99, 97, 2340, 3105, 15588
2026/08/25 18:55:44.554, 445.87, 450.00, 99, 97, 2340, 3105, 15588
2026/08/25 18:55:44.657, 445.87, 450.00, 99, 97, 2340, 3105, 15588
2026/08/25 18:55:44.760, 445.87, 450.00, 99, 97, 2340, 3105, 15588
2026/08/25 18:55:44.863, 445.87, 450.00, 99, 97, 2340, 3105, 15588
2026/08/25 18:55:44.967, 448.51, 450.00, 100, 24, 2385, 3105, 15588
2026/08/25 18:55:45.073, 448.51, 450.00, 100, 24, 2385, 3105, 15588
2026/08/25 18:55:45.191, 448.51, 450.00, 100, 24, 2385, 3105, 15588
2026/08/25 18:55:45.294, 448.51, 450.00, 100, 24, 2385, 3105, 15588
2026/08/25 18:55:45.396, 448.51, 450.00, 100, 24, 2385, 3105, 15588
2026/08/25 18:55:45.498, 448.42, 450.00, 100, 2, 2385, 3105, 15588
2026/08/25 18:55:45.616, 448.42, 450.00, 100, 2, 2385, 3105, 15588
2026/08/25 18:55:45.721, 448.42, 450.00, 100, 2, 2385, 3105, 15588
2026/08/25 18:55:45.825, 448.42, 450.00, 100, 2, 2385, 3105, 15588
2026/08/25 18:55:45.927, 447.16, 450.00, 100, 2, 2310, 3105, 15588
2026/08/25 18:55:46.029, 447.16, 450.00, 100, 2, 2310, 3105, 15588
2026/08/25 18:55:46.132, 447.16, 450.00, 100, 2, 2310, 3105, 15588
2026/08/25 18:55:46.236, 447.16, 450.00, 100, 2, 2310, 3105, 15588
2026/08/25 18:55:46.375, 447.16, 450.00, 100, 2, 2310, 3105, 15588
2026/08/25 18:55:46.512, 441.86, 450.00, 99, 100, 2310, 3105, 15588
2026/08/25 18:55:46.614, 441.86, 450.00, 99, 100, 2310, 3105, 15588
2026/08/25 18:55:46.717, 441.86, 450.00, 99, 100, 2310, 3105, 15588
2026/08/25 18:55:46.820, 441.86, 450.00, 99, 100, 2310, 3105, 15588
2026/08/25 18:55:46.926, 441.86, 450.00, 99, 100, 2310, 3105, 15588
2026/08/25 18:55:47.029, 443.95, 450.00, 100, 100, 2505, 3105, 15588
2026/08/25 18:55:47.155, 443.95, 450.00, 100, 100, 2505, 3105, 15588
2026/08/25 18:55:47.258, 443.95, 450.00, 100, 100, 2505, 3105, 15588
2026/08/25 18:55:47.361, 443.95, 450.00, 100, 100, 2505, 3105, 15588
2026/08/25 18:55:47.464, 454.33, 450.00, 100, 2, 2505, 3105, 15588
2026/08/25 18:55:47.581, 454.33, 450.00, 100, 2, 2505, 3105, 15588
2026/08/25 18:55:47.715, 454.33, 450.00, 100, 2, 2505, 3105, 15588
2026/08/25 18:55:47.854, 454.33, 450.00, 100, 2, 2505, 3105, 15588
2026/08/25 18:55:47.956, 453.73, 450.00, 100, 2, 2355, 3105, 15588
2026/08/25 18:55:48.059, 453.73, 450.00, 100, 2, 2355, 3105, 15588
2026/08/25 18:55:48.166, 453.73, 450.00, 100, 2, 2355, 3105, 15588
2026/08/25 18:55:48.268, 453.73, 450.00, 100, 2, 2355, 3105, 15588
2026/08/25 18:55:48.370, 453.73, 450.00, 100, 2, 2355, 3105, 15588
2026/08/25 18:55:48.475, 450.69, 450.00, 99, 36, 2355, 3105, 15588
2026/08/25 18:55:48.578, 450.69, 450.00, 99, 36, 2355, 3105, 15588
2026/08/25 18:55:48.681, 450.69, 450.00, 99, 36, 2355, 3105, 15588
2026/08/25 18:55:48.786, 450.69, 450.00, 99, 36, 2355, 3105, 15588
2026/08/25 18:55:48.888, 450.69, 450.00, 99, 36, 2355, 3105, 15588
2026/08/25 18:55:48.992, 443.70, 450.00, 99, 97, 2655, 3105, 15588
2026/08/25 18:55:49.114, 443.70, 450.00, 99, 97, 2655, 3105, 15588
2026/08/25 18:55:49.216, 443.70, 450.00, 99, 97, 2655, 3105, 15588
2026/08/25 18:55:49.319, 443.70, 450.00, 99, 97, 2655, 3105, 15588
2026/08/25 18:55:49.425, 443.70, 450.00, 99, 97, 2655, 3105, 15588
2026/08/25 18:55:49.529, 446.53, 450.00, 100, 50, 2655, 3105, 15588
2026/08/25 18:55:49.633, 446.53, 450.00, 100, 50, 2655, 3105, 15588
2026/08/25 18:55:49.735, 446.53, 450.00, 100, 50, 2655, 3105, 15588
2026/08/25 18:55:49.838, 446.53, 450.00, 100, 50, 2655, 3105, 15588
2026/08/25 18:55:49.941, 443.64, 450.00, 100, 2, 2355, 3105, 15588
2026/08/25 18:55:50.045, 443.64, 450.00, 100, 2, 2355, 3105, 15588
2026/08/25 18:55:50.148, 443.64, 450.00, 100, 2, 2355, 3105, 15588
2026/08/25 18:55:50.252, 443.64, 450.00, 100, 2, 2355, 3105, 15588
2026/08/25 18:55:50.379, 443.64, 450.00, 100, 2, 2355, 3105, 15588
2026/08/25 18:55:50.484, 445.70, 450.00, 100, 2, 2355, 3105, 15588
2026/08/25 18:55:50.586, 445.70, 450.00, 100, 2, 2355, 3105, 15588
2026/08/25 18:55:50.690, 445.70, 450.00, 100, 2, 2355, 3105, 15588
2026/08/25 18:55:50.793, 445.70, 450.00, 100, 2, 2355, 3105, 15588
2026/08/25 18:55:50.898, 445.70, 450.00, 100, 2, 2355, 3105, 15588
2026/08/25 18:55:51.001, 446.02, 450.00, 99, 78, 2325, 3105, 15588
2026/08/25 18:55:51.104, 446.02, 450.00, 99, 78, 2325, 3105, 15588
2026/08/25 18:55:51.206, 446.02, 450.00, 99, 78, 2325, 3105, 15588
2026/08/25 18:55:51.355, 446.02, 450.00, 99, 78, 2325, 3105, 15588
2026/08/25 18:55:51.460, 443.42, 450.00, 99, 97, 2325, 3105, 15588
2026/08/25 18:55:51.563, 443.42, 450.00, 99, 97, 2325, 3105, 15588
2026/08/25 18:55:51.666, 443.42, 450.00, 99, 97, 2325, 3105, 15588
2026/08/25 18:55:51.768, 443.42, 450.00, 99, 97, 2325, 3105, 15588
2026/08/25 18:55:51.870, 443.42, 450.00, 99, 97, 2325, 3105, 15588
2026/08/25 18:55:51.974, 448.08, 450.00, 100, 13, 2355, 3105, 15588
2026/08/25 18:55:52.078, 448.08, 450.00, 100, 13, 2355, 3105, 15588
2026/08/25 18:55:52.181, 448.08, 450.00, 100, 13, 2355, 3105, 15588
2026/08/25 18:55:52.283, 448.08, 450.00, 100, 13, 2355, 3105, 15588
2026/08/25 18:55:52.385, 448.08, 450.00, 100, 13, 2355, 3105, 15588
2026/08/25 18:55:52.488, 448.66, 450.00, 100, 2, 2355, 3105, 15588
2026/08/25 18:55:52.590, 448.66, 450.00, 100, 2, 2355, 3105, 15588
2026/08/25 18:55:52.693, 448.66, 450.00, 100, 2, 2355, 3105, 15588
2026/08/25 18:55:52.810, 448.66, 450.00, 100, 2, 2355, 3105, 15588
2026/08/25 18:55:52.912, 448.66, 450.00, 100, 2, 2355, 3105, 15588
2026/08/25 18:55:53.014, 446.61, 450.00, 100, 2, 2295, 3105, 15588
2026/08/25 18:55:53.117, 446.61, 450.00, 100, 2, 2295, 3105, 15588
2026/08/25 18:55:53.230, 446.61, 450.00, 100, 2, 2295, 3105, 15588
2026/08/25 18:55:53.334, 446.61, 450.00, 100, 2, 2295, 3105, 15588
2026/08/25 18:55:53.456, 443.48, 450.00, 99, 98, 2295, 3105, 15588
2026/08/25 18:55:53.588, 443.48, 450.00, 99, 98, 2295, 3105, 15588
2026/08/25 18:55:53.690, 443.48, 450.00, 99, 98, 2295, 3105, 15588
2026/08/25 18:55:53.793, 443.48, 450.00, 99, 98, 2295, 3105, 15588
2026/08/25 18:55:53.895, 443.48, 450.00, 99, 98, 2295, 3105, 15588
2026/08/25 18:55:54.000, 447.99, 450.00, 100, 27, 2445, 3105, 15588
2026/08/25 18:55:54.105, 447.99, 450.00, 100, 27, 2445, 3105, 15588
2026/08/25 18:55:54.207, 447.99, 450.00, 100, 27, 2445, 3105, 15588
2026/08/25 18:55:54.309, 447.99, 450.00, 100, 27, 2445, 3105, 15588
2026/08/25 18:55:54.411, 447.99, 450.00, 100, 27, 2445, 3105, 15588
2026/08/25 18:55:54.514, 444.57, 450.00, 100, 2, 2445, 3105, 15588
2026/08/25 18:55:54.617, 444.57, 450.00, 100, 2, 2445, 3105, 15588
2026/08/25 18:55:54.723, 444.57, 450.00, 100, 2, 2445, 3105, 15588
2026/08/25 18:55:54.828, 444.57, 450.00, 100, 2, 2445, 3105, 15588
2026/08/25 18:55:54.930, 449.70, 450.00, 99, 41, 2280, 3105, 15588
2026/08/25 18:55:55.032, 449.70, 450.00, 99, 41, 2280, 3105, 15588
2026/08/25 18:55:55.134, 449.70, 450.00, 99, 41, 2280, 3105, 15588
2026/08/25 18:55:55.238, 449.70, 450.00, 99, 41, 2280, 3105, 15588
2026/08/25 18:55:55.341, 449.70, 450.00, 99, 41, 2280, 3105, 15588
2026/08/25 18:55:55.444, 446.11, 450.00, 100, 100, 2280, 3105, 15588
2026/08/25 18:55:55.549, 446.11, 450.00, 100, 100, 2280, 3105, 15588
2026/08/25 18:55:55.651, 446.11, 450.00, 100, 100, 2280, 3105, 15588
2026/08/25 18:55:55.754, 446.11, 450.00, 100, 100, 2280, 3105, 15588
2026/08/25 18:55:55.857, 446.11, 450.00, 100, 100, 2280, 3105, 15588
2026/08/25 18:55:55.959, 450.63, 450.00, 100, 2, 2340, 3105, 15588
2026/08/25 18:55:56.114, 450.63, 450.00, 100, 2, 2340, 3105, 15588
2026/08/25 18:55:56.219, 450.63, 450.00, 100, 2, 2340, 3105, 15588
2026/08/25 18:55:56.322, 450.63, 450.00, 100, 2, 2340, 3105, 15588
2026/08/25 18:55:56.424, 450.63, 450.00, 100, 2, 2340, 3105, 15588
2026/08/25 18:55:56.526, 447.13, 450.00, 100, 2, 2340, 3105, 15588
2026/08/25 18:55:56.628, 447.13, 450.00, 100, 2, 2340, 3105, 15588
2026/08/25 18:55:56.732, 447.13, 450.00, 100, 2, 2340, 3105, 15588
2026/08/25 18:55:56.834, 447.13, 450.00, 100, 2, 2340, 3105, 15588
2026/08/25 18:55:56.939, 446.92, 450.00, 99, 100, 2310, 3105, 15588
2026/08/25 18:55:57.042, 446.92, 450.00, 99, 100, 2310, 3105, 15588
2026/08/25 18:55:57.144, 446.92, 450.00, 99, 100, 2310, 3105, 15588
2026/08/25 18:55:57.246, 446.92, 450.00, 99, 100, 2310, 3105, 15588
2026/08/25 18:55:57.349, 446.92, 450.00, 99, 100, 2310, 3105, 15588
2026/08/25 18:55:57.452, 445.17, 450.00, 100, 50, 2310, 3105, 15588
2026/08/25 18:55:57.558, 445.17, 450.00, 100, 50, 2310, 3105, 15588
2026/08/25 18:55:57.662, 445.17, 450.00, 100, 50, 2310, 3105, 15588
2026/08/25 18:55:57.764, 445.17, 450.00, 100, 50, 2310, 3105, 15588
2026/08/25 18:55:57.866, 445.17, 450.00, 100, 50, 2310, 3105, 15588
2026/08/25 18:55:57.968, 448.45, 450.00, 100, 2, 2310, 3105, 15588
2026/08/25 18:55:58.072, 448.45, 450.00, 100, 2, 2310, 3105, 15588
2026/08/25 18:55:58.175, 448.45, 450.00, 100, 2, 2310, 3105, 15588
2026/08/25 18:55:58.282, 448.45, 450.00, 100, 2, 2310, 3105, 15588
2026/08/25 18:55:58.384, 448.45, 450.00, 100, 2, 2310, 3105, 15588
2026/08/25 18:55:58.486, 448.93, 450.00, 100, 2, 2310, 3105, 15588
2026/08/25 18:55:58.588, 448.93, 450.00, 100, 2, 2310, 3105, 15588
2026/08/25 18:55:58.691, 448.93, 450.00, 100, 2, 2310, 3105, 15588
2026/08/25 18:55:58.796, 448.93, 450.00, 100, 2, 2310, 3105, 15588
2026/08/25 18:55:58.902, 448.93, 450.00, 100, 2, 2310, 3105, 15588
2026/08/25 18:55:59.051, 454.71, 450.00, 99, 40, 2685, 3105, 15588
2026/08/25 18:55:59.154, 454.71, 450.00, 99, 40, 2685, 3105, 15588
2026/08/25 18:55:59.257, 454.71, 450.00, 99, 40, 2685, 3105, 15588
2026/08/25 18:55:59.360, 454.71, 450.00, 99, 40, 2685, 3105, 15588
2026/08/25 18:55:59.473, 448.96, 450.00, 100, 100, 2685, 3105, 15588
2026/08/25 18:55:59.578, 448.96, 450.00, 100, 100, 2685, 3105, 15588
2026/08/25 18:55:59.681, 448.96, 450.00, 100, 100, 2685, 3105, 15588
2026/08/25 18:55:59.783, 448.96, 450.00, 100, 100, 2685, 3105, 15588
2026/08/25 18:55:59.885, 448.96, 450.00, 100, 100, 2685, 3105, 15588
2026/08/25 18:55:59.987, 453.67, 450.00, 100, 2, 2370, 3105, 15588
2026/08/25 18:56:00.092, 453.67, 450.00, 100, 2, 2370, 3105, 15588
2026/08/25 18:56:00.196, 453.67, 450.00, 100, 2, 2370, 3105, 15588
2026/08/25 18:56:00.312, 453.67, 450.00, 100, 2, 2370, 3105, 15588
2026/08/25 18:56:00.415, 453.67, 450.00, 100, 2, 2370, 3105, 15588
2026/08/25 18:56:00.518, 448.47, 450.00, 100, 2, 2370, 3105, 15588
2026/08/25 18:56:00.621, 448.47, 450.00, 100, 2, 2370, 3105, 15588
2026/08/25 18:56:00.723, 448.47, 450.00, 100, 2, 2370, 3105, 15588
2026/08/25 18:56:00.828, 448.47, 450.00, 100, 2, 2370, 3105, 15588
2026/08/25 18:56:00.932, 448.47, 450.00, 100, 2, 2370, 3105, 15588
2026/08/25 18:56:01.068, 449.79, 450.00, 99, 64, 2370, 3105, 15588
2026/08/25 18:56:01.170, 449.79, 450.00, 99, 64, 2370, 3105, 15588
2026/08/25 18:56:01.273, 449.79, 450.00, 99, 64, 2370, 3105, 15588
2026/08/25 18:56:01.376, 449.79, 450.00, 99, 64, 2370, 3105, 15588
2026/08/25 18:56:01.489, 450.32, 450.00, 100, 100, 2370, 3105, 15588
2026/08/25 18:56:01.593, 450.32, 450.00, 100, 100, 2370, 3105, 15588
2026/08/25 18:56:01.696, 450.32, 450.00, 100, 100, 2370, 3105, 15588
2026/08/25 18:56:01.801, 450.32, 450.00, 100, 100, 2370, 3105, 15588
2026/08/25 18:56:01.903, 450.32, 450.00, 100, 100, 2370, 3105, 15588
2026/08/25 18:56:02.005, 452.56, 450.00, 100, 2, 2400, 3105, 15588
2026/08/25 18:56:02.109, 452.56, 450.00, 100, 2, 2400, 3105, 15588
2026/08/25 18:56:02.213, 452.56, 450.00, 100, 2, 2400, 3105, 15588
2026/08/25 18:56:02.316, 452.56, 450.00, 100, 2, 2400, 3105, 15588
2026/08/25 18:56:02.420, 452.56, 450.00, 100, 2, 2400, 3105, 15588
2026/08/25 18:56:02.522, 450.57, 450.00, 100, 2, 2400, 3105, 15588
2026/08/25 18:56:02.624, 450.57, 450.00, 100, 2, 2400, 3105, 15588
2026/08/25 18:56:02.726, 450.57, 450.00, 100, 2, 2400, 3105, 15588
2026/08/25 18:56:02.830, 450.57, 450.00, 100, 2, 2400, 3105, 15588
2026/08/25 18:56:02.936, 450.57, 450.00, 100, 2, 2400, 3105, 15588
2026/08/25 18:56:03.040, 449.11, 450.00, 99, 48, 2340, 3105, 15588
2026/08/25 18:56:03.142, 449.11, 450.00, 99, 48, 2340, 3105, 15588
2026/08/25 18:56:03.244, 449.11, 450.00, 99, 48, 2340, 3105, 15588
2026/08/25 18:56:03.347, 449.11, 450.00, 99, 48, 2340, 3105, 15588
2026/08/25 18:56:03.450, 449.11, 450.00, 99, 48, 2340, 3105, 15588
2026/08/25 18:56:03.556, 446.04, 450.00, 99, 98, 2340, 3105, 15588
2026/08/25 18:56:03.660, 446.04, 450.00, 99, 98, 2340, 3105, 15588
2026/08/25 18:56:03.762, 446.04, 450.00, 99, 98, 2340, 3105, 15588
2026/08/25 18:56:03.864, 446.04, 450.00, 99, 98, 2340, 3105, 15588
2026/08/25 18:56:03.966, 446.04, 450.00, 99, 98, 2340, 3105, 15588
2026/08/25 18:56:04.070, 450.78, 450.00, 100, 5, 2445, 3105, 15588
2026/08/25 18:56:04.174, 450.78, 450.00, 100, 5, 2445, 3105, 15588
2026/08/25 18:56:04.281, 450.78, 450.00, 100, 5, 2445, 3105, 15588
2026/08/25 18:56:04.384, 450.78, 450.00, 100, 5, 2445, 3105, 15588
2026/08/25 18:56:04.486, 454.81, 450.00, 100, 2, 2445, 3105, 15588
2026/08/25 18:56:04.588, 454.81, 450.00, 100, 2, 2445, 3105, 15588
2026/08/25 18:56:04.690, 454.81, 450.00, 100, 2, 2445, 3105, 15588
2026/08/25 18:56:04.794, 454.81, 450.00, 100, 2, 2445, 3105, 15588
2026/08/25 18:56:04.901, 454.81, 450.00, 100, 2, 2445, 3105, 15588
2026/08/25 18:56:05.003, 451.60, 450.00, 100, 11, 2280, 3105, 15588
2026/08/25 18:56:05.105, 451.60, 450.00, 100, 11, 2280, 3105, 15588
2026/08/25 18:56:05.207, 451.60, 450.00, 100, 11, 2280, 3105, 15588
2026/08/25 18:56:05.310, 451.60, 450.00, 100, 11, 2280, 3105, 15588
2026/08/25 18:56:05.414, 451.60, 450.00, 100, 11, 2280, 3105, 15588
2026/08/25 18:56:05.521, 442.56, 450.00, 99, 97, 2280, 3105, 15588
2026/08/25 18:56:05.623, 442.56, 450.00, 99, 97, 2280, 3105, 15588
2026/08/25 18:56:05.725, 442.56, 450.00, 99, 97, 2280, 3105, 15588
2026/08/25 18:56:05.827, 442.56, 450.00, 99, 97, 2280, 3105, 15588
2026/08/25 18:56:05.929, 442.56, 450.00, 99, 97, 2280, 3105, 15588
2026/08/25 18:56:06.034, 449.59, 450.00, 100, 55, 2370, 3105, 15588
2026/08/25 18:56:06.141, 449.59, 450.00, 100, 55, 2370, 3105, 15588
2026/08/25 18:56:06.243, 449.59, 450.00, 100, 55, 2370, 3105, 15588
2026/08/25 18:56:06.346, 449.59, 450.00, 100, 55, 2370, 3105, 15588
2026/08/25 18:56:06.448, 449.59, 450.00, 100, 55, 2370, 3105, 15588
2026/08/25 18:56:06.550, 446.48, 450.00, 100, 2, 2370, 3105, 15588
2026/08/25 18:56:06.654, 446.48, 450.00, 100, 2, 2370, 3105, 15588
2026/08/25 18:56:06.760, 446.48, 450.00, 100, 2, 2370, 3105, 15588
2026/08/25 18:56:06.863, 446.48, 450.00, 100, 2, 2370, 3105, 15588
2026/08/25 18:56:06.966, 446.48, 450.00, 100, 2, 2370, 3105, 15588
2026/08/25 18:56:07.068, 448.16, 450.00, 100, 2, 2280, 3105, 15588
2026/08/25 18:56:07.170, 448.16, 450.00, 100, 2, 2280, 3105, 15588
2026/08/25 18:56:07.274, 448.16, 450.00, 100, 2, 2280, 3105, 15588
2026/08/25 18:56:07.380, 448.16, 450.00, 100, 2, 2280, 3105, 15588
2026/08/25 18:56:07.507, 426.45, 450.00, 75, 48, 2280, 3105, 15588
2026/08/25 18:56:07.609, 426.45, 450.00, 75, 48, 2280, 3105, 15588
2026/08/25 18:56:07.728, 426.45, 450.00, 75, 48, 2280, 3105, 15588
2026/08/25 18:56:07.830, 426.45, 450.00, 75, 48, 2280, 3105, 15588
2026/08/25 18:56:07.934, 426.45, 450.00, 75, 48, 2280, 3105, 15588
2026/08/25 18:56:08.036, 438.64, 450.00, 100, 2, 2340, 3105, 15588
2026/08/25 18:56:08.141, 438.64, 450.00, 100, 2, 2340, 3105, 15588
2026/08/25 18:56:08.245, 438.64, 450.00, 100, 2, 2340, 3105, 15588
2026/08/25 18:56:08.347, 438.64, 450.00, 100, 2, 2340, 3105, 15588
2026/08/25 18:56:08.449, 438.64, 450.00, 100, 2, 2340, 3105, 15588
2026/08/25 18:56:08.552, 438.68, 450.00, 100, 2, 2340, 3105, 15588
2026/08/25 18:56:08.656, 438.68, 450.00, 100, 2, 2340, 3105, 15588
2026/08/25 18:56:08.759, 438.68, 450.00, 100, 2, 2340, 3105, 15588
2026/08/25 18:56:08.863, 438.68, 450.00, 100, 2, 2340, 3105, 15588
2026/08/25 18:56:08.967, 438.68, 450.00, 100, 2, 2340, 3105, 15588
2026/08/25 18:56:09.069, 445.71, 450.00, 99, 94, 2355, 3105, 15588
2026/08/25 18:56:09.172, 445.71, 450.00, 99, 94, 2355, 3105, 15588
2026/08/25 18:56:09.275, 445.71, 450.00, 99, 94, 2355, 3105, 15588
2026/08/25 18:56:09.377, 445.71, 450.00, 99, 94, 2355, 3105, 15588
2026/08/25 18:56:09.481, 446.90, 450.00, 100, 100, 2355, 3105, 15588
2026/08/25 18:56:09.584, 446.90, 450.00, 100, 100, 2355, 3105, 15588
2026/08/25 18:56:09.689, 446.90, 450.00, 100, 100, 2355, 3105, 15588
2026/08/25 18:56:09.792, 446.90, 450.00, 100, 100, 2355, 3105, 15588
2026/08/25 18:56:09.895, 446.90, 450.00, 100, 100, 2355, 3105, 15588
2026/08/25 18:56:09.998, 452.12, 450.00, 100, 2, 2355, 3105, 15588
2026/08/25 18:56:10.100, 452.12, 450.00, 100, 2, 2355, 3105, 15588
2026/08/25 18:56:10.204, 452.12, 450.00, 100, 2, 2355, 3105, 15588
2026/08/25 18:56:10.308, 452.12, 450.00, 100, 2, 2355, 3105, 15588
2026/08/25 18:56:10.410, 452.12, 450.00, 100, 2, 2355, 3105, 15588
2026/08/25 18:56:10.513, 446.13, 450.00, 100, 2, 2355, 3105, 15588
2026/08/25 18:56:10.618, 446.13, 450.00, 100, 2, 2355, 3105, 15588
2026/08/25 18:56:10.720, 446.13, 450.00, 100, 2, 2355, 3105, 15588
2026/08/25 18:56:10.824, 446.13, 450.00, 100, 2, 2355, 3105, 15588
2026/08/25 18:56:10.950, 446.13, 450.00, 100, 2, 2355, 3105, 15588
2026/08/25 18:56:11.087, 444.77, 450.00, 99, 67, 2385, 3105, 15588
2026/08/25 18:56:11.189, 444.77, 450.00, 99, 67, 2385, 3105, 15588
2026/08/25 18:56:11.292, 444.77, 450.00, 99, 67, 2385, 3105, 15588
2026/08/25 18:56:11.395, 444.77, 450.00, 99, 67, 2385, 3105, 15588
2026/08/25 18:56:11.498, 445.06, 450.00, 99, 98, 2385, 3105, 15588
2026/08/25 18:56:11.602, 445.06, 450.00, 99, 98, 2385, 3105, 15588
2026/08/25 18:56:11.704, 445.06, 450.00, 99, 98, 2385, 3105, 15588
2026/08/25 18:56:11.807, 445.06, 450.00, 99, 98, 2385, 3105, 15588
2026/08/25 18:56:11.909, 445.06, 450.00, 99, 98, 2385, 3105, 15588
2026/08/25 18:56:12.012, 448.98, 450.00, 100, 12, 2460, 3105, 15588
2026/08/25 18:56:12.118, 448.98, 450.00, 100, 12, 2460, 3105, 15588
2026/08/25 18:56:12.222, 448.98, 450.00, 100, 12, 2460, 3105, 15588
2026/08/25 18:56:12.325, 448.98, 450.00, 100, 12, 2460, 3105, 15588
2026/08/25 18:56:12.427, 448.98, 450.00, 100, 12, 2460, 3105, 15588
2026/08/25 18:56:12.530, 447.57, 450.00, 100, 2, 2460, 3105, 15588
2026/08/25 18:56:12.633, 447.57, 450.00, 100, 2, 2460, 3105, 15588
2026/08/25 18:56:12.739, 447.57, 450.00, 100, 2, 2460, 3105, 15588
2026/08/25 18:56:12.843, 447.57, 450.00, 100, 2, 2460, 3105, 15588
2026/08/25 18:56:12.945, 447.57, 450.00, 100, 2, 2460, 3105, 15588
2026/08/25 18:56:13.047, 448.35, 450.00, 100, 2, 2295, 3105, 15588
2026/08/25 18:56:13.149, 448.35, 450.00, 100, 2, 2295, 3105, 15588
2026/08/25 18:56:13.252, 448.35, 450.00, 100, 2, 2295, 3105, 15588
2026/08/25 18:56:13.357, 448.35, 450.00, 100, 2, 2295, 3105, 15588
2026/08/25 18:56:13.462, 448.35, 450.00, 100, 2, 2295, 3105, 15588
2026/08/25 18:56:13.564, 446.06, 450.00, 99, 100, 2295, 3105, 15588
2026/08/25 18:56:13.666, 446.06, 450.00, 99, 100, 2295, 3105, 15588
2026/08/25 18:56:13.769, 446.06, 450.00, 99, 100, 2295, 3105, 15588
2026/08/25 18:56:13.872, 446.06, 450.00, 99, 100, 2295, 3105, 15588
2026/08/25 18:56:13.977, 446.06, 450.00, 99, 100, 2295, 3105, 15588
2026/08/25 18:56:14.080, 448.35, 450.00, 100, 89, 2415, 3105, 15588
2026/08/25 18:56:14.183, 448.35, 450.00, 100, 89, 2415, 3105, 15588
2026/08/25 18:56:14.286, 448.35, 450.00, 100, 89, 2415, 3105, 15588
2026/08/25 18:56:14.388, 448.35, 450.00, 100, 89, 2415, 3105, 15588
2026/08/25 18:56:14.491, 446.27, 450.00, 100, 2, 2415, 3105, 15588
2026/08/25 18:56:14.595, 446.27, 450.00, 100, 2, 2415, 3105, 15588
2026/08/25 18:56:14.698, 446.27, 450.00, 100, 2, 2415, 3105, 15588
2026/08/25 18:56:14.802, 446.27, 450.00, 100, 2, 2415, 3105, 15588
2026/08/25 18:56:14.904, 446.27, 450.00, 100, 2, 2415, 3105, 15588
2026/08/25 18:56:15.006, 447.00, 450.00, 100, 2, 2295, 3105, 15588
2026/08/25 18:56:15.108, 447.00, 450.00, 100, 2, 2295, 3105, 15588
2026/08/25 18:56:15.211, 447.00, 450.00, 100, 2, 2295, 3105, 15588
2026/08/25 18:56:15.317, 447.00, 450.00, 100, 2, 2295, 3105, 15588
2026/08/25 18:56:15.421, 447.00, 450.00, 100, 2, 2295, 3105, 15588
2026/08/25 18:56:15.523, 449.53, 450.00, 99, 59, 2295, 3105, 15588
2026/08/25 18:56:15.625, 449.53, 450.00, 99, 59, 2295, 3105, 15588
2026/08/25 18:56:15.727, 449.53, 450.00, 99, 59, 2295, 3105, 15588
2026/08/25 18:56:15.831, 449.53, 450.00, 99, 59, 2295, 3105, 15588
2026/08/25 18:56:15.935, 449.53, 450.00, 99, 59, 2295, 3105, 15588
2026/08/25 18:56:16.039, 449.84, 450.00, 100, 100, 2550, 3105, 15588
2026/08/25 18:56:16.141, 449.84, 450.00, 100, 100, 2550, 3105, 15588
2026/08/25 18:56:16.266, 449.84, 450.00, 100, 100, 2550, 3105, 15588
2026/08/25 18:56:16.368, 449.84, 450.00, 100, 100, 2550, 3105, 15588
2026/08/25 18:56:16.471, 449.84, 450.00, 100, 100, 2550, 3105, 15588
2026/08/25 18:56:16.577, 452.55, 450.00, 100, 6, 2550, 3105, 15588
2026/08/25 18:56:16.687, 452.55, 450.00, 100, 6, 2550, 3105, 15588
2026/08/25 18:56:16.790, 452.55, 450.00, 100, 6, 2550, 3105, 15588
2026/08/25 18:56:16.893, 452.55, 450.00, 100, 6, 2550, 3105, 15588
2026/08/25 18:56:16.995, 452.44, 450.00, 100, 2, 2355, 3105, 15588
2026/08/25 18:56:17.097, 452.44, 450.00, 100, 2, 2355, 3105, 15588
2026/08/25 18:56:17.201, 452.44, 450.00, 100, 2, 2355, 3105, 15588
2026/08/25 18:56:17.305, 452.44, 450.00, 100, 2, 2355, 3105, 15588
2026/08/25 18:56:17.408, 452.44, 450.00, 100, 2, 2355, 3105, 15588
2026/08/25 18:56:17.511, 449.47, 450.00, 100, 2, 2355, 3105, 15588
2026/08/25 18:56:17.616, 449.47, 450.00, 100, 2, 2355, 3105, 15588
2026/08/25 18:56:17.718, 449.47, 450.00, 100, 2, 2355, 3105, 15588
2026/08/25 18:56:17.821, 449.47, 450.00, 100, 2, 2355, 3105, 15588
2026/08/25 18:56:17.923, 449.47, 450.00, 100, 2, 2355, 3105, 15588
2026/08/25 18:56:18.027, 446.35, 450.00, 99, 100, 2310, 3105, 15588
2026/08/25 18:56:18.131, 446.35, 450.00, 99, 100, 2310, 3105, 15588
2026/08/25 18:56:18.233, 446.35, 450.00, 99, 100, 2310, 3105, 15588
2026/08/25 18:56:18.336, 446.35, 450.00, 99, 100, 2310, 3105, 15588
2026/08/25 18:56:18.440, 446.35, 450.00, 99, 100, 2310, 3105, 15588
2026/08/25 18:56:18.542, 447.45, 450.00, 100, 100, 2310, 3105, 15588
2026/08/25 18:56:18.646, 447.45, 450.00, 100, 100, 2310, 3105, 15588
2026/08/25 18:56:18.749, 447.45, 450.00, 100, 100, 2310, 3105, 15588
2026/08/25 18:56:18.852, 447.45, 450.00, 100, 100, 2310, 3105, 15588
2026/08/25 18:56:18.955, 447.45, 450.00, 100, 100, 2310, 3105, 15588
2026/08/25 18:56:19.058, 446.78, 450.00, 100, 2, 2385, 3105, 15588
2026/08/25 18:56:19.161, 446.78, 450.00, 100, 2, 2385, 3105, 15588
2026/08/25 18:56:19.266, 446.78, 450.00, 100, 2, 2385, 3105, 15588
2026/08/25 18:56:19.368, 446.78, 450.00, 100, 2, 2385, 3105, 15588
2026/08/25 18:56:19.471, 446.78, 450.00, 100, 2, 2385, 3105, 15588
2026/08/25 18:56:19.575, 446.89, 450.00, 100, 2, 2385, 3105, 15588
2026/08/25 18:56:19.677, 446.89, 450.00, 100, 2, 2385, 3105, 15588
2026/08/25 18:56:19.781, 446.89, 450.00, 100, 2, 2385, 3105, 15588
2026/08/25 18:56:19.885, 446.89, 450.00, 100, 2, 2385, 3105, 15588
2026/08/25 18:56:19.988, 448.57, 450.00, 99, 30, 2340, 3105, 15588
2026/08/25 18:56:20.091, 448.57, 450.00, 99, 30, 2340, 3105, 15588
2026/08/25 18:56:20.195, 448.57, 450.00, 99, 30, 2340, 3105, 15588
2026/08/25 18:56:20.297, 448.57, 450.00, 99, 30, 2340, 3105, 15588
2026/08/25 18:56:20.401, 448.57, 450.00, 99, 30, 2340, 3105, 15588
2026/08/25 18:56:20.504, 445.32, 450.00, 98, 95, 2340, 3105, 15588
2026/08/25 18:56:20.606, 445.32, 450.00, 98, 95, 2340, 3105, 15588
2026/08/25 18:56:20.709, 445.32, 450.00, 98, 95, 2340, 3105, 15588
2026/08/25 18:56:20.812, 445.32, 450.00, 98, 95, 2340, 3105, 15588
2026/08/25 18:56:20.914, 445.32, 450.00, 98, 95, 2340, 3105, 15588
2026/08/25 18:56:21.017, 447.44, 450.00, 100, 33, 2400, 3105, 15588
2026/08/25 18:56:21.119, 447.44, 450.00, 100, 33, 2400, 3105, 15588
2026/08/25 18:56:21.224, 447.44, 450.00, 100, 33, 2400, 3105, 15588
2026/08/25 18:56:21.326, 447.44, 450.00, 100, 33, 2400, 3105, 15588
2026/08/25 18:56:21.429, 447.44, 450.00, 100, 33, 2400, 3105, 15588
2026/08/25 18:56:21.533, 446.92, 450.00, 100, 2, 2400, 3105, 15588
2026/08/25 18:56:21.635, 446.92, 450.00, 100, 2, 2400, 3105, 15588
2026/08/25 18:56:21.739, 446.92, 450.00, 100, 2, 2400, 3105, 15588
2026/08/25 18:56:21.843, 446.92, 450.00, 100, 2, 2400, 3105, 15588
2026/08/25 18:56:21.945, 446.92, 450.00, 100, 2, 2400, 3105, 15588
2026/08/25 18:56:22.048, 448.35, 450.00, 100, 2, 2295, 3105, 15588
2026/08/25 18:56:22.151, 448.35, 450.00, 100, 2, 2295, 3105, 15588
2026/08/25 18:56:22.254, 448.35, 450.00, 100, 2, 2295, 3105, 15588
2026/08/25 18:56:22.358, 448.35, 450.00, 100, 2, 2295, 3105, 15588
2026/08/25 18:56:22.463, 448.35, 450.00, 100, 2, 2295, 3105, 15588
2026/08/25 18:56:22.565, 446.21, 450.00, 99, 100, 2295, 3105, 15588
2026/08/25 18:56:22.668, 446.21, 450.00, 99, 100, 2295, 3105, 15588
2026/08/25 18:56:22.771, 446.21, 450.00, 99, 100, 2295, 3105, 15588
2026/08/25 18:56:22.902, 446.21, 450.00, 99, 100, 2295, 3105, 15588
2026/08/25 18:56:23.005, 447.27, 450.00, 100, 100, 2370, 3105, 15588
2026/08/25 18:56:23.126, 447.27, 450.00, 100, 100, 2370, 3105, 15588
2026/08/25 18:56:23.229, 447.27, 450.00, 100, 100, 2370, 3105, 15588
2026/08/25 18:56:23.332, 447.27, 450.00, 100, 100, 2370, 3105, 15588
2026/08/25 18:56:23.434, 447.27, 450.00, 100, 100, 2370, 3105, 15588
2026/08/25 18:56:23.539, 449.62, 450.00, 100, 6, 2370, 3105, 15588
2026/08/25 18:56:23.642, 449.62, 450.00, 100, 6, 2370, 3105, 15588
2026/08/25 18:56:23.755, 449.62, 450.00, 100, 6, 2370, 3105, 15588
2026/08/25 18:56:23.857, 449.62, 450.00, 100, 6, 2370, 3105, 15588
2026/08/25 18:56:23.968, 449.62, 450.00, 100, 6, 2370, 3105, 15588
2026/08/25 18:56:24.070, 450.23, 450.00, 100, 2, 2295, 3105, 15588
2026/08/25 18:56:24.175, 450.23, 450.00, 100, 2, 2295, 3105, 15588
2026/08/25 18:56:24.277, 450.23, 450.00, 100, 2, 2295, 3105, 15588
2026/08/25 18:56:24.387, 450.23, 450.00, 100, 2, 2295, 3105, 15588
2026/08/25 18:56:24.490, 445.63, 450.00, 100, 2, 2295, 3105, 15588
2026/08/25 18:56:24.592, 445.63, 450.00, 100, 2, 2295, 3105, 15588
2026/08/25 18:56:24.694, 445.63, 450.00, 100, 2, 2295, 3105, 15588
2026/08/25 18:56:24.797, 445.63, 450.00, 100, 2, 2295, 3105, 15588
2026/08/25 18:56:24.900, 445.63, 450.00, 100, 2, 2295, 3105, 15588
2026/08/25 18:56:25.004, 445.48, 450.00, 99, 100, 2565, 3105, 15588
2026/08/25 18:56:25.141, 445.48, 450.00, 99, 100, 2565, 3105, 15588
2026/08/25 18:56:25.243, 445.48, 450.00, 99, 100, 2565, 3105, 15588
2026/08/25 18:56:25.346, 445.48, 450.00, 99, 100, 2565, 3105, 15588
2026/08/25 18:56:25.449, 445.48, 450.00, 99, 100, 2565, 3105, 15588
2026/08/25 18:56:25.552, 449.23, 450.00, 100, 90, 2565, 3105, 15588
2026/08/25 18:56:25.656, 449.23, 450.00, 100, 90, 2565, 3105, 15588
2026/08/25 18:56:25.759, 449.23, 450.00, 100, 90, 2565, 3105, 15588
2026/08/25 18:56:25.861, 449.23, 450.00, 100, 90, 2565, 3105, 15588
2026/08/25 18:56:25.963, 449.23, 450.00, 100, 90, 2565, 3105, 15588
2026/08/25 18:56:26.066, 445.14, 450.00, 100, 2, 2310, 3105, 15588
2026/08/25 18:56:26.171, 445.14, 450.00, 100, 2, 2310, 3105, 15588
2026/08/25 18:56:26.275, 445.14, 450.00, 100, 2, 2310, 3105, 15588
2026/08/25 18:56:26.377, 445.14, 450.00, 100, 2, 2310, 3105, 15588
2026/08/25 18:56:26.480, 445.14, 450.00, 100, 2, 2310, 3105, 15588
2026/08/25 18:56:26.582, 448.27, 450.00, 100, 2, 2310, 3105, 15588
2026/08/25 18:56:26.684, 448.27, 450.00, 100, 2, 2310, 3105, 15588
2026/08/25 18:56:26.787, 448.27, 450.00, 100, 2, 2310, 3105, 15588
2026/08/25 18:56:26.890, 448.27, 450.00, 100, 2, 2310, 3105, 15588
2026/08/25 18:56:26.995, 445.78, 450.00, 99, 100, 2430, 3105, 15588
2026/08/25 18:56:27.103, 445.78, 450.00, 99, 100, 2430, 3105, 15588
2026/08/25 18:56:27.206, 445.78, 450.00, 99, 100, 2430, 3105, 15588
2026/08/25 18:56:27.309, 445.78, 450.00, 99, 100, 2430, 3105, 15588
2026/08/25 18:56:27.411, 445.78, 450.00, 99, 100, 2430, 3105, 15588
2026/08/25 18:56:27.515, 446.13, 450.00, 100, 32, 2430, 3105, 15588
2026/08/25 18:56:27.617, 446.13, 450.00, 100, 32, 2430, 3105, 15588
2026/08/25 18:56:27.744, 446.13, 450.00, 100, 32, 2430, 3105, 15588
2026/08/25 18:56:27.882, 446.13, 450.00, 100, 32, 2430, 3105, 15588
2026/08/25 18:56:27.984, 446.13, 450.00, 100, 32, 2430, 3105, 15588
2026/08/25 18:56:28.087, 448.88, 450.00, 100, 2, 2340, 3105, 15588
2026/08/25 18:56:28.190, 448.88, 450.00, 100, 2, 2340, 3105, 15588
2026/08/25 18:56:28.294, 448.88, 450.00, 100, 2, 2340, 3105, 15588
2026/08/25 18:56:28.443, 448.88, 450.00, 100, 2, 2340, 3105, 15588
2026/08/25 18:56:28.579, 449.30, 450.00, 99, 47, 2340, 3105, 15588
2026/08/25 18:56:28.681, 449.30, 450.00, 99, 47, 2340, 3105, 15588
2026/08/25 18:56:28.783, 449.30, 450.00, 99, 47, 2340, 3105, 15588
2026/08/25 18:56:28.886, 449.30, 450.00, 99, 47, 2340, 3105, 15588
2026/08/25 18:56:28.990, 449.44, 450.00, 100, 100, 2415, 3105, 15588
2026/08/25 18:56:29.144, 449.44, 450.00, 100, 100, 2415, 3105, 15588
2026/08/25 18:56:29.281, 449.44, 450.00, 100, 100, 2415, 3105, 15588
2026/08/25 18:56:29.383, 449.44, 450.00, 100, 100, 2415, 3105, 15588
2026/08/25 18:56:29.487, 449.44, 450.00, 100, 100, 2415, 3105, 15588
2026/08/25 18:56:29.590, 451.45, 450.00, 100, 2, 2415, 3105, 15588
2026/08/25 18:56:29.693, 451.45, 450.00, 100, 2, 2415, 3105, 15588
2026/08/25 18:56:29.842, 451.45, 450.00, 100, 2, 2415, 3105, 15588
2026/08/25 18:56:29.977, 451.45, 450.00, 100, 2, 2415, 3105, 15588
2026/08/25 18:56:30.079, 446.50, 450.00, 100, 2, 2385, 3105, 15588
2026/08/25 18:56:30.181, 446.50, 450.00, 100, 2, 2385, 3105, 15588
2026/08/25 18:56:30.285, 446.50, 450.00, 100, 2, 2385, 3105, 15588
2026/08/25 18:56:30.389, 446.50, 450.00, 100, 2, 2385, 3105, 15588
2026/08/25 18:56:30.493, 449.24, 450.00, 99, 100, 2385, 3105, 15588
2026/08/25 18:56:30.595, 449.24, 450.00, 99, 100, 2385, 3105, 15588
2026/08/25 18:56:30.698, 449.24, 450.00, 99, 100, 2385, 3105, 15588
2026/08/25 18:56:30.800, 449.24, 450.00, 99, 100, 2385, 3105, 15588
2026/08/25 18:56:30.902, 449.24, 450.00, 99, 100, 2385, 3105, 15588
2026/08/25 18:56:31.006, 451.65, 450.00, 100, 98, 2265, 3105, 15588
2026/08/25 18:56:31.113, 451.65, 450.00, 100, 98, 2265, 3105, 15588
2026/08/25 18:56:31.215, 451.65, 450.00, 100, 98, 2265, 3105, 15588
2026/08/25 18:56:31.317, 451.65, 450.00, 100, 98, 2265, 3105, 15588
2026/08/25 18:56:31.419, 451.65, 450.00, 100, 98, 2265, 3105, 15588
2026/08/25 18:56:31.521, 449.44, 450.00, 100, 2, 2265, 3105, 15588
2026/08/25 18:56:31.626, 449.44, 450.00, 100, 2, 2265, 3105, 15588
2026/08/25 18:56:31.730, 449.44, 450.00, 100, 2, 2265, 3105, 15588
2026/08/25 18:56:31.833, 449.44, 450.00, 100, 2, 2265, 3105, 15588
2026/08/25 18:56:31.936, 449.44, 450.00, 100, 2, 2265, 3105, 15588
2026/08/25 18:56:32.080, 445.43, 450.00, 100, 2, 2310, 3105, 15588
2026/08/25 18:56:32.182, 445.43, 450.00, 100, 2, 2310, 3105, 15588
2026/08/25 18:56:32.287, 445.43, 450.00, 100, 2, 2310, 3105, 15588
2026/08/25 18:56:32.391, 445.43, 450.00, 100, 2, 2310, 3105, 15588
2026/08/25 18:56:32.495, 446.26, 450.00, 99, 100, 2310, 3105, 15588
2026/08/25 18:56:32.640, 446.26, 450.00, 99, 100, 2310, 3105, 15588
2026/08/25 18:56:32.742, 446.26, 450.00, 99, 100, 2310, 3105, 15588
2026/08/25 18:56:32.845, 446.26, 450.00, 99, 100, 2310, 3105, 15588
2026/08/25 18:56:32.949, 446.26, 450.00, 99, 100, 2310, 3105, 15588
2026/08/25 18:56:33.052, 451.14, 450.00, 100, 93, 2340, 3105, 15588
2026/08/25 18:56:33.200, 451.14, 450.00, 100, 93, 2340, 3105, 15588
2026/08/25 18:56:33.341, 451.14, 450.00, 100, 93, 2340, 3105, 15588
2026/08/25 18:56:33.443, 451.14, 450.00, 100, 93, 2340, 3105, 15588
2026/08/25 18:56:33.546, 455.49, 450.00, 100, 2, 2340, 3105, 15588
2026/08/25 18:56:33.679, 455.49, 450.00, 100, 2, 2340, 3105, 15588
2026/08/25 18:56:33.819, 455.49, 450.00, 100, 2, 2340, 3105, 15588
2026/08/25 18:56:33.922, 455.49, 450.00, 100, 2, 2340, 3105, 15588
2026/08/25 18:56:34.025, 449.67, 450.00, 100, 2, 2280, 3105, 15588
2026/08/25 18:56:34.131, 449.67, 450.00, 100, 2, 2280, 3105, 15588
2026/08/25 18:56:34.234, 449.67, 450.00, 100, 2, 2280, 3105, 15588
2026/08/25 18:56:34.337, 449.67, 450.00, 100, 2, 2280, 3105, 15588
2026/08/25 18:56:34.440, 449.67, 450.00, 100, 2, 2280, 3105, 15588
2026/08/25 18:56:34.542, 445.33, 450.00, 97, 100, 2280, 3105, 15588
2026/08/25 18:56:34.645, 445.33, 450.00, 97, 100, 2280, 3105, 15588
2026/08/25 18:56:34.748, 445.33, 450.00, 97, 100, 2280, 3105, 15588
2026/08/25 18:56:34.850, 445.33, 450.00, 97, 100, 2280, 3105, 15588
2026/08/25 18:56:34.955, 445.33, 450.00, 97, 100, 2280, 3105, 15588
2026/08/25 18:56:35.057, 446.96, 450.00, 100, 92, 2325, 3105, 15588
2026/08/25 18:56:35.162, 446.96, 450.00, 100, 92, 2325, 3105, 15588
2026/08/25 18:56:35.265, 446.96, 450.00, 100, 92, 2325, 3105, 15588
2026/08/25 18:56:35.367, 446.96, 450.00, 100, 92, 2325, 3105, 15588
2026/08/25 18:56:35.470, 446.96, 450.00, 100, 92, 2325, 3105, 15588
2026/08/25 18:56:35.572, 447.80, 450.00, 100, 2, 2325, 3105, 15588
2026/08/25 18:56:35.676, 447.80, 450.00, 100, 2, 2325, 3105, 15588
2026/08/25 18:56:35.780, 447.80, 450.00, 100, 2, 2325, 3105, 15588
2026/08/25 18:56:35.882, 447.80, 450.00, 100, 2, 2325, 3105, 15588
2026/08/25 18:56:35.985, 447.80, 450.00, 100, 2, 2325, 3105, 15588
2026/08/25 18:56:36.087, 447.12, 450.00, 100, 2, 2295, 3105, 15588
2026/08/25 18:56:36.190, 447.12, 450.00, 100, 2, 2295, 3105, 15588
2026/08/25 18:56:36.294, 447.12, 450.00, 100, 2, 2295, 3105, 15588
2026/08/25 18:56:36.398, 447.12, 450.00, 100, 2, 2295, 3105, 15588
2026/08/25 18:56:36.502, 448.08, 450.00, 99, 92, 2295, 3105, 15588
2026/08/25 18:56:36.605, 448.08, 450.00, 99, 92, 2295, 3105, 15588
2026/08/25 18:56:36.709, 448.08, 450.00, 99, 92, 2295, 3105, 15588
2026/08/25 18:56:36.811, 448.08, 450.00, 99, 92, 2295, 3105, 15588
2026/08/25 18:56:36.914, 448.08, 450.00, 99, 92, 2295, 3105, 15588
2026/08/25 18:56:37.017, 446.04, 450.00, 100, 100, 2505, 3105, 15588
2026/08/25 18:56:37.121, 446.04, 450.00, 100, 100, 2505, 3105, 15588
2026/08/25 18:56:37.224, 446.04, 450.00, 100, 100, 2505, 3105, 15588
2026/08/25 18:56:37.327, 446.04, 450.00, 100, 100, 2505, 3105, 15588
2026/08/25 18:56:37.429, 446.04, 450.00, 100, 100, 2505, 3105, 15588
2026/08/25 18:56:37.532, 450.39, 450.00, 100, 2, 2505, 3105, 15588
2026/08/25 18:56:37.635, 450.39, 450.00, 100, 2, 2505, 3105, 15588
2026/08/25 18:56:37.740, 450.39, 450.00, 100, 2, 2505, 3105, 15588
2026/08/25 18:56:37.842, 450.39, 450.00, 100, 2, 2505, 3105, 15588
2026/08/25 18:56:37.945, 450.39, 450.00, 100, 2, 2505, 3105, 15588
2026/08/25 18:56:38.047, 447.77, 450.00, 100, 2, 2295, 3105, 15588
2026/08/25 18:56:38.150, 447.77, 450.00, 100, 2, 2295, 3105, 15588
2026/08/25 18:56:38.254, 447.77, 450.00, 100, 2, 2295, 3105, 15588
2026/08/25 18:56:38.356, 447.77, 450.00, 100, 2, 2295, 3105, 15588
2026/08/25 18:56:38.460, 447.77, 450.00, 100, 2, 2295, 3105, 15588
2026/08/25 18:56:38.563, 450.70, 450.00, 99, 54, 2295, 3105, 15588
2026/08/25 18:56:38.666, 450.70, 450.00, 99, 54, 2295, 3105, 15588
2026/08/25 18:56:38.769, 450.70, 450.00, 99, 54, 2295, 3105, 15588
2026/08/25 18:56:38.873, 450.70, 450.00, 99, 54, 2295, 3105, 15588
2026/08/25 18:56:38.975, 450.70, 450.00, 99, 54, 2295, 3105, 15588
2026/08/25 18:56:39.080, 445.76, 450.00, 99, 97, 2565, 3105, 15588
2026/08/25 18:56:39.183, 445.76, 450.00, 99, 97, 2565, 3105, 15588
2026/08/25 18:56:39.286, 445.76, 450.00, 99, 97, 2565, 3105, 15588
2026/08/25 18:56:39.389, 445.76, 450.00, 99, 97, 2565, 3105, 15588
2026/08/25 18:56:39.491, 445.76, 450.00, 99, 97, 2565, 3105, 15588
2026/08/25 18:56:39.595, 451.12, 450.00, 100, 8, 2565, 3105, 15588
2026/08/25 18:56:39.700, 451.12, 450.00, 100, 8, 2565, 3105, 15588
2026/08/25 18:56:39.835, 451.12, 450.00, 100, 8, 2565, 3105, 15588
2026/08/25 18:56:39.937, 451.12, 450.00, 100, 8, 2565, 3105, 15588
2026/08/25 18:56:40.039, 447.91, 450.00, 100, 2, 2310, 3105, 15588
2026/08/25 18:56:40.142, 447.91, 450.00, 100, 2, 2310, 3105, 15588
2026/08/25 18:56:40.247, 447.91, 450.00, 100, 2, 2310, 3105, 15588
2026/08/25 18:56:40.350, 447.91, 450.00, 100, 2, 2310, 3105, 15588
2026/08/25 18:56:40.478, 447.91, 450.00, 100, 2, 2310, 3105, 15588
2026/08/25 18:56:40.618, 435.02, 450.00, 73, 49, 2310, 3105, 15588
2026/08/25 18:56:40.720, 435.02, 450.00, 73, 49, 2310, 3105, 15588
2026/08/25 18:56:40.823, 435.02, 450.00, 73, 49, 2310, 3105, 15588
2026/08/25 18:56:40.926, 435.02, 450.00, 73, 49, 2310, 3105, 15588
2026/08/25 18:56:41.030, 446.47, 450.00, 100, 59, 2190, 3105, 15588
2026/08/25 18:56:41.181, 446.47, 450.00, 100, 59, 2190, 3105, 15588
2026/08/25 18:56:41.318, 446.47, 450.00, 100, 59, 2190, 3105, 15588
2026/08/25 18:56:41.420, 446.47, 450.00, 100, 59, 2190, 3105, 15588
2026/08/25 18:56:41.524, 457.25, 450.00, 100, 2, 2190, 3105, 15588
2026/08/25 18:56:41.628, 457.25, 450.00, 100, 2, 2190, 3105, 15588
2026/08/25 18:56:41.733, 457.25, 450.00, 100, 2, 2190, 3105, 15588
2026/08/25 18:56:41.838, 457.25, 450.00, 100, 2, 2190, 3105, 15588
2026/08/25 18:56:41.940, 457.25, 450.00, 100, 2, 2190, 3105, 15588
2026/08/25 18:56:42.043, 446.41, 450.00, 100, 2, 2280, 3105, 15588
2026/08/25 18:56:42.148, 446.41, 450.00, 100, 2, 2280, 3105, 15588
2026/08/25 18:56:42.250, 446.41, 450.00, 100, 2, 2280, 3105, 15588
2026/08/25 18:56:42.354, 446.41, 450.00, 100, 2, 2280, 3105, 15588
2026/08/25 18:56:42.456, 446.41, 450.00, 100, 2, 2280, 3105, 15588
2026/08/25 18:56:42.571, 443.72, 450.00, 97, 100, 2280, 3105, 15588
2026/08/25 18:56:42.674, 443.72, 450.00, 97, 100, 2280, 3105, 15588
2026/08/25 18:56:42.776, 443.72, 450.00, 97, 100, 2280, 3105, 15588
2026/08/25 18:56:42.878, 443.72, 450.00, 97, 100, 2280, 3105, 15588
2026/08/25 18:56:42.981, 443.72, 450.00, 97, 100, 2280, 3105, 15588
2026/08/25 18:56:43.085, 448.99, 450.00, 100, 51, 2265, 3105, 15588
2026/08/25 18:56:43.198, 448.99, 450.00, 100, 51, 2265, 3105, 15588
2026/08/25 18:56:43.301, 448.99, 450.00, 100, 51, 2265, 3105, 15588
2026/08/25 18:56:43.404, 448.99, 450.00, 100, 51, 2265, 3105, 15588
2026/08/25 18:56:43.508, 448.99, 450.00, 100, 51, 2265, 3105, 15588
2026/08/25 18:56:43.616, 451.43, 450.00, 100, 2, 2265, 3105, 15588
2026/08/25 18:56:43.719, 451.43, 450.00, 100, 2, 2265, 3105, 15588
2026/08/25 18:56:43.841, 451.43, 450.00, 100, 2, 2265, 3105, 15588
2026/08/25 18:56:43.973, 451.43, 450.00, 100, 2, 2265, 3105, 15588
2026/08/25 18:56:44.075, 450.78, 450.00, 100, 2, 2310, 3105, 15588
2026/08/25 18:56:44.178, 450.78, 450.00, 100, 2, 2310, 3105, 15588
2026/08/25 18:56:44.282, 450.78, 450.00, 100, 2, 2310, 3105, 15588
2026/08/25 18:56:44.388, 450.78, 450.00, 100, 2, 2310, 3105, 15588
2026/08/25 18:56:44.492, 450.78, 450.00, 100, 2, 2310, 3105, 15588
2026/08/25 18:56:44.598, 449.81, 450.00, 99, 83, 2310, 3105, 15588
2026/08/25 18:56:44.701, 449.81, 450.00, 99, 83, 2310, 3105, 15588
2026/08/25 18:56:44.804, 449.81, 450.00, 99, 83, 2310, 3105, 15588
2026/08/25 18:56:44.908, 449.81, 450.00, 99, 83, 2310, 3105, 15588
2026/08/25 18:56:45.011, 449.81, 450.00, 99, 83, 2310, 3105, 15588
2026/08/25 18:56:45.115, 441.01, 450.00, 100, 100, 2505, 3105, 15588
2026/08/25 18:56:45.237, 441.01, 450.00, 100, 100, 2505, 3105, 15588
2026/08/25 18:56:45.339, 441.01, 450.00, 100, 100, 2505, 3105, 15588
2026/08/25 18:56:45.442, 441.01, 450.00, 100, 100, 2505, 3105, 15588
2026/08/25 18:56:45.548, 447.33, 450.00, 100, 6, 2505, 3105, 15588
2026/08/25 18:56:45.650, 447.33, 450.00, 100, 6, 2505, 3105, 15588
2026/08/25 18:56:45.754, 447.33, 450.00, 100, 6, 2505, 3105, 15588
2026/08/25 18:56:45.858, 447.33, 450.00, 100, 6, 2505, 3105, 15588
2026/08/25 18:56:45.961, 447.33, 450.00, 100, 6, 2505, 3105, 15588
2026/08/25 18:56:46.064, 443.15, 450.00, 100, 2, 2325, 3105, 15588
2026/08/25 18:56:46.167, 443.15, 450.00, 100, 2, 2325, 3105, 15588
2026/08/25 18:56:46.271, 443.15, 450.00, 100, 2, 2325, 3105, 15588
2026/08/25 18:56:46.414, 443.15, 450.00, 100, 2, 2325, 3105, 15588
2026/08/25 18:56:46.516, 443.15, 450.00, 100, 2, 2325, 3105, 15588
2026/08/25 18:56:46.636, 443.83, 450.00, 100, 2, 2325, 3105, 15588
2026/08/25 18:56:46.738, 443.83, 450.00, 100, 2, 2325, 3105, 15588
2026/08/25 18:56:46.842, 443.83, 450.00, 100, 2, 2325, 3105, 15588
2026/08/25 18:56:46.946, 443.83, 450.00, 100, 2, 2325, 3105, 15588
2026/08/25 18:56:47.058, 447.61, 450.00, 99, 62, 2325, 3105, 15588
2026/08/25 18:56:47.161, 447.61, 450.00, 99, 62, 2325, 3105, 15588
2026/08/25 18:56:47.264, 447.61, 450.00, 99, 62, 2325, 3105, 15588
2026/08/25 18:56:47.366, 447.61, 450.00, 99, 62, 2325, 3105, 15588
2026/08/25 18:56:47.468, 447.61, 450.00, 99, 62, 2325, 3105, 15588
2026/08/25 18:56:47.571, 447.82, 450.00, 99, 97, 2535, 3105, 15588
2026/08/25 18:56:47.678, 447.82, 450.00, 99, 97, 2535, 3105, 15588
2026/08/25 18:56:47.812, 447.82, 450.00, 99, 97, 2535, 3105, 15588
2026/08/25 18:56:47.915, 447.82, 450.00, 99, 97, 2535, 3105, 15588
2026/08/25 18:56:48.017, 447.82, 450.00, 99, 97, 2535, 3105, 15588
2026/08/25 18:56:48.122, 448.71, 450.00, 100, 8, 2325, 3105, 15588
2026/08/25 18:56:48.226, 448.71, 450.00, 100, 8, 2325, 3105, 15588
2026/08/25 18:56:48.332, 448.71, 450.00, 100, 8, 2325, 3105, 15588
2026/08/25 18:56:48.455, 448.71, 450.00, 100, 8, 2325, 3105, 15588
2026/08/25 18:56:48.557, 447.13, 450.00, 100, 2, 2325, 3105, 15588
2026/08/25 18:56:48.660, 447.13, 450.00, 100, 2, 2325, 3105, 15588
2026/08/25 18:56:48.763, 447.13, 450.00, 100, 2, 2325, 3105, 15588
2026/08/25 18:56:48.867, 447.13, 450.00, 100, 2, 2325, 3105, 15588
2026/08/25 18:56:48.971, 447.13, 450.00, 100, 2, 2325, 3105, 15588
2026/08/25 18:56:49.073, 448.08, 450.00, 100, 2, 2325, 3105, 15588
2026/08/25 18:56:49.176, 448.08, 450.00, 100, 2, 2325, 3105, 15588
2026/08/25 18:56:49.278, 448.08, 450.00, 100, 2, 2325, 3105, 15588
2026/08/25 18:56:49.381, 448.08, 450.00, 100, 2, 2325, 3105, 15588
2026/08/25 18:56:49.487, 448.08, 450.00, 100, 2, 2325, 3105, 15588
2026/08/25 18:56:49.591, 446.54, 450.00, 99, 100, 2325, 3105, 15588
2026/08/25 18:56:49.693, 446.54, 450.00, 99, 100, 2325, 3105, 15588
2026/08/25 18:56:49.795, 446.54, 450.00, 99, 100, 2325, 3105, 15588
2026/08/25 18:56:49.897, 446.54, 450.00, 99, 100, 2325, 3105, 15588
2026/08/25 18:56:50.000, 446.54, 450.00, 99, 100, 2325, 3105, 15588
2026/08/25 18:56:50.106, 451.95, 450.00, 100, 100, 2325, 3105, 15588
2026/08/25 18:56:50.210, 451.95, 450.00, 100, 100, 2325, 3105, 15588
2026/08/25 18:56:50.312, 451.95, 450.00, 100, 100, 2325, 3105, 15588
2026/08/25 18:56:50.414, 451.95, 450.00, 100, 100, 2325, 3105, 15588
2026/08/25 18:56:50.516, 451.95, 450.00, 100, 100, 2325, 3105, 15588
2026/08/25 18:56:50.619, 448.87, 450.00, 100, 2, 2325, 3105, 15588
2026/08/25 18:56:50.724, 448.87, 450.00, 100, 2, 2325, 3105, 15588
2026/08/25 18:56:50.828, 448.87, 450.00, 100, 2, 2325, 3105, 15588
2026/08/25 18:56:50.975, 448.87, 450.00, 100, 2, 2325, 3105, 15588
2026/08/25 18:56:51.077, 448.46, 450.00, 100, 2, 2280, 3105, 15588
2026/08/25 18:56:51.180, 448.46, 450.00, 100, 2, 2280, 3105, 15588
2026/08/25 18:56:51.283, 448.46, 450.00, 100, 2, 2280, 3105, 15588
2026/08/25 18:56:51.387, 448.46, 450.00, 100, 2, 2280, 3105, 15588
2026/08/25 18:56:51.537, 448.24, 450.00, 99, 37, 2280, 3105, 15588
2026/08/25 18:56:51.640, 448.24, 450.00, 99, 37, 2280, 3105, 15588
2026/08/25 18:56:51.745, 448.24, 450.00, 99, 37, 2280, 3105, 15588
2026/08/25 18:56:51.847, 448.24, 450.00, 99, 37, 2280, 3105, 15588
2026/08/25 18:56:51.949, 448.24, 450.00, 99, 37, 2280, 3105, 15588
2026/08/25 18:56:52.052, 443.89, 450.00, 99, 97, 2520, 3105, 15588
2026/08/25 18:56:52.156, 443.89, 450.00, 99, 97, 2520, 3105, 15588
2026/08/25 18:56:52.260, 443.89, 450.00, 99, 97, 2520, 3105, 15588
2026/08/25 18:56:52.362, 443.89, 450.00, 99, 97, 2520, 3105, 15588
2026/08/25 18:56:52.465, 443.89, 450.00, 99, 97, 2520, 3105, 15588
2026/08/25 18:56:52.567, 448.00, 450.00, 100, 32, 2520, 3105, 15588
2026/08/25 18:56:52.671, 448.00, 450.00, 100, 32, 2520, 3105, 15588
2026/08/25 18:56:52.776, 448.00, 450.00, 100, 32, 2520, 3105, 15588
2026/08/25 18:56:52.879, 448.00, 450.00, 100, 32, 2520, 3105, 15588
2026/08/25 18:56:52.982, 448.00, 450.00, 100, 32, 2520, 3105, 15588
2026/08/25 18:56:53.085, 446.99, 450.00, 100, 2, 2370, 3105, 15588
2026/08/25 18:56:53.213, 446.99, 450.00, 100, 2, 2370, 3105, 15588
2026/08/25 18:56:53.317, 446.99, 450.00, 100, 2, 2370, 3105, 15588
2026/08/25 18:56:53.422, 446.99, 450.00, 100, 2, 2370, 3105, 15588
2026/08/25 18:56:53.552, 452.02, 450.00, 100, 2, 2370, 3105, 15588
2026/08/25 18:56:53.654, 452.02, 450.00, 100, 2, 2370, 3105, 15588
2026/08/25 18:56:53.757, 452.02, 450.00, 100, 2, 2370, 3105, 15588
2026/08/25 18:56:53.860, 452.02, 450.00, 100, 2, 2370, 3105, 15588
2026/08/25 18:56:53.965, 452.02, 450.00, 100, 2, 2370, 3105, 15588
2026/08/25 18:56:54.069, 449.08, 450.00, 99, 100, 2595, 3105, 15588
2026/08/25 18:56:54.194, 449.08, 450.00, 99, 100, 2595, 3105, 15588
2026/08/25 18:56:54.296, 449.08, 450.00, 99, 100, 2595, 3105, 15588
2026/08/25 18:56:54.399, 449.08, 450.00, 99, 100, 2595, 3105, 15588
2026/08/25 18:56:54.504, 449.08, 450.00, 99, 100, 2595, 3105, 15588
2026/08/25 18:56:54.608, 452.58, 450.00, 100, 100, 2595, 3105, 15588
2026/08/25 18:56:54.749, 452.58, 450.00, 100, 100, 2595, 3105, 15588
2026/08/25 18:56:54.851, 452.58, 450.00, 100, 100, 2595, 3105, 15588
2026/08/25 18:56:54.953, 452.58, 450.00, 100, 100, 2595, 3105, 15588
2026/08/25 18:56:55.055, 447.71, 450.00, 100, 2, 2370, 3105, 15588
2026/08/25 18:56:55.174, 447.71, 450.00, 100, 2, 2370, 3105, 15588
2026/08/25 18:56:55.277, 447.71, 450.00, 100, 2, 2370, 3105, 15588
2026/08/25 18:56:55.382, 447.71, 450.00, 100, 2, 2370, 3105, 15588
2026/08/25 18:56:55.485, 447.71, 450.00, 100, 2, 2370, 3105, 15588
2026/08/25 18:56:55.587, 448.59, 450.00, 100, 2, 2370, 3105, 15588
2026/08/25 18:56:55.689, 448.59, 450.00, 100, 2, 2370, 3105, 15588
2026/08/25 18:56:55.792, 448.59, 450.00, 100, 2, 2370, 3105, 15588
2026/08/25 18:56:55.896, 448.59, 450.00, 100, 2, 2370, 3105, 15588
2026/08/25 18:56:56.016, 448.59, 450.00, 100, 2, 2370, 3105, 15588
2026/08/25 18:56:56.119, 446.33, 450.00, 99, 27, 2295, 3105, 15588
2026/08/25 18:56:56.223, 446.33, 450.00, 99, 27, 2295, 3105, 15588
2026/08/25 18:56:56.326, 446.33, 450.00, 99, 27, 2295, 3105, 15588
2026/08/25 18:56:56.428, 446.33, 450.00, 99, 27, 2295, 3105, 15588
2026/08/25 18:56:56.532, 446.33, 450.00, 99, 27, 2295, 3105, 15588
2026/08/25 18:56:56.636, 446.06, 450.00, 99, 98, 2295, 3105, 15588
2026/08/25 18:56:56.739, 446.06, 450.00, 99, 98, 2295, 3105, 15588
2026/08/25 18:56:56.843, 446.06, 450.00, 99, 98, 2295, 3105, 15588
2026/08/25 18:56:56.945, 446.06, 450.00, 99, 98, 2295, 3105, 15588
2026/08/25 18:56:57.048, 450.30, 450.00, 100, 66, 2430, 3105, 15588
2026/08/25 18:56:57.152, 450.30, 450.00, 100, 66, 2430, 3105, 15588
2026/08/25 18:56:57.275, 450.30, 450.00, 100, 66, 2430, 3105, 15588
2026/08/25 18:56:57.412, 450.30, 450.00, 100, 66, 2430, 3105, 15588
2026/08/25 18:56:57.514, 450.30, 450.00, 100, 66, 2430, 3105, 15588
2026/08/25 18:56:57.618, 447.16, 450.00, 100, 2, 2430, 3105, 15588
2026/08/25 18:56:57.722, 447.16, 450.00, 100, 2, 2430, 3105, 15588
2026/08/25 18:56:57.824, 447.16, 450.00, 100, 2, 2430, 3105, 15588
2026/08/25 18:56:57.929, 447.16, 450.00, 100, 2, 2430, 3105, 15588
2026/08/25 18:56:58.033, 447.16, 450.00, 100, 2, 2430, 3105, 15588
2026/08/25 18:56:58.136, 446.96, 450.00, 100, 2, 2430, 3105, 15588
2026/08/25 18:56:58.239, 446.96, 450.00, 100, 2, 2430, 3105, 15588
2026/08/25 18:56:58.343, 446.96, 450.00, 100, 2, 2430, 3105, 15588
2026/08/25 18:56:58.446, 446.96, 450.00, 100, 2, 2430, 3105, 15588
2026/08/25 18:56:58.551, 445.12, 450.00, 99, 89, 2685, 3105, 15588
2026/08/25 18:56:58.671, 445.12, 450.00, 99, 89, 2685, 3105, 15588
2026/08/25 18:56:58.774, 445.12, 450.00, 99, 89, 2685, 3105, 15588
2026/08/25 18:56:58.877, 445.12, 450.00, 99, 89, 2685, 3105, 15588
2026/08/25 18:56:58.980, 445.12, 450.00, 99, 89, 2685, 3105, 15588
2026/08/25 18:56:59.094, 448.24, 450.00, 100, 100, 2685, 3105, 15588
2026/08/25 18:56:59.235, 448.24, 450.00, 100, 100, 2685, 3105, 15588
2026/08/25 18:56:59.368, 448.24, 450.00, 100, 100, 2685, 3105, 15588
2026/08/25 18:56:59.470, 448.24, 450.00, 100, 100, 2685, 3105, 15588
2026/08/25 18:56:59.572, 449.58, 450.00, 100, 2, 2370, 3105, 15588
2026/08/25 18:56:59.674, 449.58, 450.00, 100, 2, 2370, 3105, 15588
2026/08/25 18:56:59.779, 449.58, 450.00, 100, 2, 2370, 3105, 15588
2026/08/25 18:56:59.884, 449.58, 450.00, 100, 2, 2370, 3105, 15588
2026/08/25 18:56:59.987, 449.58, 450.00, 100, 2, 2370, 3105, 15588
2026/08/25 18:57:00.089, 445.05, 450.00, 100, 2, 2280, 3105, 15588
2026/08/25 18:57:00.191, 445.05, 450.00, 100, 2, 2280, 3105, 15588
2026/08/25 18:57:00.293, 445.05, 450.00, 100, 2, 2280, 3105, 15588
2026/08/25 18:57:00.396, 445.05, 450.00, 100, 2, 2280, 3105, 15588
2026/08/25 18:57:00.500, 445.05, 450.00, 100, 2, 2280, 3105, 15588
2026/08/25 18:57:00.604, 448.44, 450.00, 99, 100, 2280, 3105, 15588
2026/08/25 18:57:00.707, 448.44, 450.00, 99, 100, 2280, 3105, 15588
2026/08/25 18:57:00.809, 448.44, 450.00, 99, 100, 2280, 3105, 15588
2026/08/25 18:57:00.911, 448.44, 450.00, 99, 100, 2280, 3105, 15588
2026/08/25 18:57:01.013, 448.44, 450.00, 99, 100, 2280, 3105, 15588
2026/08/25 18:57:01.118, 448.39, 450.00, 100, 4, 2265, 3105, 15588
2026/08/25 18:57:01.223, 448.39, 450.00, 100, 4, 2265, 3105, 15588
2026/08/25 18:57:01.327, 448.39, 450.00, 100, 4, 2265, 3105, 15588
2026/08/25 18:57:01.430, 448.39, 450.00, 100, 4, 2265, 3105, 15588
2026/08/25 18:57:01.532, 448.39, 450.00, 100, 4, 2265, 3105, 15588
2026/08/25 18:57:01.634, 448.88, 450.00, 100, 2, 2265, 3105, 15588
2026/08/25 18:57:01.737, 448.88, 450.00, 100, 2, 2265, 3105, 15588
2026/08/25 18:57:01.843, 448.88, 450.00, 100, 2, 2265, 3105, 15588
2026/08/25 18:57:01.946, 448.88, 450.00, 100, 2, 2265, 3105, 15588
2026/08/25 18:57:02.049, 448.17, 450.00, 99, 57, 2265, 3105, 15588
2026/08/25 18:57:02.152, 448.17, 450.00, 99, 57, 2265, 3105, 15588
2026/08/25 18:57:02.254, 448.17, 450.00, 99, 57, 2265, 3105, 15588
2026/08/25 18:57:02.357, 448.17, 450.00, 99, 57, 2265, 3105, 15588
2026/08/25 18:57:02.461, 448.17, 450.00, 99, 57, 2265, 3105, 15588
2026/08/25 18:57:02.566, 451.50, 450.00, 100, 100, 2265, 3105, 15588
2026/08/25 18:57:02.670, 451.50, 450.00, 100, 100, 2265, 3105, 15588
2026/08/25 18:57:02.772, 451.50, 450.00, 100, 100, 2265, 3105, 15588
2026/08/25 18:57:02.875, 451.50, 450.00, 100, 100, 2265, 3105, 15588
2026/08/25 18:57:02.978, 451.50, 450.00, 100, 100, 2265, 3105, 15588
2026/08/25 18:57:03.082, 450.12, 450.00, 100, 2, 2310, 3105, 15588
2026/08/25 18:57:03.186, 450.12, 450.00, 100, 2, 2310, 3105, 15588
2026/08/25 18:57:03.290, 450.12, 450.00, 100, 2, 2310, 3105, 15588
2026/08/25 18:57:03.394, 450.12, 450.00, 100, 2, 2310, 3105, 15588
2026/08/25 18:57:03.497, 450.12, 450.00, 100, 2, 2310, 3105, 15588
2026/08/25 18:57:03.601, 451.39, 450.00, 100, 2, 2310, 3105, 15588
2026/08/25 18:57:03.703, 451.39, 450.00, 100, 2, 2310, 3105, 15588
2026/08/25 18:57:03.805, 451.39, 450.00, 100, 2, 2310, 3105, 15588
2026/08/25 18:57:03.910, 451.39, 450.00, 100, 2, 2310, 3105, 15588
2026/08/25 18:57:04.014, 451.39, 450.00, 100, 2, 2310, 3105, 15588
2026/08/25 18:57:04.117, 450.12, 450.00, 99, 58, 2265, 3105, 15588
2026/08/25 18:57:04.219, 450.12, 450.00, 99, 58, 2265, 3105, 15588
2026/08/25 18:57:04.322, 450.12, 450.00, 99, 58, 2265, 3105, 15588
2026/08/25 18:57:04.424, 450.12, 450.00, 99, 58, 2265, 3105, 15588
2026/08/25 18:57:04.528, 450.12, 450.00, 99, 58, 2265, 3105, 15588
2026/08/25 18:57:04.632, 448.53, 450.00, 100, 100, 2265, 3105, 15588
2026/08/25 18:57:04.735, 448.53, 450.00, 100, 100, 2265, 3105, 15588
2026/08/25 18:57:04.838, 448.53, 450.00, 100, 100, 2265, 3105, 15588
2026/08/25 18:57:04.941, 448.53, 450.00, 100, 100, 2265, 3105, 15588
2026/08/25 18:57:05.043, 451.04, 450.00, 100, 2, 2310, 3105, 15588
2026/08/25 18:57:05.145, 451.04, 450.00, 100, 2, 2310, 3105, 15588
2026/08/25 18:57:05.249, 451.04, 450.00, 100, 2, 2310, 3105, 15588
2026/08/25 18:57:05.354, 451.04, 450.00, 100, 2, 2310, 3105, 15588
2026/08/25 18:57:05.457, 451.04, 450.00, 100, 2, 2310, 3105, 15588
2026/08/25 18:57:05.559, 449.80, 450.00, 100, 2, 2310, 3105, 15588
2026/08/25 18:57:05.661, 449.80, 450.00, 100, 2, 2310, 3105, 15588
2026/08/25 18:57:05.763, 449.80, 450.00, 100, 2, 2310, 3105, 15588
2026/08/25 18:57:05.867, 449.80, 450.00, 100, 2, 2310, 3105, 15588
2026/08/25 18:57:05.971, 449.80, 450.00, 100, 2, 2310, 3105, 15588
2026/08/25 18:57:06.073, 448.81, 450.00, 99, 67, 2340, 3105, 15588
2026/08/25 18:57:06.178, 448.81, 450.00, 99, 67, 2340, 3105, 15588
2026/08/25 18:57:06.281, 448.81, 450.00, 99, 67, 2340, 3105, 15588
2026/08/25 18:57:06.383, 448.81, 450.00, 99, 67, 2340, 3105, 15588
2026/08/25 18:57:06.485, 448.81, 450.00, 99, 67, 2340, 3105, 15588
2026/08/25 18:57:06.589, 448.29, 450.00, 100, 100, 2340, 3105, 15588
2026/08/25 18:57:06.708, 448.29, 450.00, 100, 100, 2340, 3105, 15588
2026/08/25 18:57:06.811, 448.29, 450.00, 100, 100, 2340, 3105, 15588
2026/08/25 18:57:06.931, 448.29, 450.00, 100, 100, 2340, 3105, 15588
2026/08/25 18:57:07.033, 448.29, 450.00, 100, 100, 2340, 3105, 15588
2026/08/25 18:57:07.136, 450.06, 450.00, 100, 2, 2340, 3105, 15588
2026/08/25 18:57:07.240, 450.06, 450.00, 100, 2, 2340, 3105, 15588
2026/08/25 18:57:07.345, 450.06, 450.00, 100, 2, 2340, 3105, 15588
2026/08/25 18:57:07.447, 450.06, 450.00, 100, 2, 2340, 3105, 15588
2026/08/25 18:57:07.549, 448.90, 450.00, 100, 2, 2340, 3105, 15588
2026/08/25 18:57:07.651, 448.90, 450.00, 100, 2, 2340, 3105, 15588
2026/08/25 18:57:07.754, 448.90, 450.00, 100, 2, 2340, 3105, 15588
2026/08/25 18:57:07.858, 448.90, 450.00, 100, 2, 2340, 3105, 15588
2026/08/25 18:57:07.962, 448.90, 450.00, 100, 2, 2340, 3105, 15588
2026/08/25 18:57:08.065, 448.11, 450.00, 99, 40, 2340, 3105, 15588
2026/08/25 18:57:08.167, 448.11, 450.00, 99, 40, 2340, 3105, 15588
2026/08/25 18:57:08.269, 448.11, 450.00, 99, 40, 2340, 3105, 15588
2026/08/25 18:57:08.371, 448.11, 450.00, 99, 40, 2340, 3105, 15588
2026/08/25 18:57:08.476, 448.11, 450.00, 99, 40, 2340, 3105, 15588
2026/08/25 18:57:08.580, 446.86, 450.00, 99, 98, 2430, 3105, 15588
2026/08/25 18:57:08.684, 446.86, 450.00, 99, 98, 2430, 3105, 15588
2026/08/25 18:57:08.806, 446.86, 450.00, 99, 98, 2430, 3105, 15588
2026/08/25 18:57:08.908, 446.86, 450.00, 99, 98, 2430, 3105, 15588
2026/08/25 18:57:09.010, 446.86, 450.00, 99, 98, 2430, 3105, 15588
2026/08/25 18:57:09.115, 448.82, 450.00, 100, 8, 2430, 3105, 15588
2026/08/25 18:57:09.220, 448.82, 450.00, 100, 8, 2430, 3105, 15588
2026/08/25 18:57:09.324, 448.82, 450.00, 100, 8, 2430, 3105, 15588
2026/08/25 18:57:09.426, 448.82, 450.00, 100, 8, 2430, 3105, 15588
2026/08/25 18:57:09.528, 448.82, 450.00, 100, 8, 2430, 3105, 15588
2026/08/25 18:57:09.630, 446.70, 450.00, 100, 2, 2295, 3105, 15588
2026/08/25 18:57:09.733, 446.70, 450.00, 100, 2, 2295, 3105, 15588
2026/08/25 18:57:09.838, 446.70, 450.00, 100, 2, 2295, 3105, 15588
2026/08/25 18:57:09.942, 446.70, 450.00, 100, 2, 2295, 3105, 15588
2026/08/25 18:57:10.045, 448.89, 450.00, 100, 6, 2340, 3105, 15588
2026/08/25 18:57:10.147, 448.89, 450.00, 100, 6, 2340, 3105, 15588
2026/08/25 18:57:10.249, 448.89, 450.00, 100, 6, 2340, 3105, 15588
2026/08/25 18:57:10.352, 448.89, 450.00, 100, 6, 2340, 3105, 15588
2026/08/25 18:57:10.456, 448.89, 450.00, 100, 6, 2340, 3105, 15588
2026/08/25 18:57:10.560, 445.90, 450.00, 99, 98, 2340, 3105, 15588
2026/08/25 18:57:10.710, 445.90, 450.00, 99, 98, 2340, 3105, 15588
2026/08/25 18:57:10.813, 445.90, 450.00, 99, 98, 2340, 3105, 15588
2026/08/25 18:57:10.920, 445.90, 450.00, 99, 98, 2340, 3105, 15588
2026/08/25 18:57:11.022, 445.90, 450.00, 99, 98, 2340, 3105, 15588
2026/08/25 18:57:11.126, 447.74, 450.00, 100, 45, 2445, 3105, 15588
2026/08/25 18:57:11.271, 447.74, 450.00, 100, 45, 2445, 3105, 15588
2026/08/25 18:57:11.409, 447.74, 450.00, 100, 45, 2445, 3105, 15588
2026/08/25 18:57:11.511, 447.74, 450.00, 100, 45, 2445, 3105, 15588
2026/08/25 18:57:11.614, 449.30, 450.00, 100, 2, 2445, 3105, 15588
2026/08/25 18:57:11.748, 449.30, 450.00, 100, 2, 2445, 3105, 15588
2026/08/25 18:57:11.851, 449.30, 450.00, 100, 2, 2445, 3105, 15588
2026/08/25 18:57:11.970, 449.30, 450.00, 100, 2, 2445, 3105, 15588
2026/08/25 18:57:12.073, 446.65, 450.00, 100, 2, 2340, 3105, 15588
2026/08/25 18:57:12.176, 446.65, 450.00, 100, 2, 2340, 3105, 15588
2026/08/25 18:57:12.279, 446.65, 450.00, 100, 2, 2340, 3105, 15588
2026/08/25 18:57:12.382, 446.65, 450.00, 100, 2, 2340, 3105, 15588
2026/08/25 18:57:12.484, 446.65, 450.00, 100, 2, 2340, 3105, 15588
2026/08/25 18:57:12.588, 442.88, 450.00, 99, 100, 2340, 3105, 15588
2026/08/25 18:57:12.690, 442.88, 450.00, 99, 100, 2340, 3105, 15588
2026/08/25 18:57:12.793, 442.88, 450.00, 99, 100, 2340, 3105, 15588
2026/08/25 18:57:12.896, 442.88, 450.00, 99, 100, 2340, 3105, 15588
2026/08/25 18:57:12.999, 442.88, 450.00, 99, 100, 2340, 3105, 15588
2026/08/25 18:57:13.103, 449.34, 450.00, 100, 100, 2445, 3105, 15588
2026/08/25 18:57:13.229, 449.34, 450.00, 100, 100, 2445, 3105, 15588
2026/08/25 18:57:13.365, 449.34, 450.00, 100, 100, 2445, 3105, 15588
2026/08/25 18:57:13.467, 449.34, 450.00, 100, 100, 2445, 3105, 15588
2026/08/25 18:57:13.569, 434.59, 450.00, 100, 2, 2445, 3105, 15588
2026/08/25 18:57:13.672, 434.59, 450.00, 100, 2, 2445, 3105, 15588
2026/08/25 18:57:13.775, 434.59, 450.00, 100, 2, 2445, 3105, 15588
2026/08/25 18:57:13.879, 434.59, 450.00, 100, 2, 2445, 3105, 15588
2026/08/25 18:57:13.983, 434.59, 450.00, 100, 2, 2445, 3105, 15588
2026/08/25 18:57:14.085, 446.24, 450.00, 100, 47, 2280, 3105, 15588
2026/08/25 18:57:14.187, 446.24, 450.00, 100, 47, 2280, 3105, 15588
2026/08/25 18:57:14.289, 446.24, 450.00, 100, 47, 2280, 3105, 15588
2026/08/25 18:57:14.392, 446.24, 450.00, 100, 47, 2280, 3105, 15588
2026/08/25 18:57:14.496, 446.24, 450.00, 100, 47, 2280, 3105, 15588
2026/08/25 18:57:14.599, 453.50, 450.00, 100, 100, 2280, 3105, 15588
2026/08/25 18:57:14.703, 453.50, 450.00, 100, 100, 2280, 3105, 15588
2026/08/25 18:57:14.805, 453.50, 450.00, 100, 100, 2280, 3105, 15588
2026/08/25 18:57:14.908, 453.50, 450.00, 100, 100, 2280, 3105, 15588
2026/08/25 18:57:15.010, 453.50, 450.00, 100, 100, 2280, 3105, 15588
2026/08/25 18:57:15.113, 449.44, 450.00, 100, 2, 2310, 3105, 15588
2026/08/25 18:57:15.219, 449.44, 450.00, 100, 2, 2310, 3105, 15588
2026/08/25 18:57:15.323, 449.44, 450.00, 100, 2, 2310, 3105, 15588
2026/08/25 18:57:15.467, 449.44, 450.00, 100, 2, 2310, 3105, 15588
2026/08/25 18:57:15.569, 458.00, 450.00, 100, 2, 2310, 3105, 15588
2026/08/25 18:57:15.672, 458.00, 450.00, 100, 2, 2310, 3105, 15588
2026/08/25 18:57:15.775, 458.00, 450.00, 100, 2, 2310, 3105, 15588
2026/08/25 18:57:15.879, 458.00, 450.00, 100, 2, 2310, 3105, 15588
2026/08/25 18:57:16.030, 458.00, 450.00, 100, 2, 2310, 3105, 15588
2026/08/25 18:57:16.163, 443.93, 450.00, 99, 66, 2430, 3105, 15588
2026/08/25 18:57:16.265, 443.93, 450.00, 99, 66, 2430, 3105, 15588
2026/08/25 18:57:16.367, 443.93, 450.00, 99, 66, 2430, 3105, 15588
2026/08/25 18:57:16.471, 443.93, 450.00, 99, 66, 2430, 3105, 15588
2026/08/25 18:57:16.574, 443.71, 450.00, 99, 98, 2430, 3105, 15588
2026/08/25 18:57:16.679, 443.71, 450.00, 99, 98, 2430, 3105, 15588
2026/08/25 18:57:16.785, 443.71, 450.00, 99, 98, 2430, 3105, 15588
2026/08/25 18:57:16.888, 443.71, 450.00, 99, 98, 2430, 3105, 15588
2026/08/25 18:57:16.991, 443.71, 450.00, 99, 98, 2430, 3105, 15588
2026/08/25 18:57:17.095, 448.88, 450.00, 100, 17, 2430, 3105, 15588
2026/08/25 18:57:17.199, 448.88, 450.00, 100, 17, 2430, 3105, 15588
2026/08/25 18:57:17.303, 448.88, 450.00, 100, 17, 2430, 3105, 15588
2026/08/25 18:57:17.405, 448.88, 450.00, 100, 17, 2430, 3105, 15588
2026/08/25 18:57:17.508, 448.88, 450.00, 100, 17, 2430, 3105, 15588
2026/08/25 18:57:17.611, 447.13, 450.00, 100, 2, 2325, 3105, 15588
2026/08/25 18:57:17.714, 447.13, 450.00, 100, 2, 2325, 3105, 15588
2026/08/25 18:57:17.818, 447.13, 450.00, 100, 2, 2325, 3105, 15588
2026/08/25 18:57:17.923, 447.13, 450.00, 100, 2, 2325, 3105, 15588
2026/08/25 18:57:18.025, 447.13, 450.00, 100, 2, 2325, 3105, 15588
2026/08/25 18:57:18.127, 447.60, 450.00, 100, 2, 2325, 3105, 15588
2026/08/25 18:57:18.230, 447.60, 450.00, 100, 2, 2325, 3105, 15588
2026/08/25 18:57:18.333, 447.60, 450.00, 100, 2, 2325, 3105, 15588
2026/08/25 18:57:18.438, 447.60, 450.00, 100, 2, 2325, 3105, 15588
2026/08/25 18:57:18.542, 447.60, 450.00, 100, 2, 2325, 3105, 15588
2026/08/25 18:57:18.645, 445.70, 450.00, 99, 100, 2280, 3105, 15588
2026/08/25 18:57:18.747, 445.70, 450.00, 99, 100, 2280, 3105, 15588
2026/08/25 18:57:18.850, 445.70, 450.00, 99, 100, 2280, 3105, 15588
2026/08/25 18:57:18.952, 445.70, 450.00, 99, 100, 2280, 3105, 15588
2026/08/25 18:57:19.058, 445.70, 450.00, 99, 100, 2280, 3105, 15588
2026/08/25 18:57:19.161, 448.54, 450.00, 100, 89, 2280, 3105, 15588
2026/08/25 18:57:19.264, 448.54, 450.00, 100, 89, 2280, 3105, 15588
2026/08/25 18:57:19.386, 448.54, 450.00, 100, 89, 2280, 3105, 15588
2026/08/25 18:57:19.488, 448.54, 450.00, 100, 89, 2280, 3105, 15588
2026/08/25 18:57:19.591, 446.82, 450.00, 100, 2, 2325, 3105, 15588
2026/08/25 18:57:19.696, 446.82, 450.00, 100, 2, 2325, 3105, 15588
2026/08/25 18:57:19.799, 446.82, 450.00, 100, 2, 2325, 3105, 15588
2026/08/25 18:57:19.940, 446.82, 450.00, 100, 2, 2325, 3105, 15588
2026/08/25 18:57:20.086, 443.61, 450.00, 100, 2, 2325, 3105, 15588
2026/08/25 18:57:20.189, 443.61, 450.00, 100, 2, 2325, 3105, 15588
2026/08/25 18:57:20.292, 443.61, 450.00, 100, 2, 2325, 3105, 15588
2026/08/25 18:57:20.397, 443.61, 450.00, 100, 2, 2325, 3105, 15588
2026/08/25 18:57:20.502, 443.61, 450.00, 100, 2, 2325, 3105, 15588
2026/08/25 18:57:20.604, 445.19, 450.00, 99, 90, 2295, 3105, 15588
2026/08/25 18:57:20.707, 445.19, 450.00, 99, 90, 2295, 3105, 15588
2026/08/25 18:57:20.810, 445.19, 450.00, 99, 90, 2295, 3105, 15588
2026/08/25 18:57:20.917, 445.19, 450.00, 99, 90, 2295, 3105, 15588
2026/08/25 18:57:21.021, 445.19, 450.00, 99, 90, 2295, 3105, 15588
2026/08/25 18:57:21.124, 445.95, 450.00, 100, 100, 2295, 3105, 15588
2026/08/25 18:57:21.262, 445.95, 450.00, 100, 100, 2295, 3105, 15588
2026/08/25 18:57:21.364, 445.95, 450.00, 100, 100, 2295, 3105, 15588
2026/08/25 18:57:21.485, 445.95, 450.00, 100, 100, 2295, 3105, 15588
2026/08/25 18:57:21.587, 440.61, 450.00, 100, 2, 2385, 3105, 15588
2026/08/25 18:57:21.692, 440.61, 450.00, 100, 2, 2385, 3105, 15588
2026/08/25 18:57:21.796, 440.61, 450.00, 100, 2, 2385, 3105, 15588
2026/08/25 18:57:21.900, 440.61, 450.00, 100, 2, 2385, 3105, 15588
2026/08/25 18:57:22.045, 440.61, 450.00, 100, 2, 2385, 3105, 15588
2026/08/25 18:57:22.147, 446.42, 450.00, 100, 2, 2280, 3105, 15588
2026/08/25 18:57:22.251, 446.42, 450.00, 100, 2, 2280, 3105, 15588
2026/08/25 18:57:22.384, 446.42, 450.00, 100, 2, 2280, 3105, 15588
2026/08/25 18:57:22.489, 446.42, 450.00, 100, 2, 2280, 3105, 15588
2026/08/25 18:57:22.592, 450.26, 450.00, 99, 67, 2280, 3105, 15588
2026/08/25 18:57:22.694, 450.26, 450.00, 99, 67, 2280, 3105, 15588
2026/08/25 18:57:22.805, 450.26, 450.00, 99, 67, 2280, 3105, 15588
2026/08/25 18:57:22.907, 450.26, 450.00, 99, 67, 2280, 3105, 15588
2026/08/25 18:57:23.012, 450.26, 450.00, 99, 67, 2280, 3105, 15588
2026/08/25 18:57:23.167, 443.45, 450.00, 99, 99, 2385, 3105, 15588
2026/08/25 18:57:23.305, 443.45, 450.00, 99, 99, 2385, 3105, 15588
2026/08/25 18:57:23.408, 443.45, 450.00, 99, 99, 2385, 3105, 15588
2026/08/25 18:57:23.511, 443.45, 450.00, 99, 99, 2385, 3105, 15588
2026/08/25 18:57:23.616, 451.00, 450.00, 100, 20, 2385, 3105, 15588
2026/08/25 18:57:23.719, 451.00, 450.00, 100, 20, 2385, 3105, 15588
2026/08/25 18:57:23.822, 451.00, 450.00, 100, 20, 2385, 3105, 15588
2026/08/25 18:57:23.930, 451.00, 450.00, 100, 20, 2385, 3105, 15588
2026/08/25 18:57:24.035, 451.00, 450.00, 100, 20, 2385, 3105, 15588
2026/08/25 18:57:24.137, 445.61, 450.00, 100, 2, 2340, 3105, 15588
2026/08/25 18:57:24.240, 445.61, 450.00, 100, 2, 2340, 3105, 15588
2026/08/25 18:57:24.343, 445.61, 450.00, 100, 2, 2340, 3105, 15588
2026/08/25 18:57:24.447, 445.61, 450.00, 100, 2, 2340, 3105, 15588
2026/08/25 18:57:24.561, 445.61, 450.00, 100, 2, 2340, 3105, 15588
2026/08/25 18:57:24.663, 443.98, 450.00, 100, 2, 2340, 3105, 15588
2026/08/25 18:57:24.765, 443.98, 450.00, 100, 2, 2340, 3105, 15588
2026/08/25 18:57:24.870, 443.98, 450.00, 100, 2, 2340, 3105, 15588
2026/08/25 18:57:24.972, 443.98, 450.00, 100, 2, 2340, 3105, 15588
2026/08/25 18:57:25.077, 442.91, 450.00, 99, 100, 2280, 3105, 15588
2026/08/25 18:57:25.185, 442.91, 450.00, 99, 100, 2280, 3105, 15588
2026/08/25 18:57:25.287, 442.91, 450.00, 99, 100, 2280, 3105, 15588
2026/08/25 18:57:25.390, 442.91, 450.00, 99, 100, 2280, 3105, 15588
2026/08/25 18:57:25.495, 442.91, 450.00, 99, 100, 2280, 3105, 15588
2026/08/25 18:57:25.598, 447.48, 450.00, 100, 100, 2280, 3105, 15588
2026/08/25 18:57:25.703, 447.48, 450.00, 100, 100, 2280, 3105, 15588
2026/08/25 18:57:25.805, 447.48, 450.00, 100, 100, 2280, 3105, 15588
2026/08/25 18:57:25.909, 447.48, 450.00, 100, 100, 2280, 3105, 15588
2026/08/25 18:57:26.012, 447.48, 450.00, 100, 100, 2280, 3105, 15588
2026/08/25 18:57:26.115, 449.09, 450.00, 100, 2, 2400, 3105, 15588
2026/08/25 18:57:26.219, 449.09, 450.00, 100, 2, 2400, 3105, 15588
2026/08/25 18:57:26.323, 449.09, 450.00, 100, 2, 2400, 3105, 15588
2026/08/25 18:57:26.426, 449.09, 450.00, 100, 2, 2400, 3105, 15588
2026/08/25 18:57:26.529, 449.09, 450.00, 100, 2, 2400, 3105, 15588
2026/08/25 18:57:26.632, 447.96, 450.00, 100, 2, 2400, 3105, 15588
2026/08/25 18:57:26.734, 447.96, 450.00, 100, 2, 2400, 3105, 15588
2026/08/25 18:57:26.839, 447.96, 450.00, 100, 2, 2400, 3105, 15588
2026/08/25 18:57:26.942, 447.96, 450.00, 100, 2, 2400, 3105, 15588
2026/08/25 18:57:27.084, 449.34, 450.00, 99, 35, 2400, 3105, 15588
2026/08/25 18:57:27.187, 449.34, 450.00, 99, 35, 2400, 3105, 15588
2026/08/25 18:57:27.290, 449.34, 450.00, 99, 35, 2400, 3105, 15588
2026/08/25 18:57:27.394, 449.34, 450.00, 99, 35, 2400, 3105, 15588
2026/08/25 18:57:27.505, 449.34, 450.00, 99, 35, 2400, 3105, 15588
2026/08/25 18:57:27.611, 442.20, 450.00, 99, 96, 2595, 3105, 15588
2026/08/25 18:57:27.714, 442.20, 450.00, 99, 96, 2595, 3105, 15588
2026/08/25 18:57:27.817, 442.20, 450.00, 99, 96, 2595, 3105, 15588
2026/08/25 18:57:27.919, 442.20, 450.00, 99, 96, 2595, 3105, 15588
2026/08/25 18:57:28.021, 442.20, 450.00, 99, 96, 2595, 3105, 15588
2026/08/25 18:57:28.125, 447.68, 450.00, 100, 46, 2595, 3105, 15588
2026/08/25 18:57:28.230, 447.68, 450.00, 100, 46, 2595, 3105, 15588
2026/08/25 18:57:28.333, 447.68, 450.00, 100, 46, 2595, 3105, 15588
2026/08/25 18:57:28.436, 447.68, 450.00, 100, 46, 2595, 3105, 15588
2026/08/25 18:57:28.538, 447.68, 450.00, 100, 46, 2595, 3105, 15588
2026/08/25 18:57:28.640, 447.10, 450.00, 100, 2, 2340, 3105, 15588
2026/08/25 18:57:28.744, 447.10, 450.00, 100, 2, 2340, 3105, 15588
2026/08/25 18:57:28.848, 447.10, 450.00, 100, 2, 2340, 3105, 15588
2026/08/25 18:57:28.951, 447.10, 450.00, 100, 2, 2340, 3105, 15588
2026/08/25 18:57:29.054, 447.10, 450.00, 100, 2, 2340, 3105, 15588
2026/08/25 18:57:29.156, 448.60, 450.00, 100, 2, 2340, 3105, 15588
2026/08/25 18:57:29.258, 448.60, 450.00, 100, 2, 2340, 3105, 15588
2026/08/25 18:57:29.362, 448.60, 450.00, 100, 2, 2340, 3105, 15588
2026/08/25 18:57:29.465, 448.60, 450.00, 100, 2, 2340, 3105, 15588
2026/08/25 18:57:29.603, 434.32, 450.00, 65, 76, 2685, 3105, 15588
2026/08/25 18:57:29.744, 434.32, 450.00, 65, 76, 2685, 3105, 15588
2026/08/25 18:57:29.847, 434.32, 450.00, 65, 76, 2685, 3105, 15588
2026/08/25 18:57:29.950, 434.32, 450.00, 65, 76, 2685, 3105, 15588
2026/08/25 18:57:30.054, 434.32, 450.00, 65, 76, 2685, 3105, 15588
2026/08/25 18:57:30.162, 449.23, 450.00, 100, 100, 2685, 3105, 15588
2026/08/25 18:57:30.264, 449.23, 450.00, 100, 100, 2685, 3105, 15588
2026/08/25 18:57:30.367, 449.23, 450.00, 100, 100, 2685, 3105, 15588
2026/08/25 18:57:30.470, 449.23, 450.00, 100, 100, 2685, 3105, 15588
2026/08/25 18:57:30.573, 451.36, 450.00, 100, 2, 2370, 3105, 15588
2026/08/25 18:57:30.676, 451.36, 450.00, 100, 2, 2370, 3105, 15588
2026/08/25 18:57:30.780, 451.36, 450.00, 100, 2, 2370, 3105, 15588
2026/08/25 18:57:30.921, 451.36, 450.00, 100, 2, 2370, 3105, 15588
2026/08/25 18:57:31.023, 451.36, 450.00, 100, 2, 2370, 3105, 15588
2026/08/25 18:57:31.125, 451.94, 450.00, 100, 2, 2370, 3105, 15588
2026/08/25 18:57:31.228, 451.94, 450.00, 100, 2, 2370, 3105, 15588
2026/08/25 18:57:31.345, 451.94, 450.00, 100, 2, 2370, 3105, 15588
2026/08/25 18:57:31.482, 451.94, 450.00, 100, 2, 2370, 3105, 15588
2026/08/25 18:57:31.584, 445.74, 450.00, 99, 19, 2310, 3105, 15588
2026/08/25 18:57:31.687, 445.74, 450.00, 99, 19, 2310, 3105, 15588
2026/08/25 18:57:31.790, 445.74, 450.00, 99, 19, 2310, 3105, 15588
2026/08/25 18:57:31.893, 445.74, 450.00, 99, 19, 2310, 3105, 15588
2026/08/25 18:57:31.997, 445.74, 450.00, 99, 19, 2310, 3105, 15588
2026/08/25 18:57:32.100, 445.49, 450.00, 99, 97, 2310, 3105, 15588
2026/08/25 18:57:32.202, 445.49, 450.00, 99, 97, 2310, 3105, 15588
2026/08/25 18:57:32.304, 445.49, 450.00, 99, 97, 2310, 3105, 15588
2026/08/25 18:57:32.407, 445.49, 450.00, 99, 97, 2310, 3105, 15588
2026/08/25 18:57:32.510, 445.49, 450.00, 99, 97, 2310, 3105, 15588
2026/08/25 18:57:32.613, 449.03, 450.00, 100, 2, 2535, 3105, 15588
2026/08/25 18:57:32.717, 449.03, 450.00, 100, 2, 2535, 3105, 15588
2026/08/25 18:57:32.822, 449.03, 450.00, 100, 2, 2535, 3105, 15588
2026/08/25 18:57:32.924, 449.03, 450.00, 100, 2, 2535, 3105, 15588
2026/08/25 18:57:33.027, 449.03, 450.00, 100, 2, 2535, 3105, 15588
2026/08/25 18:57:33.129, 448.77, 450.00, 100, 2, 2370, 3105, 15588
2026/08/25 18:57:33.242, 448.77, 450.00, 100, 2, 2370, 3105, 15588
2026/08/25 18:57:33.346, 448.77, 450.00, 100, 2, 2370, 3105, 15588
2026/08/25 18:57:33.449, 448.77, 450.00, 100, 2, 2370, 3105, 15588
2026/08/25 18:57:33.580, 437.94, 450.00, 80, 80, 2370, 3105, 15588
2026/08/25 18:57:33.682, 437.94, 450.00, 80, 80, 2370, 3105, 15588
2026/08/25 18:57:33.785, 437.94, 450.00, 80, 80, 2370, 3105, 15588
2026/08/25 18:57:33.939, 437.94, 450.00, 80, 80, 2370, 3105, 15588
2026/08/25 18:57:34.042, 437.94, 450.00, 80, 80, 2370, 3105, 15588
2026/08/25 18:57:34.147, 446.62, 450.00, 100, 60, 2400, 3105, 15588
2026/08/25 18:57:34.281, 446.62, 450.00, 100, 60, 2400, 3105, 15588
2026/08/25 18:57:34.384, 446.62, 450.00, 100, 60, 2400, 3105, 15588
2026/08/25 18:57:34.487, 446.62, 450.00, 100, 60, 2400, 3105, 15588
2026/08/25 18:57:34.589, 445.96, 450.00, 100, 2, 2400, 3105, 15588
2026/08/25 18:57:34.692, 445.96, 450.00, 100, 2, 2400, 3105, 15588
2026/08/25 18:57:34.796, 445.96, 450.00, 100, 2, 2400, 3105, 15588
2026/08/25 18:57:34.900, 445.96, 450.00, 100, 2, 2400, 3105, 15588
2026/08/25 18:57:35.002, 445.96, 450.00, 100, 2, 2400, 3105, 15588
2026/08/25 18:57:35.105, 449.65, 450.00, 100, 2, 2280, 3105, 15588
2026/08/25 18:57:35.208, 449.65, 450.00, 100, 2, 2280, 3105, 15588
2026/08/25 18:57:35.312, 449.65, 450.00, 100, 2, 2280, 3105, 15588
2026/08/25 18:57:35.414, 449.65, 450.00, 100, 2, 2280, 3105, 15588
2026/08/25 18:57:35.518, 449.65, 450.00, 100, 2, 2280, 3105, 15588
2026/08/25 18:57:35.624, 445.05, 450.00, 99, 98, 2280, 3105, 15588
2026/08/25 18:57:35.757, 445.05, 450.00, 99, 98, 2280, 3105, 15588
2026/08/25 18:57:35.859, 445.05, 450.00, 99, 98, 2280, 3105, 15588
2026/08/25 18:57:35.961, 445.05, 450.00, 99, 98, 2280, 3105, 15588
2026/08/25 18:57:36.064, 445.05, 450.00, 99, 98, 2280, 3105, 15588
2026/08/25 18:57:36.169, 449.44, 450.00, 100, 34, 2400, 3105, 15588
2026/08/25 18:57:36.273, 449.44, 450.00, 100, 34, 2400, 3105, 15588
2026/08/25 18:57:36.376, 449.44, 450.00, 100, 34, 2400, 3105, 15588
2026/08/25 18:57:36.478, 449.44, 450.00, 100, 34, 2400, 3105, 15588
2026/08/25 18:57:36.580, 444.93, 450.00, 100, 2, 2400, 3105, 15588
2026/08/25 18:57:36.682, 444.93, 450.00, 100, 2, 2400, 3105, 15588
2026/08/25 18:57:36.787, 444.93, 450.00, 100, 2, 2400, 3105, 15588
2026/08/25 18:57:36.892, 444.93, 450.00, 100, 2, 2400, 3105, 15588
2026/08/25 18:57:36.994, 444.93, 450.00, 100, 2, 2400, 3105, 15588
2026/08/25 18:57:37.097, 447.03, 450.00, 100, 2, 2340, 3105, 15588
2026/08/25 18:57:37.199, 447.03, 450.00, 100, 2, 2340, 3105, 15588
2026/08/25 18:57:37.301, 447.03, 450.00, 100, 2, 2340, 3105, 15588
2026/08/25 18:57:37.404, 447.03, 450.00, 100, 2, 2340, 3105, 15588
2026/08/25 18:57:37.508, 447.03, 450.00, 100, 2, 2340, 3105, 15588
2026/08/25 18:57:37.613, 445.97, 450.00, 99, 99, 2340, 3105, 15588
2026/08/25 18:57:37.715, 445.97, 450.00, 99, 99, 2340, 3105, 15588
2026/08/25 18:57:37.817, 445.97, 450.00, 99, 99, 2340, 3105, 15588
2026/08/25 18:57:37.919, 445.97, 450.00, 99, 99, 2340, 3105, 15588
2026/08/25 18:57:38.021, 445.97, 450.00, 99, 99, 2340, 3105, 15588
2026/08/25 18:57:38.129, 446.91, 450.00, 100, 29, 2340, 3105, 15588
2026/08/25 18:57:38.282, 446.91, 450.00, 100, 29, 2340, 3105, 15588
2026/08/25 18:57:38.420, 446.91, 450.00, 100, 29, 2340, 3105, 15588
2026/08/25 18:57:38.522, 446.91, 450.00, 100, 29, 2340, 3105, 15588
2026/08/25 18:57:38.625, 447.09, 450.00, 100, 2, 2355, 3105, 15588
2026/08/25 18:57:38.728, 447.09, 450.00, 100, 2, 2355, 3105, 15588
2026/08/25 18:57:38.832, 447.09, 450.00, 100, 2, 2355, 3105, 15588
2026/08/25 18:57:38.937, 447.09, 450.00, 100, 2, 2355, 3105, 15588
2026/08/25 18:57:39.039, 447.09, 450.00, 100, 2, 2355, 3105, 15588
2026/08/25 18:57:39.141, 446.69, 450.00, 100, 2, 2355, 3105, 15588
2026/08/25 18:57:39.244, 446.69, 450.00, 100, 2, 2355, 3105, 15588
2026/08/25 18:57:39.348, 446.69, 450.00, 100, 2, 2355, 3105, 15588
2026/08/25 18:57:39.452, 446.69, 450.00, 100, 2, 2355, 3105, 15588
2026/08/25 18:57:39.556, 446.69, 450.00, 100, 2, 2355, 3105, 15588
2026/08/25 18:57:39.658, 446.33, 450.00, 99, 98, 2685, 3105, 15588
2026/08/25 18:57:39.760, 446.33, 450.00, 99, 98, 2685, 3105, 15588
2026/08/25 18:57:39.863, 446.33, 450.00, 99, 98, 2685, 3105, 15588
2026/08/25 18:57:39.966, 446.33, 450.00, 99, 98, 2685, 3105, 15588
2026/08/25 18:57:40.070, 447.08, 450.00, 100, 36, 2685, 3105, 15588
2026/08/25 18:57:40.175, 447.08, 450.00, 100, 36, 2685, 3105, 15588
2026/08/25 18:57:40.298, 447.08, 450.00, 100, 36, 2685, 3105, 15588
2026/08/25 18:57:40.400, 447.08, 450.00, 100, 36, 2685, 3105, 15588
2026/08/25 18:57:40.520, 447.08, 450.00, 100, 36, 2685, 3105, 15588
2026/08/25 18:57:40.622, 447.79, 450.00, 100, 2, 2340, 3105, 15588
2026/08/25 18:57:40.726, 447.79, 450.00, 100, 2, 2340, 3105, 15588
2026/08/25 18:57:40.830, 447.79, 450.00, 100, 2, 2340, 3105, 15588
2026/08/25 18:57:40.934, 447.79, 450.00, 100, 2, 2340, 3105, 15588
2026/08/25 18:57:41.079, 448.79, 450.00, 100, 2, 2340, 3105, 15588
2026/08/25 18:57:41.181, 448.79, 450.00, 100, 2, 2340, 3105, 15588
2026/08/25 18:57:41.285, 448.79, 450.00, 100, 2, 2340, 3105, 15588
2026/08/25 18:57:41.390, 448.79, 450.00, 100, 2, 2340, 3105, 15588
2026/08/25 18:57:41.493, 448.79, 450.00, 100, 2, 2340, 3105, 15588
2026/08/25 18:57:41.640, 447.44, 450.00, 99, 100, 2685, 3105, 15588
2026/08/25 18:57:41.779, 447.44, 450.00, 99, 100, 2685, 3105, 15588
2026/08/25 18:57:41.881, 447.44, 450.00, 99, 100, 2685, 3105, 15588
2026/08/25 18:57:41.984, 447.44, 450.00, 99, 100, 2685, 3105, 15588
2026/08/25 18:57:42.090, 449.74, 450.00, 100, 64, 2685, 3105, 15588
2026/08/25 18:57:42.192, 449.74, 450.00, 100, 64, 2685, 3105, 15588
2026/08/25 18:57:42.339, 449.74, 450.00, 100, 64, 2685, 3105, 15588
2026/08/25 18:57:42.442, 449.74, 450.00, 100, 64, 2685, 3105, 15588
2026/08/25 18:57:42.545, 449.74, 450.00, 100, 64, 2685, 3105, 15588
2026/08/25 18:57:42.649, 451.21, 450.00, 100, 2, 2265, 3105, 15588
2026/08/25 18:57:42.753, 451.21, 450.00, 100, 2, 2265, 3105, 15588
2026/08/25 18:57:42.857, 451.21, 450.00, 100, 2, 2265, 3105, 15588
2026/08/25 18:57:42.962, 451.21, 450.00, 100, 2, 2265, 3105, 15588
2026/08/25 18:57:43.066, 451.21, 450.00, 100, 2, 2265, 3105, 15588
2026/08/25 18:57:43.169, 445.47, 450.00, 100, 2, 2310, 3105, 15588
2026/08/25 18:57:43.271, 445.47, 450.00, 100, 2, 2310, 3105, 15588
2026/08/25 18:57:43.375, 445.47, 450.00, 100, 2, 2310, 3105, 15588
2026/08/25 18:57:43.477, 445.47, 450.00, 100, 2, 2310, 3105, 15588
2026/08/25 18:57:43.581, 445.18, 450.00, 99, 100, 2310, 3105, 15588
2026/08/25 18:57:43.684, 445.18, 450.00, 99, 100, 2310, 3105, 15588
2026/08/25 18:57:43.787, 445.18, 450.00, 99, 100, 2310, 3105, 15588
2026/08/25 18:57:43.889, 445.18, 450.00, 99, 100, 2310, 3105, 15588
2026/08/25 18:57:43.991, 445.18, 450.00, 99, 100, 2310, 3105, 15588
2026/08/25 18:57:44.095, 448.80, 450.00, 100, 91, 2400, 3105, 15588
2026/08/25 18:57:44.200, 448.80, 450.00, 100, 91, 2400, 3105, 15588
2026/08/25 18:57:44.304, 448.80, 450.00, 100, 91, 2400, 3105, 15588
2026/08/25 18:57:44.407, 448.80, 450.00, 100, 91, 2400, 3105, 15588
2026/08/25 18:57:44.509, 448.80, 450.00, 100, 91, 2400, 3105, 15588
2026/08/25 18:57:44.611, 446.88, 450.00, 100, 2, 2400, 3105, 15588
2026/08/25 18:57:44.716, 446.88, 450.00, 100, 2, 2400, 3105, 15588
2026/08/25 18:57:44.820, 446.88, 450.00, 100, 2, 2400, 3105, 15588
2026/08/25 18:57:44.923, 446.88, 450.00, 100, 2, 2400, 3105, 15588
2026/08/25 18:57:45.028, 446.88, 450.00, 100, 2, 2400, 3105, 15588
2026/08/25 18:57:45.130, 448.02, 450.00, 100, 2, 2340, 3105, 15588
2026/08/25 18:57:45.232, 448.02, 450.00, 100, 2, 2340, 3105, 15588
2026/08/25 18:57:45.335, 448.02, 450.00, 100, 2, 2340, 3105, 15588
2026/08/25 18:57:45.437, 448.02, 450.00, 100, 2, 2340, 3105, 15588
2026/08/25 18:57:45.542, 448.02, 450.00, 100, 2, 2340, 3105, 15588
2026/08/25 18:57:45.646, 448.50, 450.00, 99, 70, 2340, 3105, 15588
2026/08/25 18:57:45.748, 448.50, 450.00, 99, 70, 2340, 3105, 15588
2026/08/25 18:57:45.851, 448.50, 450.00, 99, 70, 2340, 3105, 15588
2026/08/25 18:57:45.953, 448.50, 450.00, 99, 70, 2340, 3105, 15588
2026/08/25 18:57:46.056, 448.50, 450.00, 99, 70, 2340, 3105, 15588
2026/08/25 18:57:46.176, 450.14, 450.00, 100, 100, 2550, 3105, 15588
2026/08/25 18:57:46.279, 450.14, 450.00, 100, 100, 2550, 3105, 15588
2026/08/25 18:57:46.398, 450.14, 450.00, 100, 100, 2550, 3105, 15588
2026/08/25 18:57:46.501, 450.14, 450.00, 100, 100, 2550, 3105, 15588
2026/08/25 18:57:46.604, 442.29, 450.00, 100, 2, 2550, 3105, 15588
2026/08/25 18:57:46.709, 442.29, 450.00, 100, 2, 2550, 3105, 15588
2026/08/25 18:57:46.813, 442.29, 450.00, 100, 2, 2550, 3105, 15588
2026/08/25 18:57:46.918, 442.29, 450.00, 100, 2, 2550, 3105, 15588
2026/08/25 18:57:47.020, 442.29, 450.00, 100, 2, 2550, 3105, 15588
2026/08/25 18:57:47.123, 442.83, 450.00, 100, 7, 2295, 3105, 15588
2026/08/25 18:57:47.226, 442.83, 450.00, 100, 7, 2295, 3105, 15588
2026/08/25 18:57:47.329, 442.83, 450.00, 100, 7, 2295, 3105, 15588
2026/08/25 18:57:47.431, 442.83, 450.00, 100, 7, 2295, 3105, 15588
2026/08/25 18:57:47.535, 442.83, 450.00, 100, 7, 2295, 3105, 15588
2026/08/25 18:57:47.640, 447.60, 450.00, 99, 98, 2295, 3105, 15588
2026/08/25 18:57:47.743, 447.60, 450.00, 99, 98, 2295, 3105, 15588
2026/08/25 18:57:47.847, 447.60, 450.00, 99, 98, 2295, 3105, 15588
2026/08/25 18:57:47.949, 447.60, 450.00, 99, 98, 2295, 3105, 15588
2026/08/25 18:57:48.052, 447.60, 450.00, 99, 98, 2295, 3105, 15588
2026/08/25 18:57:48.155, 450.10, 450.00, 100, 6, 2295, 3105, 15588
2026/08/25 18:57:48.260, 450.10, 450.00, 100, 6, 2295, 3105, 15588
2026/08/25 18:57:48.363, 450.10, 450.00, 100, 6, 2295, 3105, 15588
2026/08/25 18:57:48.467, 450.10, 450.00, 100, 6, 2295, 3105, 15588
2026/08/25 18:57:48.569, 450.10, 450.00, 100, 6, 2295, 3105, 15588
2026/08/25 18:57:48.672, 452.89, 450.00, 100, 2, 2370, 3105, 15588
2026/08/25 18:57:48.776, 452.89, 450.00, 100, 2, 2370, 3105, 15588
2026/08/25 18:57:48.878, 452.89, 450.00, 100, 2, 2370, 3105, 15588
2026/08/25 18:57:48.987, 452.89, 450.00, 100, 2, 2370, 3105, 15588
2026/08/25 18:57:49.089, 450.76, 450.00, 100, 12, 2370, 3105, 15588
2026/08/25 18:57:49.191, 450.76, 450.00, 100, 12, 2370, 3105, 15588
2026/08/25 18:57:49.294, 450.76, 450.00, 100, 12, 2370, 3105, 15588
2026/08/25 18:57:49.398, 450.76, 450.00, 100, 12, 2370, 3105, 15588
2026/08/25 18:57:49.503, 450.76, 450.00, 100, 12, 2370, 3105, 15588
2026/08/25 18:57:49.619, 443.32, 450.00, 99, 99, 2550, 3105, 15588
2026/08/25 18:57:49.754, 443.32, 450.00, 99, 99, 2550, 3105, 15588
2026/08/25 18:57:49.856, 443.32, 450.00, 99, 99, 2550, 3105, 15588
2026/08/25 18:57:49.958, 443.32, 450.00, 99, 99, 2550, 3105, 15588
2026/08/25 18:57:50.064, 443.32, 450.00, 99, 99, 2550, 3105, 15588
2026/08/25 18:57:50.167, 449.68, 450.00, 100, 72, 2550, 3105, 15588
2026/08/25 18:57:50.271, 449.68, 450.00, 100, 72, 2550, 3105, 15588
2026/08/25 18:57:50.373, 449.68, 450.00, 100, 72, 2550, 3105, 15588
2026/08/25 18:57:50.515, 449.68, 450.00, 100, 72, 2550, 3105, 15588
2026/08/25 18:57:50.617, 444.56, 450.00, 100, 2, 2325, 3105, 15588
2026/08/25 18:57:50.722, 444.56, 450.00, 100, 2, 2325, 3105, 15588
2026/08/25 18:57:50.827, 444.56, 450.00, 100, 2, 2325, 3105, 15588
2026/08/25 18:57:50.929, 444.56, 450.00, 100, 2, 2325, 3105, 15588
2026/08/25 18:57:51.032, 444.56, 450.00, 100, 2, 2325, 3105, 15588
2026/08/25 18:57:51.134, 445.47, 450.00, 100, 2, 2325, 3105, 15588
2026/08/25 18:57:51.237, 445.47, 450.00, 100, 2, 2325, 3105, 15588
2026/08/25 18:57:51.342, 445.47, 450.00, 100, 2, 2325, 3105, 15588
2026/08/25 18:57:51.447, 445.47, 450.00, 100, 2, 2325, 3105, 15588
2026/08/25 18:57:51.551, 445.47, 450.00, 100, 2, 2325, 3105, 15588
2026/08/25 18:57:51.653, 447.70, 450.00, 99, 83, 2310, 3105, 15588
2026/08/25 18:57:51.755, 447.70, 450.00, 99, 83, 2310, 3105, 15588
2026/08/25 18:57:51.857, 447.70, 450.00, 99, 83, 2310, 3105, 15588
2026/08/25 18:57:51.960, 447.70, 450.00, 99, 83, 2310, 3105, 15588
2026/08/25 18:57:52.065, 447.70, 450.00, 99, 83, 2310, 3105, 15588
2026/08/25 18:57:52.195, 448.26, 450.00, 100, 100, 2310, 3105, 15588
2026/08/25 18:57:52.297, 448.26, 450.00, 100, 100, 2310, 3105, 15588
2026/08/25 18:57:52.400, 448.26, 450.00, 100, 100, 2310, 3105, 15588
2026/08/25 18:57:52.504, 448.26, 450.00, 100, 100, 2310, 3105, 15588
2026/08/25 18:57:52.615, 448.55, 450.00, 100, 2, 2430, 3105, 15588
2026/08/25 18:57:52.721, 448.55, 450.00, 100, 2, 2430, 3105, 15588
2026/08/25 18:57:52.838, 448.55, 450.00, 100, 2, 2430, 3105, 15588
2026/08/25 18:57:52.976, 448.55, 450.00, 100, 2, 2430, 3105, 15588
2026/08/25 18:57:53.078, 448.55, 450.00, 100, 2, 2430, 3105, 15588
2026/08/25 18:57:53.181, 448.11, 450.00, 100, 2, 2430, 3105, 15588
2026/08/25 18:57:53.287, 448.11, 450.00, 100, 2, 2430, 3105, 15588
2026/08/25 18:57:53.389, 448.11, 450.00, 100, 2, 2430, 3105, 15588
2026/08/25 18:57:53.493, 448.11, 450.00, 100, 2, 2430, 3105, 15588
2026/08/25 18:57:53.597, 446.69, 450.00, 100, 11, 2340, 3105, 15588
2026/08/25 18:57:53.700, 446.69, 450.00, 100, 11, 2340, 3105, 15588
2026/08/25 18:57:53.803, 446.69, 450.00, 100, 11, 2340, 3105, 15588
2026/08/25 18:57:53.906, 446.69, 450.00, 100, 11, 2340, 3105, 15588
2026/08/25 18:57:54.009, 446.69, 450.00, 100, 11, 2340, 3105, 15588
2026/08/25 18:57:54.153, 444.72, 450.00, 99, 99, 2340, 3105, 15588
2026/08/25 18:57:54.255, 444.72, 450.00, 99, 99, 2340, 3105, 15588
2026/08/25 18:57:54.357, 444.72, 450.00, 99, 99, 2340, 3105, 15588
2026/08/25 18:57:54.460, 444.72, 450.00, 99, 99, 2340, 3105, 15588
2026/08/25 18:57:54.572, 444.72, 450.00, 99, 99, 2340, 3105, 15588
2026/08/25 18:57:54.676, 448.46, 450.00, 100, 21, 2400, 3105, 15588
2026/08/25 18:57:54.781, 448.46, 450.00, 100, 21, 2400, 3105, 15588
2026/08/25 18:57:54.885, 448.46, 450.00, 100, 21, 2400, 3105, 15588
2026/08/25 18:57:54.988, 448.46, 450.00, 100, 21, 2400, 3105, 15588
2026/08/25 18:57:55.090, 448.46, 450.00, 100, 21, 2400, 3105, 15588
2026/08/25 18:57:55.192, 446.40, 450.00, 100, 2, 2325, 3105, 15588
2026/08/25 18:57:55.296, 446.40, 450.00, 100, 2, 2325, 3105, 15588
2026/08/25 18:57:55.401, 446.40, 450.00, 100, 2, 2325, 3105, 15588
2026/08/25 18:57:55.506, 446.40, 450.00, 100, 2, 2325, 3105, 15588
2026/08/25 18:57:55.608, 446.90, 450.00, 100, 2, 2325, 3105, 15588
2026/08/25 18:57:55.710, 446.90, 450.00, 100, 2, 2325, 3105, 15588
2026/08/25 18:57:55.833, 446.90, 450.00, 100, 2, 2325, 3105, 15588
2026/08/25 18:57:55.937, 446.90, 450.00, 100, 2, 2325, 3105, 15588
2026/08/25 18:57:56.057, 446.90, 450.00, 100, 2, 2325, 3105, 15588
2026/08/25 18:57:56.194, 441.00, 450.00, 99, 100, 2385, 3105, 15588
2026/08/25 18:57:56.297, 441.00, 450.00, 99, 100, 2385, 3105, 15588
2026/08/25 18:57:56.400, 441.00, 450.00, 99, 100, 2385, 3105, 15588
2026/08/25 18:57:56.504, 441.00, 450.00, 99, 100, 2385, 3105, 15588
2026/08/25 18:57:56.606, 445.12, 450.00, 100, 100, 2385, 3105, 15588
2026/08/25 18:57:56.755, 445.12, 450.00, 100, 100, 2385, 3105, 15588
2026/08/25 18:57:56.894, 445.12, 450.00, 100, 100, 2385, 3105, 15588
2026/08/25 18:57:56.997, 445.12, 450.00, 100, 100, 2385, 3105, 15588
2026/08/25 18:57:57.100, 455.76, 450.00, 100, 2, 2385, 3105, 15588
2026/08/25 18:57:57.206, 455.76, 450.00, 100, 2, 2385, 3105, 15588
2026/08/25 18:57:57.311, 455.76, 450.00, 100, 2, 2385, 3105, 15588
2026/08/25 18:57:57.413, 455.76, 450.00, 100, 2, 2385, 3105, 15588
2026/08/25 18:57:57.515, 455.76, 450.00, 100, 2, 2385, 3105, 15588
2026/08/25 18:57:57.618, 451.84, 450.00, 100, 2, 2280, 3105, 15588
2026/08/25 18:57:57.721, 451.84, 450.00, 100, 2, 2280, 3105, 15588
2026/08/25 18:57:57.826, 451.84, 450.00, 100, 2, 2280, 3105, 15588
2026/08/25 18:57:57.929, 451.84, 450.00, 100, 2, 2280, 3105, 15588
2026/08/25 18:57:58.072, 451.84, 450.00, 100, 2, 2280, 3105, 15588
2026/08/25 18:57:58.174, 450.57, 450.00, 99, 38, 2280, 3105, 15588
2026/08/25 18:57:58.277, 450.57, 450.00, 99, 38, 2280, 3105, 15588
2026/08/25 18:57:58.380, 450.57, 450.00, 99, 38, 2280, 3105, 15588
2026/08/25 18:57:58.485, 450.57, 450.00, 99, 38, 2280, 3105, 15588
2026/08/25 18:57:58.590, 450.57, 450.00, 99, 38, 2280, 3105, 15588
2026/08/25 18:57:58.692, 447.14, 450.00, 99, 97, 2670, 3105, 15588
2026/08/25 18:57:58.794, 447.14, 450.00, 99, 97, 2670, 3105, 15588
2026/08/25 18:57:58.896, 447.14, 450.00, 99, 97, 2670, 3105, 15588
2026/08/25 18:57:58.999, 447.14, 450.00, 99, 97, 2670, 3105, 15588
2026/08/25 18:57:59.106, 444.98, 450.00, 100, 21, 2670, 3105, 15588
2026/08/25 18:57:59.208, 444.98, 450.00, 100, 21, 2670, 3105, 15588
2026/08/25 18:57:59.311, 444.98, 450.00, 100, 21, 2670, 3105, 15588
2026/08/25 18:57:59.415, 444.98, 450.00, 100, 21, 2670, 3105, 15588
2026/08/25 18:57:59.518, 444.98, 450.00, 100, 21, 2670, 3105, 15588
2026/08/25 18:57:59.621, 450.03, 450.00, 100, 2, 2265, 3105, 15588
2026/08/25 18:57:59.724, 450.03, 450.00, 100, 2, 2265, 3105, 15588
2026/08/25 18:57:59.828, 450.03, 450.00, 100, 2, 2265, 3105, 15588
2026/08/25 18:57:59.974, 450.03, 450.00, 100, 2, 2265, 3105, 15588
2026/08/25 18:58:00.113, 449.56, 450.00, 100, 2, 2265, 3105, 15588
2026/08/25 18:58:00.215, 449.56, 450.00, 100, 2, 2265, 3105, 15588
2026/08/25 18:58:00.319, 449.56, 450.00, 100, 2, 2265, 3105, 15588
2026/08/25 18:58:00.425, 449.56, 450.00, 100, 2, 2265, 3105, 15588
2026/08/25 18:58:00.530, 449.56, 450.00, 100, 2, 2265, 3105, 15588
2026/08/25 18:58:00.674, 450.53, 450.00, 99, 100, 2235, 3105, 15588
2026/08/25 18:58:00.777, 450.53, 450.00, 99, 100, 2235, 3105, 15588
2026/08/25 18:58:00.880, 450.53, 450.00, 99, 100, 2235, 3105, 15588
2026/08/25 18:58:00.983, 450.53, 450.00, 99, 100, 2235, 3105, 15588
2026/08/25 18:58:01.095, 447.53, 450.00, 100, 93, 2235, 3105, 15588
2026/08/25 18:58:01.202, 447.53, 450.00, 100, 93, 2235, 3105, 15588
2026/08/25 18:58:01.305, 447.53, 450.00, 100, 93, 2235, 3105, 15588
2026/08/25 18:58:01.431, 447.53, 450.00, 100, 93, 2235, 3105, 15588
2026/08/25 18:58:01.533, 447.53, 450.00, 100, 93, 2235, 3105, 15588
2026/08/25 18:58:01.635, 448.41, 450.00, 100, 2, 2550, 3105, 15588
2026/08/25 18:58:01.742, 448.41, 450.00, 100, 2, 2550, 3105, 15588
2026/08/25 18:58:01.855, 448.41, 450.00, 100, 2, 2550, 3105, 15588
2026/08/25 18:58:01.958, 448.41, 450.00, 100, 2, 2550, 3105, 15588
2026/08/25 18:58:02.061, 448.41, 450.00, 100, 2, 2550, 3105, 15588
2026/08/25 18:58:02.164, 447.87, 450.00, 100, 2, 2550, 3105, 15588
2026/08/25 18:58:02.272, 447.87, 450.00, 100, 2, 2550, 3105, 15588
2026/08/25 18:58:02.376, 447.87, 450.00, 100, 2, 2550, 3105, 15588
2026/08/25 18:58:02.495, 447.87, 450.00, 100, 2, 2550, 3105, 15588
2026/08/25 18:58:02.632, 445.98, 450.00, 99, 42, 2370, 3105, 15588
2026/08/25 18:58:02.734, 445.98, 450.00, 99, 42, 2370, 3105, 15588
2026/08/25 18:58:02.837, 445.98, 450.00, 99, 42, 2370, 3105, 15588
2026/08/25 18:58:02.944, 445.98, 450.00, 99, 42, 2370, 3105, 15588
2026/08/25 18:58:03.046, 445.98, 450.00, 99, 42, 2370, 3105, 15588
2026/08/25 18:58:03.149, 446.51, 450.00, 99, 96, 2370, 3105, 15588
2026/08/25 18:58:03.253, 446.51, 450.00, 99, 96, 2370, 3105, 15588
2026/08/25 18:58:03.356, 446.51, 450.00, 99, 96, 2370, 3105, 15588
2026/08/25 18:58:03.459, 446.51, 450.00, 99, 96, 2370, 3105, 15588
2026/08/25 18:58:03.563, 446.51, 450.00, 99, 96, 2370, 3105, 15588
2026/08/25 18:58:03.666, 450.93, 450.00, 100, 39, 2475, 3105, 15588
2026/08/25 18:58:03.771, 450.93, 450.00, 100, 39, 2475, 3105, 15588
2026/08/25 18:58:03.892, 450.93, 450.00, 100, 39, 2475, 3105, 15588
2026/08/25 18:58:03.994, 450.93, 450.00, 100, 39, 2475, 3105, 15588
2026/08/25 18:58:04.098, 454.54, 450.00, 100, 2, 2475, 3105, 15588
2026/08/25 18:58:04.203, 454.54, 450.00, 100, 2, 2475, 3105, 15588
2026/08/25 18:58:04.315, 454.54, 450.00, 100, 2, 2475, 3105, 15588
2026/08/25 18:58:04.453, 454.54, 450.00, 100, 2, 2475, 3105, 15588
2026/08/25 18:58:04.557, 454.54, 450.00, 100, 2, 2475, 3105, 15588
2026/08/25 18:58:04.659, 451.94, 450.00, 100, 2, 2295, 3105, 15588
2026/08/25 18:58:04.763, 451.94, 450.00, 100, 2, 2295, 3105, 15588
2026/08/25 18:58:04.865, 451.94, 450.00, 100, 2, 2295, 3105, 15588
2026/08/25 18:58:04.968, 451.94, 450.00, 100, 2, 2295, 3105, 15588
2026/08/25 18:58:05.073, 451.94, 450.00, 100, 2, 2295, 3105, 15588
2026/08/25 18:58:05.176, 447.39, 450.00, 99, 51, 2265, 3105, 15588
2026/08/25 18:58:05.279, 447.39, 450.00, 99, 51, 2265, 3105, 15588
2026/08/25 18:58:05.381, 447.39, 450.00, 99, 51, 2265, 3105, 15588
2026/08/25 18:58:05.483, 447.39, 450.00, 99, 51, 2265, 3105, 15588
2026/08/25 18:58:05.587, 447.39, 450.00, 99, 51, 2265, 3105, 15588
2026/08/25 18:58:05.689, 447.85, 450.00, 100, 100, 2265, 3105, 15588
2026/08/25 18:58:05.794, 447.85, 450.00, 100, 100, 2265, 3105, 15588
2026/08/25 18:58:05.897, 447.85, 450.00, 100, 100, 2265, 3105, 15588
2026/08/25 18:58:06.002, 447.85, 450.00, 100, 100, 2265, 3105, 15588
2026/08/25 18:58:06.104, 449.57, 450.00, 100, 2, 2310, 3105, 15588
2026/08/25 18:58:06.206, 449.57, 450.00, 100, 2, 2310, 3105, 15588
2026/08/25 18:58:06.310, 449.57, 450.00, 100, 2, 2310, 3105, 15588
2026/08/25 18:58:06.414, 449.57, 450.00, 100, 2, 2310, 3105, 15588
2026/08/25 18:58:06.519, 449.57, 450.00, 100, 2, 2310, 3105, 15588
2026/08/25 18:58:06.622, 448.38, 450.00, 100, 2, 2310, 3105, 15588
2026/08/25 18:58:06.724, 448.38, 450.00, 100, 2, 2310, 3105, 15588
2026/08/25 18:58:06.828, 448.38, 450.00, 100, 2, 2310, 3105, 15588
2026/08/25 18:58:06.930, 448.38, 450.00, 100, 2, 2310, 3105, 15588
2026/08/25 18:58:07.033, 448.38, 450.00, 100, 2, 2310, 3105, 15588
2026/08/25 18:58:07.138, 444.30, 450.00, 99, 100, 2520, 3105, 15588
2026/08/25 18:58:07.252, 444.30, 450.00, 99, 100, 2520, 3105, 15588
2026/08/25 18:58:07.355, 444.30, 450.00, 99, 100, 2520, 3105, 15588
2026/08/25 18:58:07.458, 444.30, 450.00, 99, 100, 2520, 3105, 15588
2026/08/25 18:58:07.560, 444.30, 450.00, 99, 100, 2520, 3105, 15588
2026/08/25 18:58:07.663, 448.29, 450.00, 100, 8, 2520, 3105, 15588
2026/08/25 18:58:07.766, 448.29, 450.00, 100, 8, 2520, 3105, 15588
2026/08/25 18:58:07.871, 448.29, 450.00, 100, 8, 2520, 3105, 15588
2026/08/25 18:58:08.009, 448.29, 450.00, 100, 8, 2520, 3105, 15588
2026/08/25 18:58:08.111, 447.91, 450.00, 100, 2, 2520, 3105, 15588
2026/08/25 18:58:08.213, 447.91, 450.00, 100, 2, 2520, 3105, 15588
2026/08/25 18:58:08.316, 447.91, 450.00, 100, 2, 2520, 3105, 15588
2026/08/25 18:58:08.430, 447.91, 450.00, 100, 2, 2520, 3105, 15588
2026/08/25 18:58:08.535, 447.91, 450.00, 100, 2, 2520, 3105, 15588
2026/08/25 18:58:08.638, 450.50, 450.00, 100, 11, 2280, 3105, 15588
2026/08/25 18:58:08.741, 450.50, 450.00, 100, 11, 2280, 3105, 15588
2026/08/25 18:58:08.843, 450.50, 450.00, 100, 11, 2280, 3105, 15588
2026/08/25 18:58:08.945, 450.50, 450.00, 100, 11, 2280, 3105, 15588
2026/08/25 18:58:09.048, 450.50, 450.00, 100, 11, 2280, 3105, 15588
2026/08/25 18:58:09.150, 446.18, 450.00, 99, 96, 2280, 3105, 15588
2026/08/25 18:58:09.254, 446.18, 450.00, 99, 96, 2280, 3105, 15588
2026/08/25 18:58:09.358, 446.18, 450.00, 99, 96, 2280, 3105, 15588
2026/08/25 18:58:09.460, 446.18, 450.00, 99, 96, 2280, 3105, 15588
2026/08/25 18:58:09.562, 446.18, 450.00, 99, 96, 2280, 3105, 15588
2026/08/25 18:58:09.664, 452.48, 450.00, 100, 5, 2280, 3105, 15588
2026/08/25 18:58:09.772, 452.48, 450.00, 100, 5, 2280, 3105, 15588
2026/08/25 18:58:09.877, 452.48, 450.00, 100, 5, 2280, 3105, 15588
2026/08/25 18:58:09.980, 452.48, 450.00, 100, 5, 2280, 3105, 15588
2026/08/25 18:58:10.083, 452.48, 450.00, 100, 5, 2280, 3105, 15588
2026/08/25 18:58:10.185, 447.79, 450.00, 100, 2, 2280, 3105, 15588
2026/08/25 18:58:10.287, 447.79, 450.00, 100, 2, 2280, 3105, 15588
2026/08/25 18:58:10.390, 447.79, 450.00, 100, 2, 2280, 3105, 15588
2026/08/25 18:58:10.492, 447.79, 450.00, 100, 2, 2280, 3105, 15588
2026/08/25 18:58:10.611, 449.13, 450.00, 89, 23, 2265, 3105, 15588
2026/08/25 18:58:10.749, 449.13, 450.00, 89, 23, 2265, 3105, 15588
2026/08/25 18:58:10.852, 449.13, 450.00, 89, 23, 2265, 3105, 15588
2026/08/25 18:58:10.955, 449.13, 450.00, 89, 23, 2265, 3105, 15588
2026/08/25 18:58:11.059, 449.13, 450.00, 89, 23, 2265, 3105, 15588
2026/08/25 18:58:11.162, 451.41, 450.00, 100, 100, 2265, 3105, 15588
2026/08/25 18:58:11.266, 451.41, 450.00, 100, 100, 2265, 3105, 15588
2026/08/25 18:58:11.368, 451.41, 450.00, 100, 100, 2265, 3105, 15588
2026/08/25 18:58:11.470, 451.41, 450.00, 100, 100, 2265, 3105, 15588
2026/08/25 18:58:11.572, 451.41, 450.00, 100, 100, 2265, 3105, 15588
2026/08/25 18:58:11.676, 451.29, 450.00, 100, 2, 2280, 3105, 15588
2026/08/25 18:58:11.781, 451.29, 450.00, 100, 2, 2280, 3105, 15588
2026/08/25 18:58:11.885, 451.29, 450.00, 100, 2, 2280, 3105, 15588
2026/08/25 18:58:12.010, 451.29, 450.00, 100, 2, 2280, 3105, 15588
2026/08/25 18:58:12.112, 447.89, 450.00, 100, 2, 2280, 3105, 15588
2026/08/25 18:58:12.215, 447.89, 450.00, 100, 2, 2280, 3105, 15588
2026/08/25 18:58:12.317, 447.89, 450.00, 100, 2, 2280, 3105, 15588
2026/08/25 18:58:12.421, 447.89, 450.00, 100, 2, 2280, 3105, 15588
2026/08/25 18:58:12.526, 447.89, 450.00, 100, 2, 2280, 3105, 15588
2026/08/25 18:58:12.631, 453.61, 450.00, 99, 39, 2565, 3105, 15588
2026/08/25 18:58:12.734, 453.61, 450.00, 99, 39, 2565, 3105, 15588
2026/08/25 18:58:12.837, 453.61, 450.00, 99, 39, 2565, 3105, 15588
2026/08/25 18:58:12.939, 453.61, 450.00, 99, 39, 2565, 3105, 15588
2026/08/25 18:58:13.041, 453.61, 450.00, 99, 39, 2565, 3105, 15588
2026/08/25 18:58:13.145, 448.22, 450.00, 100, 100, 2565, 3105, 15588
2026/08/25 18:58:13.249, 448.22, 450.00, 100, 100, 2565, 3105, 15588
2026/08/25 18:58:13.351, 448.22, 450.00, 100, 100, 2565, 3105, 15588
2026/08/25 18:58:13.454, 448.22, 450.00, 100, 100, 2565, 3105, 15588
2026/08/25 18:58:13.557, 448.22, 450.00, 100, 100, 2565, 3105, 15588
2026/08/25 18:58:13.659, 452.89, 450.00, 100, 2, 2370, 3105, 15588
2026/08/25 18:58:13.763, 452.89, 450.00, 100, 2, 2370, 3105, 15588
2026/08/25 18:58:13.866, 452.89, 450.00, 100, 2, 2370, 3105, 15588
2026/08/25 18:58:13.969, 452.89, 450.00, 100, 2, 2370, 3105, 15588
2026/08/25 18:58:14.071, 452.89, 450.00, 100, 2, 2370, 3105, 15588
2026/08/25 18:58:14.174, 449.32, 450.00, 100, 2, 2370, 3105, 15588
2026/08/25 18:58:14.277, 449.32, 450.00, 100, 2, 2370, 3105, 15588
2026/08/25 18:58:14.379, 449.32, 450.00, 100, 2, 2370, 3105, 15588
2026/08/25 18:58:14.483, 449.32, 450.00, 100, 2, 2370, 3105, 15588
2026/08/25 18:58:14.588, 449.32, 450.00, 100, 2, 2370, 3105, 15588
2026/08/25 18:58:14.690, 450.30, 450.00, 99, 48, 2340, 3105, 15588
2026/08/25 18:58:14.793, 450.30, 450.00, 99, 48, 2340, 3105, 15588
2026/08/25 18:58:14.897, 450.30, 450.00, 99, 48, 2340, 3105, 15588
2026/08/25 18:58:14.999, 450.30, 450.00, 99, 48, 2340, 3105, 15588
2026/08/25 18:58:15.103, 445.53, 450.00, 99, 96, 2340, 3105, 15588
2026/08/25 18:58:15.207, 445.53, 450.00, 99, 96, 2340, 3105, 15588
2026/08/25 18:58:15.309, 445.53, 450.00, 99, 96, 2340, 3105, 15588
2026/08/25 18:58:15.412, 445.53, 450.00, 99, 96, 2340, 3105, 15588
2026/08/25 18:58:15.515, 445.53, 450.00, 99, 96, 2340, 3105, 15588
2026/08/25 18:58:15.618, 455.53, 450.00, 100, 2, 2265, 3105, 15588
2026/08/25 18:58:15.722, 455.53, 450.00, 100, 2, 2265, 3105, 15588
2026/08/25 18:58:15.825, 455.53, 450.00, 100, 2, 2265, 3105, 15588
2026/08/25 18:58:15.930, 455.53, 450.00, 100, 2, 2265, 3105, 15588
2026/08/25 18:58:16.033, 455.53, 450.00, 100, 2, 2265, 3105, 15588
2026/08/25 18:58:16.136, 447.27, 450.00, 100, 2, 2325, 3105, 15588
2026/08/25 18:58:16.238, 447.27, 450.00, 100, 2, 2325, 3105, 15588
2026/08/25 18:58:16.348, 447.27, 450.00, 100, 2, 2325, 3105, 15588
2026/08/25 18:58:16.453, 447.27, 450.00, 100, 2, 2325, 3105, 15588
2026/08/25 18:58:16.557, 447.27, 450.00, 100, 2, 2325, 3105, 15588
2026/08/25 18:58:16.660, 444.23, 450.00, 99, 16, 2325, 3105, 15588
2026/08/25 18:58:16.762, 444.23, 450.00, 99, 16, 2325, 3105, 15588
2026/08/25 18:58:16.864, 444.23, 450.00, 99, 16, 2325, 3105, 15588
2026/08/25 18:58:16.966, 444.23, 450.00, 99, 16, 2325, 3105, 15588
2026/08/25 18:58:17.070, 444.23, 450.00, 99, 16, 2325, 3105, 15588
2026/08/25 18:58:17.175, 444.55, 450.00, 99, 97, 2460, 3105, 15588
2026/08/25 18:58:17.278, 444.55, 450.00, 99, 97, 2460, 3105, 15588
2026/08/25 18:58:17.381, 444.55, 450.00, 99, 97, 2460, 3105, 15588
2026/08/25 18:58:17.483, 444.55, 450.00, 99, 97, 2460, 3105, 15588
2026/08/25 18:58:17.585, 444.55, 450.00, 99, 97, 2460, 3105, 15588
2026/08/25 18:58:17.689, 445.99, 450.00, 100, 34, 2460, 3105, 15588
2026/08/25 18:58:17.792, 445.99, 450.00, 100, 34, 2460, 3105, 15588
2026/08/25 18:58:17.896, 445.99, 450.00, 100, 34, 2460, 3105, 15588
2026/08/25 18:58:18.027, 445.99, 450.00, 100, 34, 2460, 3105, 15588
2026/08/25 18:58:18.131, 448.28, 450.00, 100, 2, 2460, 3105, 15588
2026/08/25 18:58:18.234, 448.28, 450.00, 100, 2, 2460, 3105, 15588
2026/08/25 18:58:18.339, 448.28, 450.00, 100, 2, 2460, 3105, 15588
2026/08/25 18:58:18.441, 448.28, 450.00, 100, 2, 2460, 3105, 15588
2026/08/25 18:58:18.587, 448.28, 450.00, 100, 2, 2460, 3105, 15588
2026/08/25 18:58:18.728, 443.04, 450.00, 100, 11, 2340, 3105, 15588
2026/08/25 18:58:18.830, 443.04, 450.00, 100, 11, 2340, 3105, 15588
2026/08/25 18:58:18.933, 443.04, 450.00, 100, 11, 2340, 3105, 15588
2026/08/25 18:58:19.039, 443.04, 450.00, 100, 11, 2340, 3105, 15588
2026/08/25 18:58:19.143, 436.75, 450.00, 95, 57, 2340, 3105, 15588
2026/08/25 18:58:19.247, 436.75, 450.00, 95, 57, 2340, 3105, 15588
2026/08/25 18:58:19.349, 436.75, 450.00, 95, 57, 2340, 3105, 15588
2026/08/25 18:58:19.452, 436.75, 450.00, 95, 57, 2340, 3105, 15588
2026/08/25 18:58:19.555, 436.75, 450.00, 95, 57, 2340, 3105, 15588
2026/08/25 18:58:19.657, 453.73, 450.00, 100, 2, 2265, 3105, 15588
2026/08/25 18:58:19.759, 453.73, 450.00, 100, 2, 2265, 3105, 15588
2026/08/25 18:58:19.863, 453.73, 450.00, 100, 2, 2265, 3105, 15588
2026/08/25 18:58:19.990, 453.73, 450.00, 100, 2, 2265, 3105, 15588
2026/08/25 18:58:20.093, 453.73, 450.00, 100, 2, 2265, 3105, 15588
2026/08/25 18:58:20.198, 433.58, 450.00, 100, 2, 2265, 3105, 15588
2026/08/25 18:58:20.326, 433.58, 450.00, 100, 2, 2265, 3105, 15588
2026/08/25 18:58:20.428, 433.58, 450.00, 100, 2, 2265, 3105, 15588
2026/08/25 18:58:20.533, 433.58, 450.00, 100, 2, 2265, 3105, 15588
2026/08/25 18:58:20.689, 443.31, 450.00, 92, 100, 2535, 3105, 15588
2026/08/25 18:58:20.827, 443.31, 450.00, 92, 100, 2535, 3105, 15588
2026/08/25 18:58:20.930, 443.31, 450.00, 92, 100, 2535, 3105, 15588
2026/08/25 18:58:21.033, 443.31, 450.00, 92, 100, 2535, 3105, 15588
2026/08/25 18:58:21.138, 447.10, 450.00, 100, 72, 2535, 3105, 15588
2026/08/25 18:58:21.240, 447.10, 450.00, 100, 72, 2535, 3105, 15588
2026/08/25 18:58:21.344, 447.10, 450.00, 100, 72, 2535, 3105, 15588
2026/08/25 18:58:21.447, 447.10, 450.00, 100, 72, 2535, 3105, 15588
2026/08/25 18:58:21.549, 447.10, 450.00, 100, 72, 2535, 3105, 15588
2026/08/25 18:58:21.652, 446.28, 450.00, 100, 2, 2340, 3105, 15588
2026/08/25 18:58:21.755, 446.28, 450.00, 100, 2, 2340, 3105, 15588
2026/08/25 18:58:21.859, 446.28, 450.00, 100, 2, 2340, 3105, 15588
2026/08/25 18:58:22.006, 446.28, 450.00, 100, 2, 2340, 3105, 15588
2026/08/25 18:58:22.144, 446.70, 450.00, 100, 2, 2340, 3105, 15588
2026/08/25 18:58:22.246, 446.70, 450.00, 100, 2, 2340, 3105, 15588
2026/08/25 18:58:22.348, 446.70, 450.00, 100, 2, 2340, 3105, 15588
2026/08/25 18:58:22.452, 446.70, 450.00, 100, 2, 2340, 3105, 15588
2026/08/25 18:58:22.557, 446.70, 450.00, 100, 2, 2340, 3105, 15588
2026/08/25 18:58:22.661, 442.69, 450.00, 100, 99, 2310, 3105, 15588
2026/08/25 18:58:22.763, 442.69, 450.00, 100, 99, 2310, 3105, 15588
2026/08/25 18:58:22.865, 442.69, 450.00, 100, 99, 2310, 3105, 15588
2026/08/25 18:58:22.967, 442.69, 450.00, 100, 99, 2310, 3105, 15588
2026/08/25 18:58:23.071, 442.69, 450.00, 100, 99, 2310, 3105, 15588
2026/08/25 18:58:23.174, 446.92, 450.00, 100, 100, 2310, 3105, 15588
2026/08/25 18:58:23.279, 446.92, 450.00, 100, 100, 2310, 3105, 15588
2026/08/25 18:58:23.404, 446.92, 450.00, 100, 100, 2310, 3105, 15588
2026/08/25 18:58:23.506, 446.92, 450.00, 100, 100, 2310, 3105, 15588
2026/08/25 18:58:23.609, 446.92, 450.00, 100, 100, 2310, 3105, 15588
2026/08/25 18:58:23.712, 446.58, 450.00, 100, 2, 2400, 3105, 15588
2026/08/25 18:58:23.817, 446.58, 450.00, 100, 2, 2400, 3105, 15588
2026/08/25 18:58:23.921, 446.58, 450.00, 100, 2, 2400, 3105, 15588
2026/08/25 18:58:24.024, 446.58, 450.00, 100, 2, 2400, 3105, 15588
2026/08/25 18:58:24.126, 446.58, 450.00, 100, 2, 2400, 3105, 15588
2026/08/25 18:58:24.228, 448.21, 450.00, 100, 2, 2400, 3105, 15588
2026/08/25 18:58:24.331, 448.21, 450.00, 100, 2, 2400, 3105, 15588
2026/08/25 18:58:24.437, 448.21, 450.00, 100, 2, 2400, 3105, 15588
2026/08/25 18:58:24.541, 448.21, 450.00, 100, 2, 2400, 3105, 15588
2026/08/25 18:58:24.644, 448.57, 450.00, 100, 15, 2355, 3105, 15588
2026/08/25 18:58:24.746, 448.57, 450.00, 100, 15, 2355, 3105, 15588
2026/08/25 18:58:24.854, 448.57, 450.00, 100, 15, 2355, 3105, 15588
2026/08/25 18:58:24.957, 448.57, 450.00, 100, 15, 2355, 3105, 15588
2026/08/25 18:58:25.061, 448.57, 450.00, 100, 15, 2355, 3105, 15588
2026/08/25 18:58:25.165, 445.98, 450.00, 99, 98, 2355, 3105, 15588
2026/08/25 18:58:25.307, 445.98, 450.00, 99, 98, 2355, 3105, 15588
2026/08/25 18:58:25.410, 445.98, 450.00, 99, 98, 2355, 3105, 15588
2026/08/25 18:58:25.513, 445.98, 450.00, 99, 98, 2355, 3105, 15588
2026/08/25 18:58:25.615, 445.98, 450.00, 99, 98, 2355, 3105, 15588
2026/08/25 18:58:25.722, 448.57, 450.00, 100, 34, 2355, 3105, 15588
2026/08/25 18:58:25.827, 448.57, 450.00, 100, 34, 2355, 3105, 15588
2026/08/25 18:58:25.930, 448.57, 450.00, 100, 34, 2355, 3105, 15588
2026/08/25 18:58:26.032, 448.57, 450.00, 100, 34, 2355, 3105, 15588
2026/08/25 18:58:26.135, 446.04, 450.00, 100, 2, 2355, 3105, 15588
2026/08/25 18:58:26.238, 446.04, 450.00, 100, 2, 2355, 3105, 15588
2026/08/25 18:58:26.341, 446.04, 450.00, 100, 2, 2355, 3105, 15588
2026/08/25 18:58:26.444, 446.04, 450.00, 100, 2, 2355, 3105, 15588
2026/08/25 18:58:26.546, 446.04, 450.00, 100, 2, 2355, 3105, 15588
2026/08/25 18:58:26.648, 446.42, 450.00, 100, 2, 2295, 3105, 15588
2026/08/25 18:58:26.752, 446.42, 450.00, 100, 2, 2295, 3105, 15588
2026/08/25 18:58:26.854, 446.42, 450.00, 100, 2, 2295, 3105, 15588
2026/08/25 18:58:26.958, 446.42, 450.00, 100, 2, 2295, 3105, 15588
2026/08/25 18:58:27.061, 446.42, 450.00, 100, 2, 2295, 3105, 15588
2026/08/25 18:58:27.182, 444.97, 450.00, 97, 100, 2295, 3105, 15588
2026/08/25 18:58:27.285, 444.97, 450.00, 97, 100, 2295, 3105, 15588
2026/08/25 18:58:27.387, 444.97, 450.00, 97, 100, 2295, 3105, 15588
2026/08/25 18:58:27.491, 444.97, 450.00, 97, 100, 2295, 3105, 15588
2026/08/25 18:58:27.595, 444.97, 450.00, 97, 100, 2295, 3105, 15588
2026/08/25 18:58:27.698, 445.04, 450.00, 100, 90, 2370, 3105, 15588
2026/08/25 18:58:27.803, 445.04, 450.00, 100, 90, 2370, 3105, 15588
2026/08/25 18:58:27.905, 445.04, 450.00, 100, 90, 2370, 3105, 15588
2026/08/25 18:58:28.007, 445.04, 450.00, 100, 90, 2370, 3105, 15588
2026/08/25 18:58:28.110, 445.04, 450.00, 100, 90, 2370, 3105, 15588
2026/08/25 18:58:28.212, 447.83, 450.00, 100, 2, 2370, 3105, 15588
2026/08/25 18:58:28.317, 447.83, 450.00, 100, 2, 2370, 3105, 15588
2026/08/25 18:58:28.422, 447.83, 450.00, 100, 2, 2370, 3105, 15588
2026/08/25 18:58:28.524, 447.83, 450.00, 100, 2, 2370, 3105, 15588
2026/08/25 18:58:28.626, 447.83, 450.00, 100, 2, 2370, 3105, 15588
2026/08/25 18:58:28.729, 447.36, 450.00, 100, 2, 2280, 3105, 15588
2026/08/25 18:58:28.861, 447.36, 450.00, 100, 2, 2280, 3105, 15588
2026/08/25 18:58:28.965, 447.36, 450.00, 100, 2, 2280, 3105, 15588
2026/08/25 18:58:29.087, 447.36, 450.00, 100, 2, 2280, 3105, 15588
2026/08/25 18:58:29.224, 446.25, 450.00, 99, 36, 2280, 3105, 15588
2026/08/25 18:58:29.326, 446.25, 450.00, 99, 36, 2280, 3105, 15588
2026/08/25 18:58:29.429, 446.25, 450.00, 99, 36, 2280, 3105, 15588
2026/08/25 18:58:29.535, 446.25, 450.00, 99, 36, 2280, 3105, 15588
2026/08/25 18:58:29.637, 445.89, 450.00, 99, 98, 2535, 3105, 15588
2026/08/25 18:58:29.784, 445.89, 450.00, 99, 98, 2535, 3105, 15588
2026/08/25 18:58:29.925, 445.89, 450.00, 99, 98, 2535, 3105, 15588
2026/08/25 18:58:30.028, 445.89, 450.00, 99, 98, 2535, 3105, 15588
2026/08/25 18:58:30.131, 453.46, 450.00, 100, 20, 2535, 3105, 15588
2026/08/25 18:58:30.236, 453.46, 450.00, 100, 20, 2535, 3105, 15588
2026/08/25 18:58:30.340, 453.46, 450.00, 100, 20, 2535, 3105, 15588
2026/08/25 18:58:30.442, 453.46, 450.00, 100, 20, 2535, 3105, 15588
2026/08/25 18:58:30.544, 453.46, 450.00, 100, 20, 2535, 3105, 15588
2026/08/25 18:58:30.647, 451.92, 450.00, 100, 2, 2280, 3105, 15588
2026/08/25 18:58:30.750, 451.92, 450.00, 100, 2, 2280, 3105, 15588
2026/08/25 18:58:30.855, 451.92, 450.00, 100, 2, 2280, 3105, 15588
2026/08/25 18:58:30.959, 451.92, 450.00, 100, 2, 2280, 3105, 15588
2026/08/25 18:58:31.102, 451.92, 450.00, 100, 2, 2280, 3105, 15588
2026/08/25 18:58:31.204, 450.81, 450.00, 100, 2, 2280, 3105, 15588
2026/08/25 18:58:31.306, 450.81, 450.00, 100, 2, 2280, 3105, 15588
2026/08/25 18:58:31.409, 450.81, 450.00, 100, 2, 2280, 3105, 15588
2026/08/25 18:58:31.515, 450.81, 450.00, 100, 2, 2280, 3105, 15588
2026/08/25 18:58:31.619, 450.81, 450.00, 100, 2, 2280, 3105, 15588
2026/08/25 18:58:31.740, 445.45, 450.00, 99, 100, 2520, 3105, 15588
2026/08/25 18:58:31.842, 445.45, 450.00, 99, 100, 2520, 3105, 15588
2026/08/25 18:58:31.944, 445.45, 450.00, 99, 100, 2520, 3105, 15588
2026/08/25 18:58:32.046, 445.45, 450.00, 99, 100, 2520, 3105, 15588
2026/08/25 18:58:32.151, 450.18, 450.00, 100, 88, 2520, 3105, 15588
2026/08/25 18:58:32.255, 450.18, 450.00, 100, 88, 2520, 3105, 15588
2026/08/25 18:58:32.365, 450.18, 450.00, 100, 88, 2520, 3105, 15588
2026/08/25 18:58:32.469, 450.18, 450.00, 100, 88, 2520, 3105, 15588
2026/08/25 18:58:32.571, 450.18, 450.00, 100, 88, 2520, 3105, 15588
2026/08/25 18:58:32.673, 448.04, 450.00, 100, 2, 2265, 3105, 15588
2026/08/25 18:58:32.777, 448.04, 450.00, 100, 2, 2265, 3105, 15588
2026/08/25 18:58:32.880, 448.04, 450.00, 100, 2, 2265, 3105, 15588
2026/08/25 18:58:33.004, 448.04, 450.00, 100, 2, 2265, 3105, 15588
2026/08/25 18:58:33.139, 448.04, 450.00, 100, 2, 2265, 3105, 15588
2026/08/25 18:58:33.242, 449.14, 450.00, 100, 2, 2265, 3105, 15588
2026/08/25 18:58:33.344, 449.14, 450.00, 100, 2, 2265, 3105, 15588
2026/08/25 18:58:33.449, 449.14, 450.00, 100, 2, 2265, 3105, 15588
2026/08/25 18:58:33.554, 449.14, 450.00, 100, 2, 2265, 3105, 15588
2026/08/25 18:58:33.704, 449.20, 450.00, 99, 79, 2580, 3105, 15588
2026/08/25 18:58:33.807, 449.20, 450.00, 99, 79, 2580, 3105, 15588
2026/08/25 18:58:33.911, 449.20, 450.00, 99, 79, 2580, 3105, 15588
2026/08/25 18:58:34.013, 449.20, 450.00, 99, 79, 2580, 3105, 15588
2026/08/25 18:58:34.121, 449.20, 450.00, 99, 79, 2580, 3105, 15588
2026/08/25 18:58:34.225, 447.02, 450.00, 100, 100, 2580, 3105, 15588
2026/08/25 18:58:34.328, 447.02, 450.00, 100, 100, 2580, 3105, 15588
2026/08/25 18:58:34.430, 447.02, 450.00, 100, 100, 2580, 3105, 15588
2026/08/25 18:58:34.533, 447.02, 450.00, 100, 100, 2580, 3105, 15588
2026/08/25 18:58:34.635, 447.02, 450.00, 100, 100, 2580, 3105, 15588
2026/08/25 18:58:34.739, 450.14, 450.00, 100, 7, 2475, 3105, 15588
2026/08/25 18:58:34.881, 450.14, 450.00, 100, 7, 2475, 3105, 15588
2026/08/25 18:58:35.020, 450.14, 450.00, 100, 7, 2475, 3105, 15588
2026/08/25 18:58:35.122, 450.14, 450.00, 100, 7, 2475, 3105, 15588
2026/08/25 18:58:35.225, 446.73, 450.00, 100, 2, 2475, 3105, 15588
2026/08/25 18:58:35.328, 446.73, 450.00, 100, 2, 2475, 3105, 15588
2026/08/25 18:58:35.431, 446.73, 450.00, 100, 2, 2475, 3105, 15588
2026/08/25 18:58:35.536, 446.73, 450.00, 100, 2, 2475, 3105, 15588
2026/08/25 18:58:35.663, 453.99, 450.00, 100, 2, 2265, 3105, 15588
2026/08/25 18:58:35.765, 453.99, 450.00, 100, 2, 2265, 3105, 15588
2026/08/25 18:58:35.868, 453.99, 450.00, 100, 2, 2265, 3105, 15588
2026/08/25 18:58:35.973, 453.99, 450.00, 100, 2, 2265, 3105, 15588
2026/08/25 18:58:36.076, 453.99, 450.00, 100, 2, 2265, 3105, 15588
2026/08/25 18:58:36.223, 445.54, 450.00, 99, 100, 2265, 3105, 15588
2026/08/25 18:58:36.362, 445.54, 450.00, 99, 100, 2265, 3105, 15588
2026/08/25 18:58:36.464, 445.54, 450.00, 99, 100, 2265, 3105, 15588
2026/08/25 18:58:36.567, 445.54, 450.00, 99, 100, 2265, 3105, 15588
2026/08/25 18:58:36.674, 453.45, 450.00, 100, 70, 2475, 3105, 15588
2026/08/25 18:58:36.778, 453.45, 450.00, 100, 70, 2475, 3105, 15588
2026/08/25 18:58:36.916, 453.45, 450.00, 100, 70, 2475, 3105, 15588
2026/08/25 18:58:37.019, 453.45, 450.00, 100, 70, 2475, 3105, 15588
2026/08/25 18:58:37.121, 453.45, 450.00, 100, 70, 2475, 3105, 15588
2026/08/25 18:58:37.223, 453.95, 450.00, 100, 2, 2475, 3105, 15588
2026/08/25 18:58:37.337, 453.95, 450.00, 100, 2, 2475, 3105, 15588
2026/08/25 18:58:37.484, 453.95, 450.00, 100, 2, 2475, 3105, 15588
2026/08/25 18:58:37.587, 453.95, 450.00, 100, 2, 2475, 3105, 15588
2026/08/25 18:58:37.690, 445.58, 450.00, 100, 2, 2370, 3105, 15588
2026/08/25 18:58:37.820, 445.58, 450.00, 100, 2, 2370, 3105, 15588
2026/08/25 18:58:37.922, 445.58, 450.00, 100, 2, 2370, 3105, 15588
2026/08/25 18:58:38.027, 445.58, 450.00, 100, 2, 2370, 3105, 15588
2026/08/25 18:58:38.133, 445.58, 450.00, 100, 2, 2370, 3105, 15588
2026/08/25 18:58:38.235, 444.02, 450.00, 98, 100, 2370, 3105, 15588
2026/08/25 18:58:38.338, 444.02, 450.00, 98, 100, 2370, 3105, 15588
2026/08/25 18:58:38.440, 444.02, 450.00, 98, 100, 2370, 3105, 15588
2026/08/25 18:58:38.542, 444.02, 450.00, 98, 100, 2370, 3105, 15588
2026/08/25 18:58:38.645, 450.59, 450.00, 100, 69, 2460, 3105, 15588
2026/08/25 18:58:38.749, 450.59, 450.00, 100, 69, 2460, 3105, 15588
2026/08/25 18:58:38.853, 450.59, 450.00, 100, 69, 2460, 3105, 15588
2026/08/25 18:58:38.955, 450.59, 450.00, 100, 69, 2460, 3105, 15588
2026/08/25 18:58:39.058, 450.59, 450.00, 100, 69, 2460, 3105, 15588
2026/08/25 18:58:39.160, 446.70, 450.00, 100, 2, 2460, 3105, 15588
2026/08/25 18:58:39.262, 446.70, 450.00, 100, 2, 2460, 3105, 15588
2026/08/25 18:58:39.366, 446.70, 450.00, 100, 2, 2460, 3105, 15588
2026/08/25 18:58:39.472, 446.70, 450.00, 100, 2, 2460, 3105, 15588
2026/08/25 18:58:39.583, 446.70, 450.00, 100, 2, 2460, 3105, 15588
2026/08/25 18:58:39.687, 452.35, 450.00, 100, 2, 2325, 3105, 15588
2026/08/25 18:58:39.791, 452.35, 450.00, 100, 2, 2325, 3105, 15588
2026/08/25 18:58:39.893, 452.35, 450.00, 100, 2, 2325, 3105, 15588
2026/08/25 18:58:39.996, 452.35, 450.00, 100, 2, 2325, 3105, 15588
2026/08/25 18:58:40.099, 452.35, 450.00, 100, 2, 2325, 3105, 15588
2026/08/25 18:58:40.204, 450.76, 450.00, 99, 98, 2325, 3105, 15588
2026/08/25 18:58:40.307, 450.76, 450.00, 99, 98, 2325, 3105, 15588
2026/08/25 18:58:40.410, 450.76, 450.00, 99, 98, 2325, 3105, 15588
2026/08/25 18:58:40.512, 450.76, 450.00, 99, 98, 2325, 3105, 15588
2026/08/25 18:58:40.614, 450.76, 450.00, 99, 98, 2325, 3105, 15588
2026/08/25 18:58:40.717, 456.41, 450.00, 100, 2, 2385, 3105, 15588
2026/08/25 18:58:40.821, 456.41, 450.00, 100, 2, 2385, 3105, 15588
2026/08/25 18:58:40.926, 456.41, 450.00, 100, 2, 2385, 3105, 15588
2026/08/25 18:58:41.029, 456.41, 450.00, 100, 2, 2385, 3105, 15588
2026/08/25 18:58:41.131, 456.41, 450.00, 100, 2, 2385, 3105, 15588
2026/08/25 18:58:41.233, 448.43, 450.00, 100, 2, 2385, 3105, 15588
2026/08/25 18:58:41.336, 448.43, 450.00, 100, 2, 2385, 3105, 15588
2026/08/25 18:58:41.439, 448.43, 450.00, 100, 2, 2385, 3105, 15588
2026/08/25 18:58:41.543, 448.43, 450.00, 100, 2, 2385, 3105, 15588
2026/08/25 18:58:41.646, 448.30, 450.00, 99, 62, 2280, 3105, 15588
2026/08/25 18:58:41.748, 448.30, 450.00, 99, 62, 2280, 3105, 15588
2026/08/25 18:58:41.851, 448.30, 450.00, 99, 62, 2280, 3105, 15588
2026/08/25 18:58:41.953, 448.30, 450.00, 99, 62, 2280, 3105, 15588
2026/08/25 18:58:42.055, 448.30, 450.00, 99, 62, 2280, 3105, 15588
2026/08/25 18:58:42.159, 447.30, 450.00, 100, 100, 2280, 3105, 15588
2026/08/25 18:58:42.263, 447.30, 450.00, 100, 100, 2280, 3105, 15588
2026/08/25 18:58:42.366, 447.30, 450.00, 100, 100, 2280, 3105, 15588
2026/08/25 18:58:42.470, 447.30, 450.00, 100, 100, 2280, 3105, 15588
2026/08/25 18:58:42.572, 447.30, 450.00, 100, 100, 2280, 3105, 15588
2026/08/25 18:58:42.675, 450.62, 450.00, 100, 2, 2370, 3105, 15588
2026/08/25 18:58:42.778, 450.62, 450.00, 100, 2, 2370, 3105, 15588
2026/08/25 18:58:42.883, 450.62, 450.00, 100, 2, 2370, 3105, 15588
2026/08/25 18:58:42.986, 450.62, 450.00, 100, 2, 2370, 3105, 15588
2026/08/25 18:58:43.088, 450.62, 450.00, 100, 2, 2370, 3105, 15588
2026/08/25 18:58:43.191, 449.67, 450.00, 100, 2, 2370, 3105, 15588
2026/08/25 18:58:43.293, 449.67, 450.00, 100, 2, 2370, 3105, 15588
2026/08/25 18:58:43.395, 449.67, 450.00, 100, 2, 2370, 3105, 15588
2026/08/25 18:58:43.498, 449.67, 450.00, 100, 2, 2370, 3105, 15588
2026/08/25 18:58:43.603, 449.67, 450.00, 100, 2, 2370, 3105, 15588
2026/08/25 18:58:43.706, 450.13, 450.00, 99, 62, 2325, 3105, 15588
2026/08/25 18:58:43.810, 450.13, 450.00, 99, 62, 2325, 3105, 15588
2026/08/25 18:58:43.912, 450.13, 450.00, 99, 62, 2325, 3105, 15588
2026/08/25 18:58:44.014, 450.13, 450.00, 99, 62, 2325, 3105, 15588
2026/08/25 18:58:44.118, 450.13, 450.00, 99, 62, 2325, 3105, 15588
2026/08/25 18:58:44.222, 447.66, 450.00, 100, 100, 2325, 3105, 15588
2026/08/25 18:58:44.325, 447.66, 450.00, 100, 100, 2325, 3105, 15588
2026/08/25 18:58:44.427, 447.66, 450.00, 100, 100, 2325, 3105, 15588
2026/08/25 18:58:44.530, 447.66, 450.00, 100, 100, 2325, 3105, 15588
2026/08/25 18:58:44.632, 447.66, 450.00, 100, 100, 2325, 3105, 15588
2026/08/25 18:58:44.736, 450.74, 450.00, 100, 2, 2385, 3105, 15588
2026/08/25 18:58:44.838, 450.74, 450.00, 100, 2, 2385, 3105, 15588
2026/08/25 18:58:44.942, 450.74, 450.00, 100, 2, 2385, 3105, 15588
2026/08/25 18:58:45.046, 450.74, 450.00, 100, 2, 2385, 3105, 15588
2026/08/25 18:58:45.150, 449.41, 450.00, 100, 2, 2385, 3105, 15588
2026/08/25 18:58:45.252, 449.41, 450.00, 100, 2, 2385, 3105, 15588
2026/08/25 18:58:45.354, 449.41, 450.00, 100, 2, 2385, 3105, 15588
2026/08/25 18:58:45.458, 449.41, 450.00, 100, 2, 2385, 3105, 15588
2026/08/25 18:58:45.562, 449.41, 450.00, 100, 2, 2385, 3105, 15588
2026/08/25 18:58:45.665, 450.42, 450.00, 99, 59, 2310, 3105, 15588
2026/08/25 18:58:45.767, 450.42, 450.00, 99, 59, 2310, 3105, 15588
2026/08/25 18:58:45.870, 450.42, 450.00, 99, 59, 2310, 3105, 15588
2026/08/25 18:58:45.972, 450.42, 450.00, 99, 59, 2310, 3105, 15588
2026/08/25 18:58:46.076, 450.42, 450.00, 99, 59, 2310, 3105, 15588
2026/08/25 18:58:46.178, 448.09, 450.00, 100, 100, 2310, 3105, 15588
2026/08/25 18:58:46.282, 448.09, 450.00, 100, 100, 2310, 3105, 15588
2026/08/25 18:58:46.387, 448.09, 450.00, 100, 100, 2310, 3105, 15588
2026/08/25 18:58:46.490, 448.09, 450.00, 100, 100, 2310, 3105, 15588
2026/08/25 18:58:46.592, 448.09, 450.00, 100, 100, 2310, 3105, 15588
2026/08/25 18:58:46.694, 451.87, 450.00, 100, 2, 2385, 3105, 15588
2026/08/25 18:58:46.798, 451.87, 450.00, 100, 2, 2385, 3105, 15588
2026/08/25 18:58:46.903, 451.87, 450.00, 100, 2, 2385, 3105, 15588
2026/08/25 18:58:47.006, 451.87, 450.00, 100, 2, 2385, 3105, 15588
2026/08/25 18:58:47.108, 451.87, 450.00, 100, 2, 2385, 3105, 15588
2026/08/25 18:58:47.210, 448.98, 450.00, 100, 2, 2385, 3105, 15588
2026/08/25 18:58:47.312, 448.98, 450.00, 100, 2, 2385, 3105, 15588
2026/08/25 18:58:47.416, 448.98, 450.00, 100, 2, 2385, 3105, 15588
2026/08/25 18:58:47.520, 448.98, 450.00, 100, 2, 2385, 3105, 15588
2026/08/25 18:58:47.625, 448.98, 450.00, 100, 2, 2385, 3105, 15588
2026/08/25 18:58:47.729, 449.48, 450.00, 99, 51, 2325, 3105, 15588
2026/08/25 18:58:47.831, 449.48, 450.00, 99, 51, 2325, 3105, 15588
2026/08/25 18:58:47.933, 449.48, 450.00, 99, 51, 2325, 3105, 15588
2026/08/25 18:58:48.037, 449.48, 450.00, 99, 51, 2325, 3105, 15588
2026/08/25 18:58:48.139, 449.48, 450.00, 99, 51, 2325, 3105, 15588
2026/08/25 18:58:48.244, 446.76, 450.00, 99, 96, 2325, 3105, 15588
2026/08/25 18:58:48.399, 446.76, 450.00, 99, 96, 2325, 3105, 15588
2026/08/25 18:58:48.501, 446.76, 450.00, 99, 96, 2325, 3105, 15588
2026/08/25 18:58:48.604, 446.76, 450.00, 99, 96, 2325, 3105, 15588
2026/08/25 18:58:48.709, 451.53, 450.00, 100, 2, 2550, 3105, 15588
2026/08/25 18:58:48.812, 451.53, 450.00, 100, 2, 2550, 3105, 15588
2026/08/25 18:58:48.959, 451.53, 450.00, 100, 2, 2550, 3105, 15588
2026/08/25 18:58:49.099, 451.53, 450.00, 100, 2, 2550, 3105, 15588
2026/08/25 18:58:49.202, 449.19, 450.00, 100, 2, 2550, 3105, 15588
2026/08/25 18:58:49.305, 449.19, 450.00, 100, 2, 2550, 3105, 15588
2026/08/25 18:58:49.410, 449.19, 450.00, 100, 2, 2550, 3105, 15588
2026/08/25 18:58:49.512, 449.19, 450.00, 100, 2, 2550, 3105, 15588
2026/08/25 18:58:49.615, 449.19, 450.00, 100, 2, 2550, 3105, 15588
2026/08/25 18:58:49.723, 453.43, 450.00, 100, 36, 2250, 3105, 15588
2026/08/25 18:58:49.827, 453.43, 450.00, 100, 36, 2250, 3105, 15588
2026/08/25 18:58:49.929, 453.43, 450.00, 100, 36, 2250, 3105, 15588
2026/08/25 18:58:50.032, 453.43, 450.00, 100, 36, 2250, 3105, 15588
2026/08/25 18:58:50.135, 453.43, 450.00, 100, 36, 2250, 3105, 15588
2026/08/25 18:58:50.275, 449.81, 450.00, 99, 98, 2250, 3105, 15588
2026/08/25 18:58:50.377, 449.81, 450.00, 99, 98, 2250, 3105, 15588
2026/08/25 18:58:50.498, 449.81, 450.00, 99, 98, 2250, 3105, 15588
2026/08/25 18:58:50.601, 449.81, 450.00, 99, 98, 2250, 3105, 15588
2026/08/25 18:58:50.706, 446.94, 450.00, 100, 7, 2400, 3105, 15588
2026/08/25 18:58:50.809, 446.94, 450.00, 100, 7, 2400, 3105, 15588
2026/08/25 18:58:50.912, 446.94, 450.00, 100, 7, 2400, 3105, 15588
2026/08/25 18:58:51.014, 446.94, 450.00, 100, 7, 2400, 3105, 15588
2026/08/25 18:58:51.117, 446.94, 450.00, 100, 7, 2400, 3105, 15588
2026/08/25 18:58:51.219, 447.47, 450.00, 100, 2, 2400, 3105, 15588
2026/08/25 18:58:51.322, 447.47, 450.00, 100, 2, 2400, 3105, 15588
2026/08/25 18:58:51.429, 447.47, 450.00, 100, 2, 2400, 3105, 15588
2026/08/25 18:58:51.533, 447.47, 450.00, 100, 2, 2400, 3105, 15588
2026/08/25 18:58:51.635, 447.47, 450.00, 100, 2, 2400, 3105, 15588
2026/08/25 18:58:51.737, 448.20, 450.00, 100, 9, 2340, 3105, 15588
2026/08/25 18:58:51.840, 448.20, 450.00, 100, 9, 2340, 3105, 15588
2026/08/25 18:58:51.943, 448.20, 450.00, 100, 9, 2340, 3105, 15588
2026/08/25 18:58:52.049, 448.20, 450.00, 100, 9, 2340, 3105, 15588
2026/08/25 18:58:52.153, 448.20, 450.00, 100, 9, 2340, 3105, 15588
2026/08/25 18:58:52.257, 435.50, 450.00, 95, 64, 2340, 3105, 15588
2026/08/25 18:58:52.374, 435.50, 450.00, 95, 64, 2340, 3105, 15588
2026/08/25 18:58:52.476, 435.50, 450.00, 95, 64, 2340, 3105, 15588
2026/08/25 18:58:52.578, 435.50, 450.00, 95, 64, 2340, 3105, 15588
2026/08/25 18:58:52.682, 449.91, 450.00, 100, 2, 2400, 3105, 15588
2026/08/25 18:58:52.785, 449.91, 450.00, 100, 2, 2400, 3105, 15588
2026/08/25 18:58:52.889, 449.91, 450.00, 100, 2, 2400, 3105, 15588
2026/08/25 18:58:53.011, 449.91, 450.00, 100, 2, 2400, 3105, 15588
2026/08/25 18:58:53.157, 449.91, 450.00, 100, 2, 2400, 3105, 15588
2026/08/25 18:58:53.259, 447.33, 450.00, 100, 2, 2400, 3105, 15588
2026/08/25 18:58:53.362, 447.33, 450.00, 100, 2, 2400, 3105, 15588
2026/08/25 18:58:53.468, 447.33, 450.00, 100, 2, 2400, 3105, 15588
2026/08/25 18:58:53.570, 447.33, 450.00, 100, 2, 2400, 3105, 15588
2026/08/25 18:58:53.711, 447.63, 450.00, 98, 100, 2685, 3105, 15588
2026/08/25 18:58:53.857, 447.63, 450.00, 98, 100, 2685, 3105, 15588
2026/08/25 18:58:53.959, 447.63, 450.00, 98, 100, 2685, 3105, 15588
2026/08/25 18:58:54.062, 447.63, 450.00, 98, 100, 2685, 3105, 15588
2026/08/25 18:58:54.168, 447.63, 450.00, 98, 100, 2685, 3105, 15588
2026/08/25 18:58:54.270, 441.22, 450.00, 100, 48, 2685, 3105, 15588
2026/08/25 18:58:54.373, 441.22, 450.00, 100, 48, 2685, 3105, 15588
2026/08/25 18:58:54.475, 441.22, 450.00, 100, 48, 2685, 3105, 15588
2026/08/25 18:58:54.614, 441.22, 450.00, 100, 48, 2685, 3105, 15588
2026/08/25 18:58:54.716, 443.39, 450.00, 100, 2, 2310, 3105, 15588
2026/08/25 18:58:54.820, 443.39, 450.00, 100, 2, 2310, 3105, 15588
2026/08/25 18:58:54.925, 443.39, 450.00, 100, 2, 2310, 3105, 15588
2026/08/25 18:58:55.037, 443.39, 450.00, 100, 2, 2310, 3105, 15588
2026/08/25 18:58:55.140, 443.39, 450.00, 100, 2, 2310, 3105, 15588
2026/08/25 18:58:55.257, 445.11, 450.00, 100, 2, 2310, 3105, 15588
2026/08/25 18:58:55.359, 445.11, 450.00, 100, 2, 2310, 3105, 15588
2026/08/25 18:58:55.463, 445.11, 450.00, 100, 2, 2310, 3105, 15588
2026/08/25 18:58:55.566, 445.11, 450.00, 100, 2, 2310, 3105, 15588
2026/08/25 18:58:55.677, 445.25, 450.00, 95, 100, 2265, 3105, 15588
2026/08/25 18:58:55.816, 445.25, 450.00, 95, 100, 2265, 3105, 15588
2026/08/25 18:58:55.918, 445.25, 450.00, 95, 100, 2265, 3105, 15588
2026/08/25 18:58:56.021, 445.25, 450.00, 95, 100, 2265, 3105, 15588
2026/08/25 18:58:56.127, 445.25, 450.00, 95, 100, 2265, 3105, 15588
2026/08/25 18:58:56.230, 451.97, 450.00, 100, 100, 2265, 3105, 15588
2026/08/25 18:58:56.332, 451.97, 450.00, 100, 100, 2265, 3105, 15588
2026/08/25 18:58:56.435, 451.97, 450.00, 100, 100, 2265, 3105, 15588
2026/08/25 18:58:56.537, 451.97, 450.00, 100, 100, 2265, 3105, 15588
2026/08/25 18:58:56.640, 451.97, 450.00, 100, 100, 2265, 3105, 15588
2026/08/25 18:58:56.745, 452.49, 450.00, 100, 2, 2520, 3105, 15588
2026/08/25 18:58:56.848, 452.49, 450.00, 100, 2, 2520, 3105, 15588
2026/08/25 18:58:56.952, 452.49, 450.00, 100, 2, 2520, 3105, 15588
2026/08/25 18:58:57.075, 452.49, 450.00, 100, 2, 2520, 3105, 15588
2026/08/25 18:58:57.177, 447.89, 450.00, 100, 2, 2520, 3105, 15588
2026/08/25 18:58:57.281, 447.89, 450.00, 100, 2, 2520, 3105, 15588
2026/08/25 18:58:57.387, 447.89, 450.00, 100, 2, 2520, 3105, 15588
2026/08/25 18:58:57.489, 447.89, 450.00, 100, 2, 2520, 3105, 15588
2026/08/25 18:58:57.593, 447.89, 450.00, 100, 2, 2520, 3105, 15588
2026/08/25 18:58:57.697, 447.51, 450.00, 99, 39, 2310, 3105, 15588
2026/08/25 18:58:57.801, 447.51, 450.00, 99, 39, 2310, 3105, 15588
2026/08/25 18:58:57.903, 447.51, 450.00, 99, 39, 2310, 3105, 15588
2026/08/25 18:58:58.005, 447.51, 450.00, 99, 39, 2310, 3105, 15588
2026/08/25 18:58:58.110, 447.51, 450.00, 99, 39, 2310, 3105, 15588
2026/08/25 18:58:58.214, 446.39, 450.00, 99, 99, 2310, 3105, 15588
2026/08/25 18:58:58.316, 446.39, 450.00, 99, 99, 2310, 3105, 15588
2026/08/25 18:58:58.418, 446.39, 450.00, 99, 99, 2310, 3105, 15588
2026/08/25 18:58:58.521, 446.39, 450.00, 99, 99, 2310, 3105, 15588
2026/08/25 18:58:58.625, 446.39, 450.00, 99, 99, 2310, 3105, 15588
2026/08/25 18:58:58.728, 447.19, 450.00, 100, 7, 2340, 3105, 15588
2026/08/25 18:58:58.833, 447.19, 450.00, 100, 7, 2340, 3105, 15588
2026/08/25 18:58:58.935, 447.19, 450.00, 100, 7, 2340, 3105, 15588
2026/08/25 18:58:59.037, 447.19, 450.00, 100, 7, 2340, 3105, 15588
2026/08/25 18:58:59.140, 447.19, 450.00, 100, 7, 2340, 3105, 15588
2026/08/25 18:58:59.243, 450.66, 450.00, 100, 2, 2340, 3105, 15588
2026/08/25 18:58:59.347, 450.66, 450.00, 100, 2, 2340, 3105, 15588
2026/08/25 18:58:59.451, 450.66, 450.00, 100, 2, 2340, 3105, 15588
2026/08/25 18:58:59.555, 450.66, 450.00, 100, 2, 2340, 3105, 15588
2026/08/25 18:58:59.657, 450.66, 450.00, 100, 2, 2340, 3105, 15588
2026/08/25 18:58:59.793, 447.14, 450.00, 100, 2, 2280, 3105, 15588
2026/08/25 18:58:59.895, 447.14, 450.00, 100, 2, 2280, 3105, 15588
2026/08/25 18:58:59.999, 447.14, 450.00, 100, 2, 2280, 3105, 15588
2026/08/25 18:59:00.103, 447.14, 450.00, 100, 2, 2280, 3105, 15588
2026/08/25 18:59:00.207, 451.60, 450.00, 99, 34, 2280, 3105, 15588
2026/08/25 18:59:00.309, 451.60, 450.00, 99, 34, 2280, 3105, 15588
2026/08/25 18:59:00.412, 451.60, 450.00, 99, 34, 2280, 3105, 15588
2026/08/25 18:59:00.513, 451.60, 450.00, 99, 34, 2280, 3105, 15588
2026/08/25 18:59:00.616, 451.60, 450.00, 99, 34, 2280, 3105, 15588
2026/08/25 18:59:00.720, 448.52, 450.00, 99, 98, 2355, 3105, 15588
2026/08/25 18:59:00.857, 448.52, 450.00, 99, 98, 2355, 3105, 15588
2026/08/25 18:59:00.960, 448.52, 450.00, 99, 98, 2355, 3105, 15588
2026/08/25 18:59:01.062, 448.52, 450.00, 99, 98, 2355, 3105, 15588
2026/08/25 18:59:01.165, 448.52, 450.00, 99, 98, 2355, 3105, 15588
2026/08/25 18:59:01.267, 453.88, 450.00, 100, 15, 2355, 3105, 15588
2026/08/25 18:59:01.371, 453.88, 450.00, 100, 15, 2355, 3105, 15588
2026/08/25 18:59:01.476, 453.88, 450.00, 100, 15, 2355, 3105, 15588
2026/08/25 18:59:01.612, 453.88, 450.00, 100, 15, 2355, 3105, 15588
2026/08/25 18:59:01.714, 448.81, 450.00, 100, 2, 2265, 3105, 15588
2026/08/25 18:59:01.817, 448.81, 450.00, 100, 2, 2265, 3105, 15588
2026/08/25 18:59:01.921, 448.81, 450.00, 100, 2, 2265, 3105, 15588
2026/08/25 18:59:02.025, 448.81, 450.00, 100, 2, 2265, 3105, 15588
2026/08/25 18:59:02.129, 448.81, 450.00, 100, 2, 2265, 3105, 15588
2026/08/25 18:59:02.254, 446.42, 450.00, 100, 2, 2265, 3105, 15588
2026/08/25 18:59:02.356, 446.42, 450.00, 100, 2, 2265, 3105, 15588
2026/08/25 18:59:02.459, 446.42, 450.00, 100, 2, 2265, 3105, 15588
2026/08/25 18:59:02.562, 446.42, 450.00, 100, 2, 2265, 3105, 15588
2026/08/25 18:59:02.665, 446.42, 450.00, 100, 2, 2265, 3105, 15588
2026/08/25 18:59:02.769, 443.67, 450.00, 99, 100, 2565, 3105, 15588
2026/08/25 18:59:02.871, 443.67, 450.00, 99, 100, 2565, 3105, 15588
2026/08/25 18:59:02.973, 443.67, 450.00, 99, 100, 2565, 3105, 15588
2026/08/25 18:59:03.076, 443.67, 450.00, 99, 100, 2565, 3105, 15588
2026/08/25 18:59:03.179, 443.67, 450.00, 99, 100, 2565, 3105, 15588
2026/08/25 18:59:03.283, 448.74, 450.00, 100, 100, 2565, 3105, 15588
2026/08/25 18:59:03.387, 448.74, 450.00, 100, 100, 2565, 3105, 15588
2026/08/25 18:59:03.489, 448.74, 450.00, 100, 100, 2565, 3105, 15588
2026/08/25 18:59:03.592, 448.74, 450.00, 100, 100, 2565, 3105, 15588
2026/08/25 18:59:03.694, 445.90, 450.00, 100, 2, 2310, 3105, 15588
2026/08/25 18:59:03.796, 445.90, 450.00, 100, 2, 2310, 3105, 15588
2026/08/25 18:59:03.900, 445.90, 450.00, 100, 2, 2310, 3105, 15588
2026/08/25 18:59:04.006, 445.90, 450.00, 100, 2, 2310, 3105, 15588
2026/08/25 18:59:04.108, 445.90, 450.00, 100, 2, 2310, 3105, 15588
2026/08/25 18:59:04.210, 449.25, 450.00, 100, 2, 2310, 3105, 15588
2026/08/25 18:59:04.313, 449.25, 450.00, 100, 2, 2310, 3105, 15588
2026/08/25 18:59:04.415, 449.25, 450.00, 100, 2, 2310, 3105, 15588
2026/08/25 18:59:04.520, 449.25, 450.00, 100, 2, 2310, 3105, 15588
2026/08/25 18:59:04.625, 449.25, 450.00, 100, 2, 2310, 3105, 15588
2026/08/25 18:59:04.727, 447.25, 450.00, 99, 40, 2295, 3105, 15588
2026/08/25 18:59:04.829, 447.25, 450.00, 99, 40, 2295, 3105, 15588
2026/08/25 18:59:04.932, 447.25, 450.00, 99, 40, 2295, 3105, 15588
2026/08/25 18:59:05.034, 447.25, 450.00, 99, 40, 2295, 3105, 15588
2026/08/25 18:59:05.138, 447.25, 450.00, 99, 40, 2295, 3105, 15588
2026/08/25 18:59:05.241, 446.64, 450.00, 99, 98, 2295, 3105, 15588
2026/08/25 18:59:05.345, 446.64, 450.00, 99, 98, 2295, 3105, 15588
2026/08/25 18:59:05.473, 446.64, 450.00, 99, 98, 2295, 3105, 15588
2026/08/25 18:59:05.575, 446.64, 450.00, 99, 98, 2295, 3105, 15588
2026/08/25 18:59:05.679, 446.64, 450.00, 99, 98, 2295, 3105, 15588
2026/08/25 18:59:05.785, 448.01, 450.00, 100, 17, 2445, 3105, 15588
2026/08/25 18:59:05.887, 448.01, 450.00, 100, 17, 2445, 3105, 15588
2026/08/25 18:59:05.991, 448.01, 450.00, 100, 17, 2445, 3105, 15588
2026/08/25 18:59:06.098, 448.01, 450.00, 100, 17, 2445, 3105, 15588
2026/08/25 18:59:06.204, 445.56, 450.00, 100, 2, 2445, 3105, 15588
2026/08/25 18:59:06.306, 445.56, 450.00, 100, 2, 2445, 3105, 15588
2026/08/25 18:59:06.409, 445.56, 450.00, 100, 2, 2445, 3105, 15588
2026/08/25 18:59:06.512, 445.56, 450.00, 100, 2, 2445, 3105, 15588
2026/08/25 18:59:06.650, 445.56, 450.00, 100, 2, 2445, 3105, 15588
2026/08/25 18:59:06.752, 442.80, 450.00, 100, 2, 2370, 3105, 15588
2026/08/25 18:59:06.873, 442.80, 450.00, 100, 2, 2370, 3105, 15588
2026/08/25 18:59:06.975, 442.80, 450.00, 100, 2, 2370, 3105, 15588
2026/08/25 18:59:07.080, 442.80, 450.00, 100, 2, 2370, 3105, 15588
2026/08/25 18:59:07.183, 442.80, 450.00, 100, 2, 2370, 3105, 15588
2026/08/25 18:59:07.287, 445.32, 450.00, 99, 100, 2370, 3105, 15588
2026/08/25 18:59:07.389, 445.32, 450.00, 99, 100, 2370, 3105, 15588
2026/08/25 18:59:07.491, 445.32, 450.00, 99, 100, 2370, 3105, 15588
2026/08/25 18:59:07.593, 445.32, 450.00, 99, 100, 2370, 3105, 15588
2026/08/25 18:59:07.696, 452.95, 450.00, 100, 96, 2385, 3105, 15588
2026/08/25 18:59:07.801, 452.95, 450.00, 100, 96, 2385, 3105, 15588
2026/08/25 18:59:07.914, 452.95, 450.00, 100, 96, 2385, 3105, 15588
2026/08/25 18:59:08.017, 452.95, 450.00, 100, 96, 2385, 3105, 15588
2026/08/25 18:59:08.133, 452.95, 450.00, 100, 96, 2385, 3105, 15588
2026/08/25 18:59:08.235, 446.95, 450.00, 100, 2, 2385, 3105, 15588
2026/08/25 18:59:08.340, 446.95, 450.00, 100, 2, 2385, 3105, 15588
2026/08/25 18:59:08.443, 446.95, 450.00, 100, 2, 2385, 3105, 15588
2026/08/25 18:59:08.554, 446.95, 450.00, 100, 2, 2385, 3105, 15588
2026/08/25 18:59:08.657, 446.95, 450.00, 100, 2, 2385, 3105, 15588
2026/08/25 18:59:08.760, 447.59, 450.00, 100, 2, 2310, 3105, 15588
2026/08/25 18:59:08.863, 447.59, 450.00, 100, 2, 2310, 3105, 15588
2026/08/25 18:59:08.966, 447.59, 450.00, 100, 2, 2310, 3105, 15588
2026/08/25 18:59:09.068, 447.59, 450.00, 100, 2, 2310, 3105, 15588
2026/08/25 18:59:09.176, 447.59, 450.00, 100, 2, 2310, 3105, 15588
2026/08/25 18:59:09.310, 449.12, 450.00, 99, 35, 2310, 3105, 15588
2026/08/25 18:59:09.413, 449.12, 450.00, 99, 35, 2310, 3105, 15588
2026/08/25 18:59:09.515, 449.12, 450.00, 99, 35, 2310, 3105, 15588
2026/08/25 18:59:09.621, 449.12, 450.00, 99, 35, 2310, 3105, 15588
2026/08/25 18:59:09.723, 446.48, 450.00, 99, 99, 2160, 3105, 15588
2026/08/25 18:59:09.828, 446.48, 450.00, 99, 99, 2160, 3105, 15588
2026/08/25 18:59:09.952, 446.48, 450.00, 99, 99, 2160, 3105, 15588
2026/08/25 18:59:10.054, 446.48, 450.00, 99, 99, 2160, 3105, 15588
2026/08/25 18:59:10.157, 446.48, 450.00, 99, 99, 2160, 3105, 15588
2026/08/25 18:59:10.263, 446.98, 450.00, 100, 27, 2160, 3105, 15588
2026/08/25 18:59:10.366, 446.98, 450.00, 100, 27, 2160, 3105, 15588
2026/08/25 18:59:10.506, 446.98, 450.00, 100, 27, 2160, 3105, 15588
2026/08/25 18:59:10.609, 446.98, 450.00, 100, 27, 2160, 3105, 15588
2026/08/25 18:59:10.711, 442.86, 450.00, 100, 2, 2340, 3105, 15588
2026/08/25 18:59:10.813, 442.86, 450.00, 100, 2, 2340, 3105, 15588
2026/08/25 18:59:10.929, 442.86, 450.00, 100, 2, 2340, 3105, 15588
2026/08/25 18:59:11.033, 442.86, 450.00, 100, 2, 2340, 3105, 15588
2026/08/25 18:59:11.138, 442.86, 450.00, 100, 2, 2340, 3105, 15588
2026/08/25 18:59:11.242, 443.75, 450.00, 99, 22, 2340, 3105, 15588
2026/08/25 18:59:11.344, 443.75, 450.00, 99, 22, 2340, 3105, 15588
2026/08/25 18:59:11.446, 443.75, 450.00, 99, 22, 2340, 3105, 15588
2026/08/25 18:59:11.548, 443.75, 450.00, 99, 22, 2340, 3105, 15588
2026/08/25 18:59:11.652, 443.75, 450.00, 99, 22, 2340, 3105, 15588
2026/08/25 18:59:11.755, 446.84, 450.00, 99, 98, 2475, 3105, 15588
2026/08/25 18:59:11.859, 446.84, 450.00, 99, 98, 2475, 3105, 15588
2026/08/25 18:59:11.971, 446.84, 450.00, 99, 98, 2475, 3105, 15588
2026/08/25 18:59:12.073, 446.84, 450.00, 99, 98, 2475, 3105, 15588
2026/08/25 18:59:12.177, 446.84, 450.00, 99, 98, 2475, 3105, 15588
2026/08/25 18:59:12.280, 448.69, 450.00, 100, 2, 2475, 3105, 15588
2026/08/25 18:59:12.384, 448.69, 450.00, 100, 2, 2475, 3105, 15588
2026/08/25 18:59:12.530, 448.69, 450.00, 100, 2, 2475, 3105, 15588
2026/08/25 18:59:12.668, 448.69, 450.00, 100, 2, 2475, 3105, 15588
2026/08/25 18:59:12.770, 446.16, 450.00, 100, 2, 2280, 3105, 15588
2026/08/25 18:59:12.872, 446.16, 450.00, 100, 2, 2280, 3105, 15588
2026/08/25 18:59:12.975, 446.16, 450.00, 100, 2, 2280, 3105, 15588
2026/08/25 18:59:13.083, 446.16, 450.00, 100, 2, 2280, 3105, 15588
2026/08/25 18:59:13.230, 442.17, 450.00, 99, 100, 2280, 3105, 15588
2026/08/25 18:59:13.368, 442.17, 450.00, 99, 100, 2280, 3105, 15588
2026/08/25 18:59:13.471, 442.17, 450.00, 99, 100, 2280, 3105, 15588
2026/08/25 18:59:13.573, 442.17, 450.00, 99, 100, 2280, 3105, 15588
2026/08/25 18:59:13.676, 442.17, 450.00, 99, 100, 2280, 3105, 15588
2026/08/25 18:59:13.782, 446.05, 450.00, 100, 61, 2355, 3105, 15588
2026/08/25 18:59:13.887, 446.05, 450.00, 100, 61, 2355, 3105, 15588
2026/08/25 18:59:13.989, 446.05, 450.00, 100, 61, 2355, 3105, 15588
2026/08/25 18:59:14.091, 446.05, 450.00, 100, 61, 2355, 3105, 15588
2026/08/25 18:59:14.193, 446.05, 450.00, 100, 61, 2355, 3105, 15588
2026/08/25 18:59:14.296, 447.01, 450.00, 100, 2, 2355, 3105, 15588
2026/08/25 18:59:14.402, 447.01, 450.00, 100, 2, 2355, 3105, 15588
2026/08/25 18:59:14.504, 447.01, 450.00, 100, 2, 2355, 3105, 15588
2026/08/25 18:59:14.609, 447.01, 450.00, 100, 2, 2355, 3105, 15588
2026/08/25 18:59:14.711, 447.01, 450.00, 100, 2, 2310, 3105, 15588
2026/08/25 18:59:14.813, 445.88, 450.00, 100, 2, 2310, 3105, 15588
2026/08/25 18:59:14.916, 445.88, 450.00, 100, 2, 2310, 3105, 15588
2026/08/25 18:59:15.021, 445.88, 450.00, 100, 2, 2310, 3105, 15588
2026/08/25 18:59:15.124, 445.88, 450.00, 100, 2, 2310, 3105, 15588
2026/08/25 18:59:15.272, 443.24, 450.00, 99, 100, 2310, 3105, 15588
2026/08/25 18:59:15.411, 443.24, 450.00, 99, 100, 2310, 3105, 15588
2026/08/25 18:59:15.513, 443.24, 450.00, 99, 100, 2310, 3105, 15588
2026/08/25 18:59:15.616, 443.24, 450.00, 99, 100, 2310, 3105, 15588
2026/08/25 18:59:15.720, 446.02, 450.00, 100, 63, 2385, 3105, 15588
2026/08/25 18:59:15.824, 446.02, 450.00, 100, 63, 2385, 3105, 15588
2026/08/25 18:59:15.970, 446.02, 450.00, 100, 63, 2385, 3105, 15588
2026/08/25 18:59:16.110, 446.02, 450.00, 100, 63, 2385, 3105, 15588
2026/08/25 18:59:16.213, 448.08, 450.00, 100, 2, 2385, 3105, 15588
2026/08/25 18:59:16.316, 448.08, 450.00, 100, 2, 2385, 3105, 15588
2026/08/25 18:59:16.421, 448.08, 450.00, 100, 2, 2385, 3105, 15588
2026/08/25 18:59:16.524, 448.08, 450.00, 100, 2, 2385, 3105, 15588
2026/08/25 18:59:16.670, 448.08, 450.00, 100, 2, 2385, 3105, 15588
2026/08/25 18:59:16.809, 440.85, 450.00, 100, 13, 2355, 3105, 15588
2026/08/25 18:59:16.912, 440.85, 450.00, 100, 13, 2355, 3105, 15588
2026/08/25 18:59:17.015, 440.85, 450.00, 100, 13, 2355, 3105, 15588
2026/08/25 18:59:17.118, 440.85, 450.00, 100, 13, 2355, 3105, 15588
2026/08/25 18:59:17.221, 447.13, 450.00, 99, 97, 2355, 3105, 15588
2026/08/25 18:59:17.325, 447.13, 450.00, 99, 97, 2355, 3105, 15588
2026/08/25 18:59:17.427, 447.13, 450.00, 99, 97, 2355, 3105, 15588
2026/08/25 18:59:17.529, 447.13, 450.00, 99, 97, 2355, 3105, 15588
2026/08/25 18:59:17.631, 447.13, 450.00, 99, 97, 2355, 3105, 15588
2026/08/25 18:59:17.734, 461.58, 450.00, 100, 8, 2520, 3105, 15588
2026/08/25 18:59:17.841, 461.58, 450.00, 100, 8, 2520, 3105, 15588
2026/08/25 18:59:17.946, 461.58, 450.00, 100, 8, 2520, 3105, 15588
2026/08/25 18:59:18.048, 461.58, 450.00, 100, 8, 2520, 3105, 15588
2026/08/25 18:59:18.150, 461.58, 450.00, 100, 8, 2520, 3105, 15588
2026/08/25 18:59:18.252, 447.72, 450.00, 100, 2, 2520, 3105, 15588
2026/08/25 18:59:18.355, 447.72, 450.00, 100, 2, 2520, 3105, 15588
2026/08/25 18:59:18.461, 447.72, 450.00, 100, 2, 2520, 3105, 15588
2026/08/25 18:59:18.565, 447.72, 450.00, 100, 2, 2520, 3105, 15588
2026/08/25 18:59:18.667, 447.72, 450.00, 100, 2, 2520, 3105, 15588
2026/08/25 18:59:18.771, 444.42, 450.00, 100, 2, 2340, 3105, 15588
2026/08/25 18:59:18.875, 444.42, 450.00, 100, 2, 2340, 3105, 15588
2026/08/25 18:59:18.977, 444.42, 450.00, 100, 2, 2340, 3105, 15588
2026/08/25 18:59:19.079, 444.42, 450.00, 100, 2, 2340, 3105, 15588
2026/08/25 18:59:19.184, 444.42, 450.00, 100, 2, 2340, 3105, 15588
2026/08/25 18:59:19.288, 448.02, 450.00, 99, 99, 2340, 3105, 15588
2026/08/25 18:59:19.390, 448.02, 450.00, 99, 99, 2340, 3105, 15588
2026/08/25 18:59:19.493, 448.02, 450.00, 99, 99, 2340, 3105, 15588
2026/08/25 18:59:19.596, 448.02, 450.00, 99, 99, 2340, 3105, 15588
2026/08/25 18:59:19.698, 448.02, 450.00, 99, 99, 2340, 3105, 15588
2026/08/25 18:59:19.802, 449.67, 450.00, 100, 33, 2400, 3105, 15588
2026/08/25 18:59:19.947, 449.67, 450.00, 100, 33, 2400, 3105, 15588
2026/08/25 18:59:20.049, 449.67, 450.00, 100, 33, 2400, 3105, 15588
2026/08/25 18:59:20.168, 449.67, 450.00, 100, 33, 2400, 3105, 15588
2026/08/25 18:59:20.271, 447.59, 450.00, 100, 2, 2400, 3105, 15588
2026/08/25 18:59:20.374, 447.59, 450.00, 100, 2, 2400, 3105, 15588
2026/08/25 18:59:20.480, 447.59, 450.00, 100, 2, 2400, 3105, 15588
2026/08/25 18:59:20.585, 447.59, 450.00, 100, 2, 2400, 3105, 15588
2026/08/25 18:59:20.687, 447.59, 450.00, 100, 2, 2400, 3105, 15588
2026/08/25 18:59:20.789, 445.97, 450.00, 100, 2, 2325, 3105, 15588
2026/08/25 18:59:20.891, 445.97, 450.00, 100, 2, 2325, 3105, 15588
2026/08/25 18:59:20.994, 445.97, 450.00, 100, 2, 2325, 3105, 15588
2026/08/25 18:59:21.099, 445.97, 450.00, 100, 2, 2325, 3105, 15588
2026/08/25 18:59:21.201, 445.97, 450.00, 100, 2, 2325, 3105, 15588
2026/08/25 18:59:21.303, 447.20, 450.00, 97, 100, 2325, 3105, 15588
2026/08/25 18:59:21.428, 447.20, 450.00, 97, 100, 2325, 3105, 15588
2026/08/25 18:59:21.530, 447.20, 450.00, 97, 100, 2325, 3105, 15588
2026/08/25 18:59:21.633, 447.20, 450.00, 97, 100, 2325, 3105, 15588
2026/08/25 18:59:21.737, 449.23, 450.00, 100, 53, 2355, 3105, 15588
2026/08/25 18:59:21.840, 449.23, 450.00, 100, 53, 2355, 3105, 15588
2026/08/25 18:59:21.989, 449.23, 450.00, 100, 53, 2355, 3105, 15588
2026/08/25 18:59:22.123, 449.23, 450.00, 100, 53, 2355, 3105, 15588
2026/08/25 18:59:22.226, 448.69, 450.00, 100, 2, 2355, 3105, 15588
2026/08/25 18:59:22.328, 448.69, 450.00, 100, 2, 2355, 3105, 15588
2026/08/25 18:59:22.432, 448.69, 450.00, 100, 2, 2355, 3105, 15588
2026/08/25 18:59:22.537, 448.69, 450.00, 100, 2, 2355, 3105, 15588
2026/08/25 18:59:22.689, 448.69, 450.00, 100, 2, 2355, 3105, 15588
2026/08/25 18:59:22.792, 453.31, 450.00, 100, 2, 2265, 3105, 15588
2026/08/25 18:59:22.895, 453.31, 450.00, 100, 2, 2265, 3105, 15588
2026/08/25 18:59:22.997, 453.31, 450.00, 100, 2, 2265, 3105, 15588
2026/08/25 18:59:23.101, 453.31, 450.00, 100, 2, 2265, 3105, 15588
2026/08/25 18:59:23.206, 453.31, 450.00, 100, 2, 2265, 3105, 15588
2026/08/25 18:59:23.309, 448.26, 450.00, 99, 99, 2265, 3105, 15588
2026/08/25 18:59:23.412, 448.26, 450.00, 99, 99, 2265, 3105, 15588
2026/08/25 18:59:23.515, 448.26, 450.00, 99, 99, 2265, 3105, 15588
2026/08/25 18:59:23.618, 448.26, 450.00, 99, 99, 2265, 3105, 15588
2026/08/25 18:59:23.721, 447.31, 450.00, 100, 78, 2355, 3105, 15588
2026/08/25 18:59:23.823, 447.31, 450.00, 100, 78, 2355, 3105, 15588
2026/08/25 18:59:23.927, 447.31, 450.00, 100, 78, 2355, 3105, 15588
2026/08/25 18:59:24.029, 447.31, 450.00, 100, 78, 2355, 3105, 15588
2026/08/25 18:59:24.132, 447.31, 450.00, 100, 78, 2355, 3105, 15588
2026/08/25 18:59:24.235, 447.90, 450.00, 100, 2, 2355, 3105, 15588
2026/08/25 18:59:24.338, 447.90, 450.00, 100, 2, 2355, 3105, 15588
2026/08/25 18:59:24.442, 447.90, 450.00, 100, 2, 2355, 3105, 15588
2026/08/25 18:59:24.546, 447.90, 450.00, 100, 2, 2355, 3105, 15588
2026/08/25 18:59:24.648, 447.90, 450.00, 100, 2, 2355, 3105, 15588
2026/08/25 18:59:24.751, 446.79, 450.00, 100, 2, 2340, 3105, 15588
2026/08/25 18:59:24.854, 446.79, 450.00, 100, 2, 2340, 3105, 15588
2026/08/25 18:59:24.957, 446.79, 450.00, 100, 2, 2340, 3105, 15588
2026/08/25 18:59:25.062, 446.79, 450.00, 100, 2, 2340, 3105, 15588
2026/08/25 18:59:25.166, 446.79, 450.00, 100, 2, 2340, 3105, 15588
2026/08/25 18:59:25.271, 432.81, 450.00, 94, 71, 2340, 3105, 15588
2026/08/25 18:59:25.405, 432.81, 450.00, 94, 71, 2340, 3105, 15588
2026/08/25 18:59:25.544, 432.81, 450.00, 94, 71, 2340, 3105, 15588
2026/08/25 18:59:25.646, 432.81, 450.00, 94, 71, 2340, 3105, 15588
2026/08/25 18:59:25.748, 444.43, 450.00, 100, 2, 2415, 3105, 15588
2026/08/25 18:59:25.852, 444.43, 450.00, 100, 2, 2415, 3105, 15588
2026/08/25 18:59:25.958, 444.43, 450.00, 100, 2, 2415, 3105, 15588
2026/08/25 18:59:26.061, 444.43, 450.00, 100, 2, 2415, 3105, 15588
2026/08/25 18:59:26.163, 444.43, 450.00, 100, 2, 2415, 3105, 15588
2026/08/25 18:59:26.265, 448.32, 450.00, 100, 2, 2415, 3105, 15588
2026/08/25 18:59:26.368, 448.32, 450.00, 100, 2, 2415, 3105, 15588
2026/08/25 18:59:26.471, 448.32, 450.00, 100, 2, 2415, 3105, 15588
2026/08/25 18:59:26.575, 448.32, 450.00, 100, 2, 2415, 3105, 15588
2026/08/25 18:59:26.680, 448.32, 450.00, 100, 2, 2415, 3105, 15588
2026/08/25 18:59:26.804, 451.27, 450.00, 99, 55, 2340, 3105, 15588
2026/08/25 18:59:26.907, 451.27, 450.00, 99, 55, 2340, 3105, 15588
2026/08/25 18:59:27.009, 451.27, 450.00, 99, 55, 2340, 3105, 15588
2026/08/25 18:59:27.112, 451.27, 450.00, 99, 55, 2340, 3105, 15588
2026/08/25 18:59:27.218, 447.77, 450.00, 100, 100, 2340, 3105, 15588
2026/08/25 18:59:27.322, 447.77, 450.00, 100, 100, 2340, 3105, 15588
2026/08/25 18:59:27.424, 447.77, 450.00, 100, 100, 2340, 3105, 15588
2026/08/25 18:59:27.526, 447.77, 450.00, 100, 100, 2340, 3105, 15588
2026/08/25 18:59:27.628, 447.77, 450.00, 100, 100, 2340, 3105, 15588
2026/08/25 18:59:27.732, 451.55, 450.00, 100, 2, 2340, 3105, 15588
2026/08/25 18:59:27.838, 451.55, 450.00, 100, 2, 2340, 3105, 15588
2026/08/25 18:59:27.940, 451.55, 450.00, 100, 2, 2340, 3105, 15588
2026/08/25 18:59:28.044, 451.55, 450.00, 100, 2, 2340, 3105, 15588
2026/08/25 18:59:28.146, 451.55, 450.00, 100, 2, 2340, 3105, 15588
2026/08/25 18:59:28.248, 447.46, 450.00, 100, 2, 2340, 3105, 15588
2026/08/25 18:59:28.351, 447.46, 450.00, 100, 2, 2340, 3105, 15588
2026/08/25 18:59:28.457, 447.46, 450.00, 100, 2, 2340, 3105, 15588
2026/08/25 18:59:28.560, 447.46, 450.00, 100, 2, 2340, 3105, 15588
2026/08/25 18:59:28.664, 447.46, 450.00, 100, 2, 2340, 3105, 15588
2026/08/25 18:59:28.766, 447.86, 450.00, 100, 23, 2370, 3105, 15588
2026/08/25 18:59:28.868, 447.86, 450.00, 100, 23, 2370, 3105, 15588
2026/08/25 18:59:28.971, 447.86, 450.00, 100, 23, 2370, 3105, 15588
2026/08/25 18:59:29.075, 447.86, 450.00, 100, 23, 2370, 3105, 15588
2026/08/25 18:59:29.178, 447.86, 450.00, 100, 23, 2370, 3105, 15588
2026/08/25 18:59:29.283, 444.45, 450.00, 99, 98, 2370, 3105, 15588
2026/08/25 18:59:29.385, 444.45, 450.00, 99, 98, 2370, 3105, 15588
2026/08/25 18:59:29.487, 444.45, 450.00, 99, 98, 2370, 3105, 15588
2026/08/25 18:59:29.590, 444.45, 450.00, 99, 98, 2370, 3105, 15588
2026/08/25 18:59:29.693, 444.45, 450.00, 99, 98, 2370, 3105, 15588
2026/08/25 18:59:29.797, 448.29, 450.00, 100, 49, 2430, 3105, 15588
2026/08/25 18:59:29.901, 448.29, 450.00, 100, 49, 2430, 3105, 15588
2026/08/25 18:59:30.004, 448.29, 450.00, 100, 49, 2430, 3105, 15588
2026/08/25 18:59:30.106, 448.29, 450.00, 100, 49, 2430, 3105, 15588
2026/08/25 18:59:30.208, 448.29, 450.00, 100, 49, 2430, 3105, 15588
2026/08/25 18:59:30.311, 446.90, 450.00, 100, 2, 2430, 3105, 15588
2026/08/25 18:59:30.415, 446.90, 450.00, 100, 2, 2430, 3105, 15588
2026/08/25 18:59:30.517, 446.90, 450.00, 100, 2, 2430, 3105, 15588
2026/08/25 18:59:30.620, 446.90, 450.00, 100, 2, 2430, 3105, 15588
2026/08/25 18:59:30.726, 447.70, 450.00, 100, 2, 2310, 3105, 15588
2026/08/25 18:59:30.829, 447.70, 450.00, 100, 2, 2310, 3105, 15588
2026/08/25 18:59:30.932, 447.70, 450.00, 100, 2, 2310, 3105, 15588
2026/08/25 18:59:31.037, 447.70, 450.00, 100, 2, 2310, 3105, 15588
2026/08/25 18:59:31.140, 447.70, 450.00, 100, 2, 2310, 3105, 15588
2026/08/25 18:59:31.244, 444.03, 450.00, 99, 100, 2310, 3105, 15588
2026/08/25 18:59:31.346, 444.03, 450.00, 99, 100, 2310, 3105, 15588
2026/08/25 18:59:31.448, 444.03, 450.00, 99, 100, 2310, 3105, 15588
2026/08/25 18:59:31.551, 444.03, 450.00, 99, 100, 2310, 3105, 15588
2026/08/25 18:59:31.653, 444.03, 450.00, 99, 100, 2310, 3105, 15588
2026/08/25 18:59:31.757, 446.35, 450.00, 100, 100, 2445, 3105, 15588
2026/08/25 18:59:31.862, 446.35, 450.00, 100, 100, 2445, 3105, 15588
2026/08/25 18:59:31.964, 446.35, 450.00, 100, 100, 2445, 3105, 15588
2026/08/25 18:59:32.066, 446.35, 450.00, 100, 100, 2445, 3105, 15588
2026/08/25 18:59:32.170, 446.35, 450.00, 100, 100, 2445, 3105, 15588
2026/08/25 18:59:32.273, 447.96, 450.00, 100, 2, 2445, 3105, 15588
2026/08/25 18:59:32.377, 447.96, 450.00, 100, 2, 2445, 3105, 15588
2026/08/25 18:59:32.481, 447.96, 450.00, 100, 2, 2445, 3105, 15588
2026/08/25 18:59:32.584, 447.96, 450.00, 100, 2, 2445, 3105, 15588
2026/08/25 18:59:32.686, 447.96, 450.00, 100, 2, 2445, 3105, 15588
2026/08/25 18:59:32.790, 446.28, 450.00, 100, 2, 2310, 3105, 15588
2026/08/25 18:59:32.892, 446.28, 450.00, 100, 2, 2310, 3105, 15588
2026/08/25 18:59:32.997, 446.28, 450.00, 100, 2, 2310, 3105, 15588
2026/08/25 18:59:33.100, 446.28, 450.00, 100, 2, 2310, 3105, 15588
2026/08/25 18:59:33.203, 446.28, 450.00, 100, 2, 2310, 3105, 15588
2026/08/25 18:59:33.305, 450.11, 450.00, 99, 51, 2310, 3105, 15588
2026/08/25 18:59:33.408, 450.11, 450.00, 99, 51, 2310, 3105, 15588
2026/08/25 18:59:33.511, 450.11, 450.00, 99, 51, 2310, 3105, 15588
2026/08/25 18:59:33.613, 450.11, 450.00, 99, 51, 2310, 3105, 15588
2026/08/25 18:59:33.717, 449.88, 450.00, 100, 100, 2520, 3105, 15588
2026/08/25 18:59:33.821, 449.88, 450.00, 100, 100, 2520, 3105, 15588
2026/08/25 18:59:33.924, 449.88, 450.00, 100, 100, 2520, 3105, 15588
2026/08/25 18:59:34.026, 449.88, 450.00, 100, 100, 2520, 3105, 15588
2026/08/25 18:59:34.129, 449.88, 450.00, 100, 100, 2520, 3105, 15588
2026/08/25 18:59:34.232, 449.90, 450.00, 100, 6, 2520, 3105, 15588
2026/08/25 18:59:34.336, 449.90, 450.00, 100, 6, 2520, 3105, 15588
2026/08/25 18:59:34.441, 449.90, 450.00, 100, 6, 2520, 3105, 15588
2026/08/25 18:59:34.543, 449.90, 450.00, 100, 6, 2520, 3105, 15588
2026/08/25 18:59:34.645, 449.90, 450.00, 100, 6, 2520, 3105, 15588
2026/08/25 18:59:34.747, 449.51, 450.00, 100, 2, 2340, 3105, 15588
2026/08/25 18:59:34.850, 449.51, 450.00, 100, 2, 2340, 3105, 15588
2026/08/25 18:59:34.955, 449.51, 450.00, 100, 2, 2340, 3105, 15588
2026/08/25 18:59:35.060, 449.51, 450.00, 100, 2, 2340, 3105, 15588
2026/08/25 18:59:35.162, 449.51, 450.00, 100, 2, 2340, 3105, 15588
2026/08/25 18:59:35.264, 447.71, 450.00, 100, 2, 2340, 3105, 15588
2026/08/25 18:59:35.366, 447.71, 450.00, 100, 2, 2340, 3105, 15588
2026/08/25 18:59:35.470, 447.71, 450.00, 100, 2, 2340, 3105, 15588
2026/08/25 18:59:35.575, 447.71, 450.00, 100, 2, 2340, 3105, 15588
2026/08/25 18:59:35.679, 447.71, 450.00, 100, 2, 2340, 3105, 15588
2026/08/25 18:59:35.784, 446.00, 450.00, 99, 100, 2580, 3105, 15588
2026/08/25 18:59:35.906, 446.00, 450.00, 99, 100, 2580, 3105, 15588
2026/08/25 18:59:36.009, 446.00, 450.00, 99, 100, 2580, 3105, 15588
2026/08/25 18:59:36.111, 446.00, 450.00, 99, 100, 2580, 3105, 15588
2026/08/25 18:59:36.216, 448.21, 450.00, 100, 100, 2580, 3105, 15588
2026/08/25 18:59:36.324, 448.21, 450.00, 100, 100, 2580, 3105, 15588
2026/08/25 18:59:36.426, 448.21, 450.00, 100, 100, 2580, 3105, 15588
2026/08/25 18:59:36.529, 448.21, 450.00, 100, 100, 2580, 3105, 15588
2026/08/25 18:59:36.632, 448.21, 450.00, 100, 100, 2580, 3105, 15588
2026/08/25 18:59:36.735, 445.65, 450.00, 100, 2, 2355, 3105, 15588
2026/08/25 18:59:36.838, 445.65, 450.00, 100, 2, 2355, 3105, 15588
2026/08/25 18:59:36.940, 445.65, 450.00, 100, 2, 2355, 3105, 15588
2026/08/25 18:59:37.044, 445.65, 450.00, 100, 2, 2355, 3105, 15588
2026/08/25 18:59:37.147, 445.65, 450.00, 100, 2, 2355, 3105, 15588
2026/08/25 18:59:37.250, 444.77, 450.00, 100, 2, 2355, 3105, 15588
2026/08/25 18:59:37.354, 444.77, 450.00, 100, 2, 2355, 3105, 15588
2026/08/25 18:59:37.456, 444.77, 450.00, 100, 2, 2355, 3105, 15588
2026/08/25 18:59:37.560, 444.77, 450.00, 100, 2, 2355, 3105, 15588
2026/08/25 18:59:37.664, 444.77, 450.00, 100, 2, 2355, 3105, 15588
2026/08/25 18:59:37.767, 448.76, 450.00, 100, 53, 2325, 3105, 15588
2026/08/25 18:59:37.870, 448.76, 450.00, 100, 53, 2325, 3105, 15588
2026/08/25 18:59:37.974, 448.76, 450.00, 100, 53, 2325, 3105, 15588
2026/08/25 18:59:38.076, 448.76, 450.00, 100, 53, 2325, 3105, 15588
2026/08/25 18:59:38.179, 448.76, 450.00, 100, 53, 2325, 3105, 15588
2026/08/25 18:59:38.284, 448.19, 450.00, 99, 98, 2325, 3105, 15588
2026/08/25 18:59:38.386, 448.19, 450.00, 99, 98, 2325, 3105, 15588
2026/08/25 18:59:38.489, 448.19, 450.00, 99, 98, 2325, 3105, 15588
2026/08/25 18:59:38.593, 448.19, 450.00, 99, 98, 2325, 3105, 15588
2026/08/25 18:59:38.706, 448.19, 450.00, 99, 98, 2325, 3105, 15588
2026/08/25 18:59:38.811, 450.92, 450.00, 100, 9, 2580, 3105, 15588
2026/08/25 18:59:38.915, 450.92, 450.00, 100, 9, 2580, 3105, 15588
2026/08/25 18:59:39.018, 450.92, 450.00, 100, 9, 2580, 3105, 15588
2026/08/25 18:59:39.120, 450.92, 450.00, 100, 9, 2580, 3105, 15588
2026/08/25 18:59:39.222, 448.34, 450.00, 100, 2, 2580, 3105, 15588
2026/08/25 18:59:39.324, 448.34, 450.00, 100, 2, 2580, 3105, 15588
2026/08/25 18:59:39.429, 448.34, 450.00, 100, 2, 2580, 3105, 15588
2026/08/25 18:59:39.534, 448.34, 450.00, 100, 2, 2580, 3105, 15588
2026/08/25 18:59:39.635, 448.34, 450.00, 100, 2, 2580, 3105, 15588
2026/08/25 18:59:39.738, 446.32, 450.00, 100, 2, 2370, 3105, 15588
2026/08/25 18:59:39.840, 446.32, 450.00, 100, 2, 2370, 3105, 15588
2026/08/25 18:59:39.942, 446.32, 450.00, 100, 2, 2370, 3105, 15588
2026/08/25 18:59:40.045, 446.32, 450.00, 100, 2, 2370, 3105, 15588
2026/08/25 18:59:40.149, 446.32, 450.00, 100, 2, 2370, 3105, 15588
2026/08/25 18:59:40.254, 444.89, 450.00, 99, 100, 2370, 3105, 15588
2026/08/25 18:59:40.357, 444.89, 450.00, 99, 100, 2370, 3105, 15588
2026/08/25 18:59:40.459, 444.89, 450.00, 99, 100, 2370, 3105, 15588
2026/08/25 18:59:40.561, 444.89, 450.00, 99, 100, 2370, 3105, 15588
2026/08/25 18:59:40.663, 444.89, 450.00, 99, 100, 2370, 3105, 15588
2026/08/25 18:59:40.768, 450.66, 450.00, 100, 100, 2520, 3105, 15588
2026/08/25 18:59:40.893, 450.66, 450.00, 100, 100, 2520, 3105, 15588
2026/08/25 18:59:40.995, 450.66, 450.00, 100, 100, 2520, 3105, 15588
2026/08/25 18:59:41.097, 450.66, 450.00, 100, 100, 2520, 3105, 15588
2026/08/25 18:59:41.200, 450.66, 450.00, 100, 100, 2520, 3105, 15588
2026/08/25 18:59:41.302, 444.42, 450.00, 100, 2, 2520, 3105, 15588
2026/08/25 18:59:41.407, 444.42, 450.00, 100, 2, 2520, 3105, 15588
2026/08/25 18:59:41.511, 444.42, 450.00, 100, 2, 2520, 3105, 15588
2026/08/25 18:59:41.613, 444.42, 450.00, 100, 2, 2520, 3105, 15588
2026/08/25 18:59:41.715, 448.10, 450.00, 100, 2, 2280, 3105, 15588
2026/08/25 18:59:41.818, 448.10, 450.00, 100, 2, 2280, 3105, 15588
2026/08/25 18:59:41.920, 448.10, 450.00, 100, 2, 2280, 3105, 15588
2026/08/25 18:59:42.023, 448.10, 450.00, 100, 2, 2280, 3105, 15588
2026/08/25 18:59:42.129, 448.10, 450.00, 100, 2, 2280, 3105, 15588
2026/08/25 18:59:42.233, 447.79, 450.00, 99, 32, 2280, 3105, 15588
2026/08/25 18:59:42.335, 447.79, 450.00, 99, 32, 2280, 3105, 15588
2026/08/25 18:59:42.437, 447.79, 450.00, 99, 32, 2280, 3105, 15588
2026/08/25 18:59:42.539, 447.79, 450.00, 99, 32, 2280, 3105, 15588
2026/08/25 18:59:42.643, 447.79, 450.00, 99, 32, 2280, 3105, 15588
2026/08/25 18:59:42.748, 445.42, 450.00, 99, 98, 2505, 3105, 15588
2026/08/25 18:59:42.853, 445.42, 450.00, 99, 98, 2505, 3105, 15588
2026/08/25 18:59:42.955, 445.42, 450.00, 99, 98, 2505, 3105, 15588
2026/08/25 18:59:43.057, 445.42, 450.00, 99, 98, 2505, 3105, 15588
2026/08/25 18:59:43.179, 445.42, 450.00, 99, 98, 2505, 3105, 15588
2026/08/25 18:59:43.283, 448.20, 450.00, 100, 29, 2505, 3105, 15588
2026/08/25 18:59:43.386, 448.20, 450.00, 100, 29, 2505, 3105, 15588
2026/08/25 18:59:43.490, 448.20, 450.00, 100, 29, 2505, 3105, 15588
2026/08/25 18:59:43.592, 448.20, 450.00, 100, 29, 2505, 3105, 15588
2026/08/25 18:59:43.695, 448.20, 450.00, 100, 29, 2505, 3105, 15588
2026/08/25 18:59:43.797, 447.71, 450.00, 100, 2, 2325, 3105, 15588
2026/08/25 18:59:43.899, 447.71, 450.00, 100, 2, 2325, 3105, 15588
2026/08/25 18:59:44.003, 447.71, 450.00, 100, 2, 2325, 3105, 15588
2026/08/25 18:59:44.108, 447.71, 450.00, 100, 2, 2325, 3105, 15588
2026/08/25 18:59:44.212, 447.71, 450.00, 100, 2, 2325, 3105, 15588
2026/08/25 18:59:44.314, 446.93, 450.00, 100, 2, 2325, 3105, 15588
2026/08/25 18:59:44.416, 446.93, 450.00, 100, 2, 2325, 3105, 15588
2026/08/25 18:59:44.518, 446.93, 450.00, 100, 2, 2325, 3105, 15588
2026/08/25 18:59:44.622, 446.93, 450.00, 100, 2, 2325, 3105, 15588
2026/08/25 18:59:44.727, 445.73, 450.00, 99, 96, 2535, 3105, 15588
2026/08/25 18:59:44.833, 445.73, 450.00, 99, 96, 2535, 3105, 15588
2026/08/25 18:59:44.941, 445.73, 450.00, 99, 96, 2535, 3105, 15588
2026/08/25 18:59:45.043, 445.73, 450.00, 99, 96, 2535, 3105, 15588
2026/08/25 18:59:45.146, 445.73, 450.00, 99, 96, 2535, 3105, 15588
2026/08/25 18:59:45.249, 451.86, 450.00, 100, 2, 2535, 3105, 15588
2026/08/25 18:59:45.362, 451.86, 450.00, 100, 2, 2535, 3105, 15588
2026/08/25 18:59:45.468, 451.86, 450.00, 100, 2, 2535, 3105, 15588
2026/08/25 18:59:45.571, 451.86, 450.00, 100, 2, 2535, 3105, 15588
2026/08/25 18:59:45.673, 451.86, 450.00, 100, 2, 2535, 3105, 15588
2026/08/25 18:59:45.775, 444.49, 450.00, 100, 2, 2370, 3105, 15588
2026/08/25 18:59:45.877, 444.49, 450.00, 100, 2, 2370, 3105, 15588
2026/08/25 18:59:45.981, 444.49, 450.00, 100, 2, 2370, 3105, 15588
2026/08/25 18:59:46.085, 444.49, 450.00, 100, 2, 2370, 3105, 15588
2026/08/25 18:59:46.190, 444.49, 450.00, 100, 2, 2370, 3105, 15588
2026/08/25 18:59:46.292, 448.22, 450.00, 99, 61, 2370, 3105, 15588
2026/08/25 18:59:46.394, 448.22, 450.00, 99, 61, 2370, 3105, 15588
2026/08/25 18:59:46.497, 448.22, 450.00, 99, 61, 2370, 3105, 15588
2026/08/25 18:59:46.599, 448.22, 450.00, 99, 61, 2370, 3105, 15588
2026/08/25 18:59:46.703, 448.22, 450.00, 99, 61, 2370, 3105, 15588
2026/08/25 18:59:46.807, 448.27, 450.00, 100, 100, 2190, 3105, 15588
2026/08/25 18:59:46.912, 448.27, 450.00, 100, 100, 2190, 3105, 15588
2026/08/25 18:59:47.014, 448.27, 450.00, 100, 100, 2190, 3105, 15588
2026/08/25 18:59:47.116, 448.27, 450.00, 100, 100, 2190, 3105, 15588
2026/08/25 18:59:47.218, 449.51, 450.00, 100, 2, 2190, 3105, 15588
2026/08/25 18:59:47.321, 449.51, 450.00, 100, 2, 2190, 3105, 15588
2026/08/25 18:59:47.425, 449.51, 450.00, 100, 2, 2190, 3105, 15588
2026/08/25 18:59:47.532, 449.51, 450.00, 100, 2, 2190, 3105, 15588
2026/08/25 18:59:47.634, 449.51, 450.00, 100, 2, 2190, 3105, 15588
2026/08/25 18:59:47.736, 447.06, 450.00, 100, 2, 2340, 3105, 15588
2026/08/25 18:59:47.839, 447.06, 450.00, 100, 2, 2340, 3105, 15588
2026/08/25 18:59:47.941, 447.06, 450.00, 100, 2, 2340, 3105, 15588
2026/08/25 18:59:48.045, 447.06, 450.00, 100, 2, 2340, 3105, 15588
2026/08/25 18:59:48.152, 447.06, 450.00, 100, 2, 2340, 3105, 15588
2026/08/25 18:59:48.256, 444.54, 450.00, 99, 100, 2340, 3105, 15588
2026/08/25 18:59:48.358, 444.54, 450.00, 99, 100, 2340, 3105, 15588
2026/08/25 18:59:48.460, 444.54, 450.00, 99, 100, 2340, 3105, 15588
2026/08/25 18:59:48.562, 444.54, 450.00, 99, 100, 2340, 3105, 15588
2026/08/25 18:59:48.666, 444.54, 450.00, 99, 100, 2340, 3105, 15588
2026/08/25 18:59:48.772, 448.95, 450.00, 100, 100, 2190, 3105, 15588
2026/08/25 18:59:48.876, 448.95, 450.00, 100, 100, 2190, 3105, 15588
2026/08/25 18:59:49.000, 448.95, 450.00, 100, 100, 2190, 3105, 15588
2026/08/25 18:59:49.102, 448.95, 450.00, 100, 100, 2190, 3105, 15588
2026/08/25 18:59:49.205, 448.95, 450.00, 100, 100, 2190, 3105, 15588
2026/08/25 18:59:49.307, 451.70, 450.00, 100, 2, 2190, 3105, 15588
2026/08/25 18:59:49.422, 451.70, 450.00, 100, 2, 2190, 3105, 15588
2026/08/25 18:59:49.562, 451.70, 450.00, 100, 2, 2190, 3105, 15588
2026/08/25 18:59:49.666, 451.70, 450.00, 100, 2, 2190, 3105, 15588
2026/08/25 18:59:49.770, 444.74, 450.00, 100, 2, 2325, 3105, 15588
2026/08/25 18:59:49.872, 444.74, 450.00, 100, 2, 2325, 3105, 15588
2026/08/25 18:59:49.979, 444.74, 450.00, 100, 2, 2325, 3105, 15588
2026/08/25 18:59:50.084, 444.74, 450.00, 100, 2, 2325, 3105, 15588
2026/08/25 18:59:50.188, 444.74, 450.00, 100, 2, 2325, 3105, 15588
2026/08/25 18:59:50.291, 442.80, 450.00, 98, 100, 2325, 3105, 15588
2026/08/25 18:59:50.393, 442.80, 450.00, 98, 100, 2325, 3105, 15588
2026/08/25 18:59:50.496, 442.80, 450.00, 98, 100, 2325, 3105, 15588
2026/08/25 18:59:50.598, 442.80, 450.00, 98, 100, 2325, 3105, 15588
2026/08/25 18:59:50.702, 442.80, 450.00, 98, 100, 2325, 3105, 15588
2026/08/25 18:59:50.805, 449.73, 450.00, 100, 80, 2415, 3105, 15588
2026/08/25 18:59:50.911, 449.73, 450.00, 100, 80, 2415, 3105, 15588
2026/08/25 18:59:51.019, 449.73, 450.00, 100, 80, 2415, 3105, 15588
2026/08/25 18:59:51.122, 449.73, 450.00, 100, 80, 2415, 3105, 15588
2026/08/25 18:59:51.225, 446.28, 450.00, 100, 2, 2415, 3105, 15588
2026/08/25 18:59:51.327, 446.28, 450.00, 100, 2, 2415, 3105, 15588
2026/08/25 18:59:51.440, 446.28, 450.00, 100, 2, 2415, 3105, 15588
2026/08/25 18:59:51.546, 446.28, 450.00, 100, 2, 2415, 3105, 15588
2026/08/25 18:59:51.649, 446.28, 450.00, 100, 2, 2415, 3105, 15588
2026/08/25 18:59:51.752, 451.05, 450.00, 100, 2, 2310, 3105, 15588
2026/08/25 18:59:51.854, 451.05, 450.00, 100, 2, 2310, 3105, 15588
2026/08/25 18:59:51.956, 451.05, 450.00, 100, 2, 2310, 3105, 15588
2026/08/25 18:59:52.060, 451.05, 450.00, 100, 2, 2310, 3105, 15588
2026/08/25 18:59:52.164, 451.05, 450.00, 100, 2, 2310, 3105, 15588
2026/08/25 18:59:52.267, 445.37, 450.00, 97, 100, 2310, 3105, 15588
2026/08/25 18:59:52.370, 445.37, 450.00, 97, 100, 2310, 3105, 15588
2026/08/25 18:59:52.472, 445.37, 450.00, 97, 100, 2310, 3105, 15588
2026/08/25 18:59:52.574, 445.37, 450.00, 97, 100, 2310, 3105, 15588
2026/08/25 18:59:52.677, 445.37, 450.00, 97, 100, 2310, 3105, 15588
2026/08/25 18:59:52.780, 447.97, 450.00, 100, 100, 2175, 3105, 15588
2026/08/25 18:59:52.885, 447.97, 450.00, 100, 100, 2175, 3105, 15588
2026/08/25 18:59:52.989, 447.97, 450.00, 100, 100, 2175, 3105, 15588
2026/08/25 18:59:53.091, 447.97, 450.00, 100, 100, 2175, 3105, 15588
2026/08/25 18:59:53.193, 447.97, 450.00, 100, 100, 2175, 3105, 15588
2026/08/25 18:59:53.295, 446.96, 450.00, 100, 2, 2175, 3105, 15588
2026/08/25 18:59:53.399, 446.96, 450.00, 100, 2, 2175, 3105, 15588
2026/08/25 18:59:53.504, 446.96, 450.00, 100, 2, 2175, 3105, 15588
2026/08/25 18:59:53.609, 446.96, 450.00, 100, 2, 2175, 3105, 15588
2026/08/25 18:59:53.711, 446.96, 450.00, 100, 2, 2175, 3105, 15588
2026/08/25 18:59:53.813, 446.88, 450.00, 100, 2, 2325, 3105, 15588
2026/08/25 18:59:53.915, 446.88, 450.00, 100, 2, 2325, 3105, 15588
2026/08/25 18:59:54.019, 446.88, 450.00, 100, 2, 2325, 3105, 15588
2026/08/25 18:59:54.124, 446.88, 450.00, 100, 2, 2325, 3105, 15588
2026/08/25 18:59:54.229, 449.73, 450.00, 99, 79, 2325, 3105, 15588
2026/08/25 18:59:54.332, 449.73, 450.00, 99, 79, 2325, 3105, 15588
2026/08/25 18:59:54.434, 449.73, 450.00, 99, 79, 2325, 3105, 15588
2026/08/25 18:59:54.536, 449.73, 450.00, 99, 79, 2325, 3105, 15588
2026/08/25 18:59:54.638, 449.73, 450.00, 99, 79, 2325, 3105, 15588
2026/08/25 18:59:54.743, 447.62, 450.00, 100, 100, 2460, 3105, 15588
2026/08/25 18:59:54.850, 447.62, 450.00, 100, 100, 2460, 3105, 15588
2026/08/25 18:59:54.952, 447.62, 450.00, 100, 100, 2460, 3105, 15588
2026/08/25 18:59:55.054, 447.62, 450.00, 100, 100, 2460, 3105, 15588
2026/08/25 18:59:55.156, 447.62, 450.00, 100, 100, 2460, 3105, 15588
2026/08/25 18:59:55.258, 452.50, 450.00, 100, 2, 2460, 3105, 15588
2026/08/25 18:59:55.363, 452.50, 450.00, 100, 2, 2460, 3105, 15588
2026/08/25 18:59:55.497, 452.50, 450.00, 100, 2, 2460, 3105, 15588
2026/08/25 18:59:55.600, 452.50, 450.00, 100, 2, 2460, 3105, 15588
2026/08/25 18:59:55.703, 452.50, 450.00, 100, 2, 2460, 3105, 15588
2026/08/25 18:59:55.806, 447.04, 450.00, 100, 2, 2295, 3105, 15588
2026/08/25 18:59:55.908, 447.04, 450.00, 100, 2, 2295, 3105, 15588
2026/08/25 18:59:56.012, 447.04, 450.00, 100, 2, 2295, 3105, 15588
2026/08/25 18:59:56.117, 447.04, 450.00, 100, 2, 2295, 3105, 15588
2026/08/25 18:59:56.219, 452.38, 450.00, 99, 48, 2295, 3105, 15588
2026/08/25 18:59:56.322, 452.38, 450.00, 99, 48, 2295, 3105, 15588
2026/08/25 18:59:56.425, 452.38, 450.00, 99, 48, 2295, 3105, 15588
2026/08/25 18:59:56.527, 452.38, 450.00, 99, 48, 2295, 3105, 15588
2026/08/25 18:59:56.631, 452.38, 450.00, 99, 48, 2295, 3105, 15588
2026/08/25 18:59:56.733, 448.17, 450.00, 99, 98, 2550, 3105, 15588
2026/08/25 18:59:56.838, 448.17, 450.00, 99, 98, 2550, 3105, 15588
2026/08/25 18:59:56.940, 448.17, 450.00, 99, 98, 2550, 3105, 15588
2026/08/25 18:59:57.043, 448.17, 450.00, 99, 98, 2550, 3105, 15588
2026/08/25 18:59:57.146, 448.17, 450.00, 99, 98, 2550, 3105, 15588
2026/08/25 18:59:57.249, 453.72, 450.00, 100, 5, 2550, 3105, 15588
2026/08/25 18:59:57.352, 453.72, 450.00, 100, 5, 2550, 3105, 15588
2026/08/25 18:59:57.457, 453.72, 450.00, 100, 5, 2550, 3105, 15588
2026/08/25 18:59:57.559, 453.72, 450.00, 100, 5, 2550, 3105, 15588
2026/08/25 18:59:57.663, 453.72, 450.00, 100, 5, 2550, 3105, 15588
2026/08/25 18:59:57.765, 449.35, 450.00, 100, 2, 2325, 3105, 15588
2026/08/25 18:59:57.868, 449.35, 450.00, 100, 2, 2325, 3105, 15588
2026/08/25 18:59:57.972, 449.35, 450.00, 100, 2, 2325, 3105, 15588
2026/08/25 18:59:58.075, 449.35, 450.00, 100, 2, 2325, 3105, 15588
2026/08/25 18:59:58.179, 449.35, 450.00, 100, 2, 2325, 3105, 15588
2026/08/25 18:59:58.295, 435.63, 450.00, 99, 81, 2325, 3105, 15588
2026/08/25 18:59:58.397, 435.63, 450.00, 99, 81, 2325, 3105, 15588
2026/08/25 18:59:58.499, 435.63, 450.00, 99, 81, 2325, 3105, 15588
2026/08/25 18:59:58.602, 435.63, 450.00, 99, 81, 2325, 3105, 15588
2026/08/25 18:59:58.707, 435.63, 450.00, 99, 81, 2325, 3105, 15588
2026/08/25 18:59:58.810, 448.13, 450.00, 100, 66, 2355, 3105, 15588
2026/08/25 18:59:58.937, 448.13, 450.00, 100, 66, 2355, 3105, 15588
2026/08/25 18:59:59.040, 448.13, 450.00, 100, 66, 2355, 3105, 15588
2026/08/25 18:59:59.143, 448.13, 450.00, 100, 66, 2355, 3105, 15588
2026/08/25 18:59:59.247, 462.01, 450.00, 100, 2, 2355, 3105, 15588
2026/08/25 18:59:59.357, 462.01, 450.00, 100, 2, 2355, 3105, 15588
2026/08/25 18:59:59.463, 462.01, 450.00, 100, 2, 2355, 3105, 15588
2026/08/25 18:59:59.568, 462.01, 450.00, 100, 2, 2355, 3105, 15588
2026/08/25 18:59:59.671, 462.01, 450.00, 100, 2, 2355, 3105, 15588
2026/08/25 18:59:59.773, 446.69, 450.00, 100, 2, 2280, 3105, 15588
2026/08/25 18:59:59.875, 446.69, 450.00, 100, 2, 2280, 3105, 15588
2026/08/25 18:59:59.977, 446.69, 450.00, 100, 2, 2280, 3105, 15588
2026/08/25 19:00:00.082, 446.69, 450.00, 100, 2, 2280, 3105, 15588
2026/08/25 19:00:00.187, 446.69, 450.00, 100, 2, 2280, 3105, 15588
2026/08/25 19:00:00.289, 447.92, 450.00, 97, 100, 2280, 3105, 15588
2026/08/25 19:00:00.393, 447.92, 450.00, 97, 100, 2280, 3105, 15588
2026/08/25 19:00:00.495, 447.92, 450.00, 97, 100, 2280, 3105, 15588
2026/08/25 19:00:00.597, 447.92, 450.00, 97, 100, 2280, 3105, 15588
2026/08/25 19:00:00.699, 447.92, 450.00, 97, 100, 2280, 3105, 15588
2026/08/25 19:00:00.804, 447.07, 450.00, 100, 56, 2385, 3105, 15588
2026/08/25 19:00:00.909, 447.07, 450.00, 100, 56, 2385, 3105, 15588
2026/08/25 19:00:01.036, 447.07, 450.00, 100, 56, 2385, 3105, 15588
2026/08/25 19:00:01.138, 447.07, 450.00, 100, 56, 2385, 3105, 15588
2026/08/25 19:00:01.241, 453.13, 450.00, 100, 2, 2385, 3105, 15588
2026/08/25 19:00:01.344, 453.13, 450.00, 100, 2, 2385, 3105, 15588
2026/08/25 19:00:01.448, 453.13, 450.00, 100, 2, 2385, 3105, 15588
2026/08/25 19:00:01.596, 453.13, 450.00, 100, 2, 2385, 3105, 15588
2026/08/25 19:00:01.736, 448.64, 450.00, 100, 2, 2325, 3105, 15588
2026/08/25 19:00:01.838, 448.64, 450.00, 100, 2, 2325, 3105, 15588
2026/08/25 19:00:01.941, 448.64, 450.00, 100, 2, 2325, 3105, 15588
2026/08/25 19:00:02.047, 448.64, 450.00, 100, 2, 2325, 3105, 15588
2026/08/25 19:00:02.152, 448.64, 450.00, 100, 2, 2325, 3105, 15588
2026/08/25 19:00:02.296, 446.59, 450.00, 99, 98, 2325, 3105, 15588
2026/08/25 19:00:02.399, 446.59, 450.00, 99, 98, 2325, 3105, 15588
2026/08/25 19:00:02.502, 446.59, 450.00, 99, 98, 2325, 3105, 15588
2026/08/25 19:00:02.605, 446.59, 450.00, 99, 98, 2325, 3105, 15588
2026/08/25 19:00:02.711, 446.59, 450.00, 99, 98, 2325, 3105, 15588
2026/08/25 19:00:02.815, 447.15, 450.00, 100, 100, 2490, 3105, 15588
2026/08/25 19:00:02.917, 447.15, 450.00, 100, 100, 2490, 3105, 15588
2026/08/25 19:00:03.020, 447.15, 450.00, 100, 100, 2490, 3105, 15588
2026/08/25 19:00:03.123, 447.15, 450.00, 100, 100, 2490, 3105, 15588
2026/08/25 19:00:03.226, 448.83, 450.00, 100, 2, 2490, 3105, 15588
2026/08/25 19:00:03.330, 448.83, 450.00, 100, 2, 2490, 3105, 15588
2026/08/25 19:00:03.434, 448.83, 450.00, 100, 2, 2490, 3105, 15588
2026/08/25 19:00:03.556, 448.83, 450.00, 100, 2, 2490, 3105, 15588
2026/08/25 19:00:03.658, 448.83, 450.00, 100, 2, 2490, 3105, 15588
2026/08/25 19:00:03.761, 447.17, 450.00, 100, 2, 2310, 3105, 15588
2026/08/25 19:00:03.864, 447.17, 450.00, 100, 2, 2310, 3105, 15588
2026/08/25 19:00:03.968, 447.17, 450.00, 100, 2, 2310, 3105, 15588
2026/08/25 19:00:04.070, 447.17, 450.00, 100, 2, 2310, 3105, 15588
2026/08/25 19:00:04.177, 447.17, 450.00, 100, 2, 2310, 3105, 15588
2026/08/25 19:00:04.280, 449.24, 450.00, 97, 34, 2310, 3105, 15588
2026/08/25 19:00:04.383, 449.24, 450.00, 97, 34, 2310, 3105, 15588
2026/08/25 19:00:04.486, 449.24, 450.00, 97, 34, 2310, 3105, 15588
2026/08/25 19:00:04.588, 449.24, 450.00, 97, 34, 2310, 3105, 15588
2026/08/25 19:00:04.692, 449.24, 450.00, 97, 34, 2310, 3105, 15588
2026/08/25 19:00:04.796, 444.55, 450.00, 99, 95, 2580, 3105, 15588
2026/08/25 19:00:04.899, 444.55, 450.00, 99, 95, 2580, 3105, 15588
2026/08/25 19:00:05.002, 444.55, 450.00, 99, 95, 2580, 3105, 15588
2026/08/25 19:00:05.105, 444.55, 450.00, 99, 95, 2580, 3105, 15588
2026/08/25 19:00:05.235, 448.47, 450.00, 100, 22, 2580, 3105, 15588
2026/08/25 19:00:05.338, 448.47, 450.00, 100, 22, 2580, 3105, 15588
2026/08/25 19:00:05.444, 448.47, 450.00, 100, 22, 2580, 3105, 15588
2026/08/25 19:00:05.573, 448.47, 450.00, 100, 22, 2580, 3105, 15588
2026/08/25 19:00:05.675, 448.47, 450.00, 100, 22, 2580, 3105, 15588
2026/08/25 19:00:05.778, 445.21, 450.00, 100, 2, 2355, 3105, 15588
2026/08/25 19:00:05.883, 445.21, 450.00, 100, 2, 2355, 3105, 15588
2026/08/25 19:00:05.987, 445.21, 450.00, 100, 2, 2355, 3105, 15588
2026/08/25 19:00:06.091, 445.21, 450.00, 100, 2, 2355, 3105, 15588
2026/08/25 19:00:06.193, 445.21, 450.00, 100, 2, 2355, 3105, 15588
2026/08/25 19:00:06.296, 444.79, 450.00, 100, 2, 2355, 3105, 15588
2026/08/25 19:00:06.398, 444.79, 450.00, 100, 2, 2355, 3105, 15588
2026/08/25 19:00:06.501, 444.79, 450.00, 100, 2, 2355, 3105, 15588
2026/08/25 19:00:06.606, 444.79, 450.00, 100, 2, 2355, 3105, 15588
2026/08/25 19:00:06.710, 444.79, 450.00, 100, 2, 2355, 3105, 15588
2026/08/25 19:00:06.812, 445.21, 450.00, 99, 99, 2685, 3105, 15588
2026/08/25 19:00:06.915, 445.21, 450.00, 99, 99, 2685, 3105, 15588
2026/08/25 19:00:07.017, 445.21, 450.00, 99, 99, 2685, 3105, 15588
2026/08/25 19:00:07.120, 445.21, 450.00, 99, 99, 2685, 3105, 15588
2026/08/25 19:00:07.226, 448.07, 450.00, 100, 78, 2685, 3105, 15588
2026/08/25 19:00:07.329, 448.07, 450.00, 100, 78, 2685, 3105, 15588
2026/08/25 19:00:07.434, 448.07, 450.00, 100, 78, 2685, 3105, 15588
2026/08/25 19:00:07.537, 448.07, 450.00, 100, 78, 2685, 3105, 15588
2026/08/25 19:00:07.640, 448.07, 450.00, 100, 78, 2685, 3105, 15588
2026/08/25 19:00:07.742, 445.25, 450.00, 100, 2, 2325, 3105, 15588
2026/08/25 19:00:07.847, 445.25, 450.00, 100, 2, 2325, 3105, 15588
2026/08/25 19:00:07.949, 445.25, 450.00, 100, 2, 2325, 3105, 15588
2026/08/25 19:00:08.051, 445.25, 450.00, 100, 2, 2325, 3105, 15588
2026/08/25 19:00:08.173, 445.25, 450.00, 100, 2, 2325, 3105, 15588
2026/08/25 19:00:08.275, 445.92, 450.00, 100, 2, 2325, 3105, 15588
2026/08/25 19:00:08.379, 445.92, 450.00, 100, 2, 2325, 3105, 15588
2026/08/25 19:00:08.482, 445.92, 450.00, 100, 2, 2325, 3105, 15588
2026/08/25 19:00:08.585, 445.92, 450.00, 100, 2, 2325, 3105, 15588
2026/08/25 19:00:08.688, 445.92, 450.00, 100, 2, 2325, 3105, 15588
2026/08/25 19:00:08.791, 448.54, 450.00, 99, 59, 2295, 3105, 15588
2026/08/25 19:00:08.893, 448.54, 450.00, 99, 59, 2295, 3105, 15588
2026/08/25 19:00:08.995, 448.54, 450.00, 99, 59, 2295, 3105, 15588
2026/08/25 19:00:09.099, 448.54, 450.00, 99, 59, 2295, 3105, 15588
2026/08/25 19:00:09.204, 448.54, 450.00, 99, 59, 2295, 3105, 15588
2026/08/25 19:00:09.309, 446.57, 450.00, 99, 98, 2295, 3105, 15588
2026/08/25 19:00:09.411, 446.57, 450.00, 99, 98, 2295, 3105, 15588
2026/08/25 19:00:09.513, 446.57, 450.00, 99, 98, 2295, 3105, 15588
2026/08/25 19:00:09.615, 446.57, 450.00, 99, 98, 2295, 3105, 15588
2026/08/25 19:00:09.718, 447.65, 450.00, 100, 24, 2400, 3105, 15588
2026/08/25 19:00:09.825, 447.65, 450.00, 100, 24, 2400, 3105, 15588
2026/08/25 19:00:09.929, 447.65, 450.00, 100, 24, 2400, 3105, 15588
2026/08/25 19:00:10.031, 447.65, 450.00, 100, 24, 2400, 3105, 15588
2026/08/25 19:00:10.133, 447.65, 450.00, 100, 24, 2400, 3105, 15588
2026/08/25 19:00:10.236, 448.08, 450.00, 100, 2, 2400, 3105, 15588
2026/08/25 19:00:10.339, 448.08, 450.00, 100, 2, 2400, 3105, 15588
2026/08/25 19:00:10.444, 448.08, 450.00, 100, 2, 2400, 3105, 15588
2026/08/25 19:00:10.549, 448.08, 450.00, 100, 2, 2400, 3105, 15588
2026/08/25 19:00:10.651, 448.08, 450.00, 100, 2, 2400, 3105, 15588
2026/08/25 19:00:10.753, 448.36, 450.00, 100, 2, 2295, 3105, 15588
2026/08/25 19:00:10.856, 448.36, 450.00, 100, 2, 2295, 3105, 15588
2026/08/25 19:00:10.959, 448.36, 450.00, 100, 2, 2295, 3105, 15588
2026/08/25 19:00:11.065, 448.36, 450.00, 100, 2, 2295, 3105, 15588
2026/08/25 19:00:11.169, 448.36, 450.00, 100, 2, 2295, 3105, 15588
2026/08/25 19:00:11.310, 446.22, 450.00, 99, 100, 2295, 3105, 15588
2026/08/25 19:00:11.413, 446.22, 450.00, 99, 100, 2295, 3105, 15588
2026/08/25 19:00:11.515, 446.22, 450.00, 99, 100, 2295, 3105, 15588
2026/08/25 19:00:11.618, 446.22, 450.00, 99, 100, 2295, 3105, 15588
2026/08/25 19:00:11.732, 446.17, 450.00, 100, 96, 2265, 3105, 15588
2026/08/25 19:00:11.836, 446.17, 450.00, 100, 96, 2265, 3105, 15588
2026/08/25 19:00:11.939, 446.17, 450.00, 100, 96, 2265, 3105, 15588
2026/08/25 19:00:12.042, 446.17, 450.00, 100, 96, 2265, 3105, 15588
2026/08/25 19:00:12.144, 446.17, 450.00, 100, 96, 2265, 3105, 15588
2026/08/25 19:00:12.246, 446.77, 450.00, 100, 2, 2265, 3105, 15588
2026/08/25 19:00:12.350, 446.77, 450.00, 100, 2, 2265, 3105, 15588
2026/08/25 19:00:12.454, 446.77, 450.00, 100, 2, 2265, 3105, 15588
2026/08/25 19:00:12.559, 446.77, 450.00, 100, 2, 2265, 3105, 15588
2026/08/25 19:00:12.661, 446.77, 450.00, 100, 2, 2265, 3105, 15588
2026/08/25 19:00:12.763, 445.19, 450.00, 100, 2, 2295, 3105, 15588
2026/08/25 19:00:12.865, 445.19, 450.00, 100, 2, 2295, 3105, 15588
2026/08/25 19:00:12.969, 445.19, 450.00, 100, 2, 2295, 3105, 15588
2026/08/25 19:00:13.072, 445.19, 450.00, 100, 2, 2295, 3105, 15588
2026/08/25 19:00:13.176, 445.19, 450.00, 100, 2, 2295, 3105, 15588
2026/08/25 19:00:13.280, 449.24, 450.00, 99, 49, 2295, 3105, 15588
2026/08/25 19:00:13.382, 449.24, 450.00, 99, 49, 2295, 3105, 15588
2026/08/25 19:00:13.484, 449.24, 450.00, 99, 49, 2295, 3105, 15588
2026/08/25 19:00:13.586, 449.24, 450.00, 99, 49, 2295, 3105, 15588
2026/08/25 19:00:13.690, 449.24, 450.00, 99, 49, 2295, 3105, 15588
2026/08/25 19:00:13.829, 447.20, 450.00, 99, 97, 2535, 3105, 15588
2026/08/25 19:00:13.932, 447.20, 450.00, 99, 97, 2535, 3105, 15588
2026/08/25 19:00:14.034, 447.20, 450.00, 99, 97, 2535, 3105, 15588
2026/08/25 19:00:14.137, 447.20, 450.00, 99, 97, 2535, 3105, 15588
2026/08/25 19:00:14.240, 452.67, 450.00, 100, 21, 2535, 3105, 15588
2026/08/25 19:00:14.343, 452.67, 450.00, 100, 21, 2535, 3105, 15588
2026/08/25 19:00:14.448, 452.67, 450.00, 100, 21, 2535, 3105, 15588
2026/08/25 19:00:14.550, 452.67, 450.00, 100, 21, 2535, 3105, 15588
2026/08/25 19:00:14.652, 452.67, 450.00, 100, 21, 2535, 3105, 15588
2026/08/25 19:00:14.754, 450.47, 450.00, 100, 2, 2355, 3105, 15588
2026/08/25 19:00:14.858, 450.47, 450.00, 100, 2, 2355, 3105, 15588
2026/08/25 19:00:14.963, 450.47, 450.00, 100, 2, 2355, 3105, 15588
2026/08/25 19:00:15.092, 450.47, 450.00, 100, 2, 2355, 3105, 15588
2026/08/25 19:00:15.229, 450.47, 450.00, 100, 2, 2355, 3105, 15588
2026/08/25 19:00:15.331, 450.68, 450.00, 100, 2, 2355, 3105, 15588
2026/08/25 19:00:15.433, 450.68, 450.00, 100, 2, 2355, 3105, 15588
2026/08/25 19:00:15.538, 450.68, 450.00, 100, 2, 2355, 3105, 15588
2026/08/25 19:00:15.642, 450.68, 450.00, 100, 2, 2355, 3105, 15588
2026/08/25 19:00:15.746, 444.05, 450.00, 99, 100, 2235, 3105, 15588
2026/08/25 19:00:15.849, 444.05, 450.00, 99, 100, 2235, 3105, 15588
2026/08/25 19:00:15.951, 444.05, 450.00, 99, 100, 2235, 3105, 15588
2026/08/25 19:00:16.053, 444.05, 450.00, 99, 100, 2235, 3105, 15588
2026/08/25 19:00:16.156, 444.05, 450.00, 99, 100, 2235, 3105, 15588
2026/08/25 19:00:16.261, 447.82, 450.00, 100, 94, 2235, 3105, 15588
2026/08/25 19:00:16.365, 447.82, 450.00, 100, 94, 2235, 3105, 15588
2026/08/25 19:00:16.490, 447.82, 450.00, 100, 94, 2235, 3105, 15588
2026/08/25 19:00:16.592, 447.82, 450.00, 100, 94, 2235, 3105, 15588
2026/08/25 19:00:16.695, 447.82, 450.00, 100, 94, 2235, 3105, 15588
2026/08/25 19:00:16.797, 447.90, 450.00, 100, 2, 2310, 3105, 15588
2026/08/25 19:00:16.910, 447.90, 450.00, 100, 2, 2310, 3105, 15588
2026/08/25 19:00:17.014, 447.90, 450.00, 100, 2, 2310, 3105, 15588
2026/08/25 19:00:17.117, 447.90, 450.00, 100, 2, 2310, 3105, 15588
2026/08/25 19:00:17.222, 447.90, 450.00, 100, 2, 2310, 3105, 15588
2026/08/25 19:00:17.324, 447.61, 450.00, 100, 2, 2310, 3105, 15588
2026/08/25 19:00:17.426, 447.61, 450.00, 100, 2, 2310, 3105, 15588
2026/08/25 19:00:17.530, 447.61, 450.00, 100, 2, 2310, 3105, 15588
2026/08/25 19:00:17.633, 447.61, 450.00, 100, 2, 2310, 3105, 15588
2026/08/25 19:00:17.738, 445.16, 450.00, 99, 100, 2265, 3105, 15588
2026/08/25 19:00:17.841, 445.16, 450.00, 99, 100, 2265, 3105, 15588
2026/08/25 19:00:17.944, 445.16, 450.00, 99, 100, 2265, 3105, 15588
2026/08/25 19:00:18.046, 445.16, 450.00, 99, 100, 2265, 3105, 15588
2026/08/25 19:00:18.148, 445.16, 450.00, 99, 100, 2265, 3105, 15588
2026/08/25 19:00:18.252, 446.44, 450.00, 100, 48, 2265, 3105, 15588
2026/08/25 19:00:18.357, 446.44, 450.00, 100, 48, 2265, 3105, 15588
2026/08/25 19:00:18.460, 446.44, 450.00, 100, 48, 2265, 3105, 15588
2026/08/25 19:00:18.588, 446.44, 450.00, 100, 48, 2265, 3105, 15588
2026/08/25 19:00:18.690, 446.44, 450.00, 100, 48, 2265, 3105, 15588
2026/08/25 19:00:18.792, 449.23, 450.00, 100, 2, 2265, 3105, 15588
2026/08/25 19:00:18.895, 449.23, 450.00, 100, 2, 2265, 3105, 15588
2026/08/25 19:00:18.999, 449.23, 450.00, 100, 2, 2265, 3105, 15588
2026/08/25 19:00:19.103, 449.23, 450.00, 100, 2, 2265, 3105, 15588
2026/08/25 19:00:19.205, 449.23, 450.00, 100, 2, 2265, 3105, 15588
2026/08/25 19:00:19.308, 448.35, 450.00, 100, 9, 2265, 3105, 15588
2026/08/25 19:00:19.410, 448.35, 450.00, 100, 9, 2265, 3105, 15588
2026/08/25 19:00:19.513, 448.35, 450.00, 100, 9, 2265, 3105, 15588
2026/08/25 19:00:19.617, 448.35, 450.00, 100, 9, 2265, 3105, 15588
2026/08/25 19:00:19.721, 448.35, 450.00, 100, 9, 2265, 3105, 15588
2026/08/25 19:00:19.847, 446.66, 450.00, 100, 100, 2505, 3105, 15588
2026/08/25 19:00:19.950, 446.66, 450.00, 100, 100, 2505, 3105, 15588
2026/08/25 19:00:20.052, 446.66, 450.00, 100, 100, 2505, 3105, 15588
2026/08/25 19:00:20.155, 446.66, 450.00, 100, 100, 2505, 3105, 15588
2026/08/25 19:00:20.258, 451.70, 450.00, 100, 2, 2505, 3105, 15588
2026/08/25 19:00:20.362, 451.70, 450.00, 100, 2, 2505, 3105, 15588
2026/08/25 19:00:20.487, 451.70, 450.00, 100, 2, 2505, 3105, 15588
2026/08/25 19:00:20.589, 451.70, 450.00, 100, 2, 2505, 3105, 15588
2026/08/25 19:00:20.695, 451.70, 450.00, 100, 2, 2505, 3105, 15588
2026/08/25 19:00:20.798, 446.17, 450.00, 100, 2, 2325, 3105, 15588
2026/08/25 19:00:20.901, 446.17, 450.00, 100, 2, 2325, 3105, 15588
2026/08/25 19:00:21.005, 446.17, 450.00, 100, 2, 2325, 3105, 15588
2026/08/25 19:00:21.109, 446.17, 450.00, 100, 2, 2325, 3105, 15588
2026/08/25 19:00:21.247, 446.17, 450.00, 100, 2, 2325, 3105, 15588
2026/08/25 19:00:21.349, 452.69, 450.00, 99, 57, 2325, 3105, 15588
2026/08/25 19:00:21.451, 452.69, 450.00, 99, 57, 2325, 3105, 15588
2026/08/25 19:00:21.555, 452.69, 450.00, 99, 57, 2325, 3105, 15588
2026/08/25 19:00:21.659, 452.69, 450.00, 99, 57, 2325, 3105, 15588
2026/08/25 19:00:21.763, 452.51, 450.00, 100, 100, 2550, 3105, 15588
2026/08/25 19:00:21.890, 452.51, 450.00, 100, 100, 2550, 3105, 15588
2026/08/25 19:00:21.993, 452.51, 450.00, 100, 100, 2550, 3105, 15588
2026/08/25 19:00:22.096, 452.51, 450.00, 100, 100, 2550, 3105, 15588
2026/08/25 19:00:22.200, 452.51, 450.00, 100, 100, 2550, 3105, 15588
2026/08/25 19:00:22.304, 445.48, 450.00, 100, 2, 2550, 3105, 15588
2026/08/25 19:00:22.449, 445.48, 450.00, 100, 2, 2550, 3105, 15588
2026/08/25 19:00:22.552, 445.48, 450.00, 100, 2, 2550, 3105, 15588
2026/08/25 19:00:22.655, 445.48, 450.00, 100, 2, 2550, 3105, 15588
2026/08/25 19:00:22.758, 448.03, 450.00, 100, 2, 2325, 3105, 15588
2026/08/25 19:00:22.860, 448.03, 450.00, 100, 2, 2325, 3105, 15588
2026/08/25 19:00:22.963, 448.03, 450.00, 100, 2, 2325, 3105, 15588
2026/08/25 19:00:23.067, 448.03, 450.00, 100, 2, 2325, 3105, 15588
2026/08/25 19:00:23.172, 448.03, 450.00, 100, 2, 2325, 3105, 15588
2026/08/25 19:00:23.275, 449.23, 450.00, 99, 76, 2325, 3105, 15588
2026/08/25 19:00:23.378, 449.23, 450.00, 99, 76, 2325, 3105, 15588
2026/08/25 19:00:23.480, 449.23, 450.00, 99, 76, 2325, 3105, 15588
2026/08/25 19:00:23.582, 449.23, 450.00, 99, 76, 2325, 3105, 15588
2026/08/25 19:00:23.687, 449.23, 450.00, 99, 76, 2325, 3105, 15588
2026/08/25 19:00:23.791, 445.66, 450.00, 100, 100, 2565, 3105, 15588
2026/08/25 19:00:23.894, 445.66, 450.00, 100, 100, 2565, 3105, 15588
2026/08/25 19:00:23.997, 445.66, 450.00, 100, 100, 2565, 3105, 15588
2026/08/25 19:00:24.100, 445.66, 450.00, 100, 100, 2565, 3105, 15588
2026/08/25 19:00:24.202, 445.66, 450.00, 100, 100, 2565, 3105, 15588
2026/08/25 19:00:24.306, 446.17, 450.00, 100, 2, 2565, 3105, 15588
2026/08/25 19:00:24.408, 446.17, 450.00, 100, 2, 2565, 3105, 15588
2026/08/25 19:00:24.549, 446.17, 450.00, 100, 2, 2565, 3105, 15588
2026/08/25 19:00:24.689, 446.17, 450.00, 100, 2, 2565, 3105, 15588
2026/08/25 19:00:24.791, 450.65, 450.00, 100, 2, 2370, 3105, 15588
2026/08/25 19:00:24.894, 450.65, 450.00, 100, 2, 2370, 3105, 15588
2026/08/25 19:00:25.000, 450.65, 450.00, 100, 2, 2370, 3105, 15588
2026/08/25 19:00:25.102, 450.65, 450.00, 100, 2, 2370, 3105, 15588
2026/08/25 19:00:25.205, 450.65, 450.00, 100, 2, 2370, 3105, 15588
2026/08/25 19:00:25.307, 448.99, 450.00, 98, 75, 2370, 3105, 15588
2026/08/25 19:00:25.409, 448.99, 450.00, 98, 75, 2370, 3105, 15588
2026/08/25 19:00:25.511, 448.99, 450.00, 98, 75, 2370, 3105, 15588
2026/08/25 19:00:25.615, 448.99, 450.00, 98, 75, 2370, 3105, 15588
2026/08/25 19:00:25.720, 448.99, 450.00, 98, 75, 2370, 3105, 15588
2026/08/25 19:00:25.824, 446.60, 450.00, 100, 100, 2595, 3105, 15588
2026/08/25 19:00:25.947, 446.60, 450.00, 100, 100, 2595, 3105, 15588
2026/08/25 19:00:26.050, 446.60, 450.00, 100, 100, 2595, 3105, 15588
2026/08/25 19:00:26.153, 446.60, 450.00, 100, 100, 2595, 3105, 15588
2026/08/25 19:00:26.256, 450.98, 450.00, 100, 2, 2595, 3105, 15588
2026/08/25 19:00:26.371, 450.98, 450.00, 100, 2, 2595, 3105, 15588
2026/08/25 19:00:26.506, 450.98, 450.00, 100, 2, 2595, 3105, 15588
2026/08/25 19:00:26.608, 450.98, 450.00, 100, 2, 2595, 3105, 15588
2026/08/25 19:00:26.710, 450.98, 450.00, 100, 2, 2595, 3105, 15588
2026/08/25 19:00:26.813, 447.17, 450.00, 100, 2, 2370, 3105, 15588
2026/08/25 19:00:26.928, 447.17, 450.00, 100, 2, 2370, 3105, 15588
2026/08/25 19:00:27.033, 447.17, 450.00, 100, 2, 2370, 3105, 15588
2026/08/25 19:00:27.140, 447.17, 450.00, 100, 2, 2370, 3105, 15588
2026/08/25 19:00:27.267, 442.97, 450.00, 99, 36, 2370, 3105, 15588
2026/08/25 19:00:27.369, 442.97, 450.00, 99, 36, 2370, 3105, 15588
2026/08/25 19:00:27.472, 442.97, 450.00, 99, 36, 2370, 3105, 15588
2026/08/25 19:00:27.576, 442.97, 450.00, 99, 36, 2370, 3105, 15588
2026/08/25 19:00:27.680, 442.97, 450.00, 99, 36, 2370, 3105, 15588
2026/08/25 19:00:27.786, 443.47, 450.00, 99, 98, 2610, 3105, 15588
2026/08/25 19:00:27.888, 443.47, 450.00, 99, 98, 2610, 3105, 15588
2026/08/25 19:00:27.990, 443.47, 450.00, 99, 98, 2610, 3105, 15588
2026/08/25 19:00:28.093, 443.47, 450.00, 99, 98, 2610, 3105, 15588
2026/08/25 19:00:28.198, 443.47, 450.00, 99, 98, 2610, 3105, 15588
2026/08/25 19:00:28.302, 449.13, 450.00, 100, 7, 2610, 3105, 15588
2026/08/25 19:00:28.407, 449.13, 450.00, 100, 7, 2610, 3105, 15588
2026/08/25 19:00:28.509, 449.13, 450.00, 100, 7, 2610, 3105, 15588
2026/08/25 19:00:28.612, 449.13, 450.00, 100, 7, 2610, 3105, 15588
2026/08/25 19:00:28.715, 449.13, 450.00, 100, 7, 2610, 3105, 15588
2026/08/25 19:00:28.817, 450.11, 450.00, 100, 2, 2340, 3105, 15588
2026/08/25 19:00:28.921, 450.11, 450.00, 100, 2, 2340, 3105, 15588
2026/08/25 19:00:29.023, 450.11, 450.00, 100, 2, 2340, 3105, 15588
2026/08/25 19:00:29.128, 450.11, 450.00, 100, 2, 2340, 3105, 15588
2026/08/25 19:00:29.231, 450.11, 450.00, 100, 2, 2340, 3105, 15588
2026/08/25 19:00:29.334, 448.74, 450.00, 100, 7, 2340, 3105, 15588
2026/08/25 19:00:29.438, 448.74, 450.00, 100, 7, 2340, 3105, 15588
2026/08/25 19:00:29.540, 448.74, 450.00, 100, 7, 2340, 3105, 15588
2026/08/25 19:00:29.644, 448.74, 450.00, 100, 7, 2340, 3105, 15588
2026/08/25 19:00:29.787, 450.45, 450.00, 99, 96, 2280, 3105, 15588
2026/08/25 19:00:29.889, 450.45, 450.00, 99, 96, 2280, 3105, 15588
2026/08/25 19:00:30.007, 450.45, 450.00, 99, 96, 2280, 3105, 15588
2026/08/25 19:00:30.110, 450.45, 450.00, 99, 96, 2280, 3105, 15588
2026/08/25 19:00:30.213, 450.45, 450.00, 99, 96, 2280, 3105, 15588
2026/08/25 19:00:30.316, 447.61, 450.00, 100, 39, 2280, 3105, 15588
2026/08/25 19:00:30.430, 447.61, 450.00, 100, 39, 2280, 3105, 15588
2026/08/25 19:00:30.567, 447.61, 450.00, 100, 39, 2280, 3105, 15588
2026/08/25 19:00:30.669, 447.61, 450.00, 100, 39, 2280, 3105, 15588
2026/08/25 19:00:30.772, 448.58, 450.00, 100, 2, 2370, 3105, 15588
2026/08/25 19:00:30.878, 448.58, 450.00, 100, 2, 2370, 3105, 15588
2026/08/25 19:00:30.981, 448.58, 450.00, 100, 2, 2370, 3105, 15588
2026/08/25 19:00:31.129, 448.58, 450.00, 100, 2, 2370, 3105, 15588
2026/08/25 19:00:31.267, 439.69, 450.00, 99, 21, 2370, 3105, 15588
2026/08/25 19:00:31.370, 439.69, 450.00, 99, 21, 2370, 3105, 15588
2026/08/25 19:00:31.476, 439.69, 450.00, 99, 21, 2370, 3105, 15588
2026/08/25 19:00:31.578, 439.69, 450.00, 99, 21, 2370, 3105, 15588
2026/08/25 19:00:31.682, 439.69, 450.00, 99, 21, 2370, 3105, 15588
2026/08/25 19:00:31.786, 445.92, 450.00, 100, 100, 2550, 3105, 15588
2026/08/25 19:00:31.888, 445.92, 450.00, 100, 100, 2550, 3105, 15588
2026/08/25 19:00:31.991, 445.92, 450.00, 100, 100, 2550, 3105, 15588
2026/08/25 19:00:32.094, 445.92, 450.00, 100, 100, 2550, 3105, 15588
2026/08/25 19:00:32.197, 445.92, 450.00, 100, 100, 2550, 3105, 15588
2026/08/25 19:00:32.300, 450.23, 450.00, 100, 48, 2550, 3105, 15588
2026/08/25 19:00:32.404, 450.23, 450.00, 100, 48, 2550, 3105, 15588
2026/08/25 19:00:32.508, 450.23, 450.00, 100, 48, 2550, 3105, 15588
2026/08/25 19:00:32.611, 450.23, 450.00, 100, 48, 2550, 3105, 15588
2026/08/25 19:00:32.714, 450.23, 450.00, 100, 48, 2550, 3105, 15588
2026/08/25 19:00:32.816, 448.33, 450.00, 100, 2, 2355, 3105, 15588
2026/08/25 19:00:32.918, 448.33, 450.00, 100, 2, 2355, 3105, 15588
2026/08/25 19:00:33.022, 448.33, 450.00, 100, 2, 2355, 3105, 15588
2026/08/25 19:00:33.126, 448.33, 450.00, 100, 2, 2355, 3105, 15588
2026/08/25 19:00:33.229, 448.33, 450.00, 100, 2, 2355, 3105, 15588
2026/08/25 19:00:33.332, 452.17, 450.00, 100, 2, 2355, 3105, 15588
2026/08/25 19:00:33.436, 452.17, 450.00, 100, 2, 2355, 3105, 15588
2026/08/25 19:00:33.538, 452.17, 450.00, 100, 2, 2355, 3105, 15588
2026/08/25 19:00:33.642, 452.17, 450.00, 100, 2, 2355, 3105, 15588
2026/08/25 19:00:33.745, 452.17, 450.00, 100, 2, 2355, 3105, 15588
2026/08/25 19:00:33.851, 449.95, 450.00, 99, 100, 2550, 3105, 15588
2026/08/25 19:00:33.954, 449.95, 450.00, 99, 100, 2550, 3105, 15588
2026/08/25 19:00:34.056, 449.95, 450.00, 99, 100, 2550, 3105, 15588
2026/08/25 19:00:34.159, 449.95, 450.00, 99, 100, 2550, 3105, 15588
2026/08/25 19:00:34.267, 452.18, 450.00, 100, 96, 2550, 3105, 15588
2026/08/25 19:00:34.372, 452.18, 450.00, 100, 96, 2550, 3105, 15588
2026/08/25 19:00:34.484, 452.18, 450.00, 100, 96, 2550, 3105, 15588
2026/08/25 19:00:34.626, 452.18, 450.00, 100, 96, 2550, 3105, 15588
2026/08/25 19:00:34.728, 452.18, 450.00, 100, 96, 2550, 3105, 15588
2026/08/25 19:00:34.831, 448.24, 450.00, 100, 2, 2325, 3105, 15588
2026/08/25 19:00:34.964, 448.24, 450.00, 100, 2, 2325, 3105, 15588
2026/08/25 19:00:35.069, 448.24, 450.00, 100, 2, 2325, 3105, 15588
2026/08/25 19:00:35.172, 448.24, 450.00, 100, 2, 2325, 3105, 15588
2026/08/25 19:00:35.276, 446.67, 450.00, 100, 2, 2325, 3105, 15588
2026/08/25 19:00:35.378, 446.67, 450.00, 100, 2, 2325, 3105, 15588
2026/08/25 19:00:35.480, 446.67, 450.00, 100, 2, 2325, 3105, 15588
2026/08/25 19:00:35.584, 446.67, 450.00, 100, 2, 2325, 3105, 15588
2026/08/25 19:00:35.687, 446.67, 450.00, 100, 2, 2325, 3105, 15588
2026/08/25 19:00:35.790, 446.62, 450.00, 100, 45, 2280, 3105, 15588
2026/08/25 19:00:35.893, 446.62, 450.00, 100, 45, 2280, 3105, 15588
2026/08/25 19:00:35.995, 446.62, 450.00, 100, 45, 2280, 3105, 15588
2026/08/25 19:00:36.097, 446.62, 450.00, 100, 45, 2280, 3105, 15588
2026/08/25 19:00:36.201, 446.62, 450.00, 100, 45, 2280, 3105, 15588
2026/08/25 19:00:36.304, 446.58, 450.00, 99, 97, 2280, 3105, 15588
2026/08/25 19:00:36.409, 446.58, 450.00, 99, 97, 2280, 3105, 15588
2026/08/25 19:00:36.512, 446.58, 450.00, 99, 97, 2280, 3105, 15588
2026/08/25 19:00:36.614, 446.58, 450.00, 99, 97, 2280, 3105, 15588
2026/08/25 19:00:36.717, 446.58, 450.00, 99, 97, 2280, 3105, 15588
2026/08/25 19:00:36.819, 451.97, 450.00, 100, 14, 2355, 3105, 15588
2026/08/25 19:00:36.923, 451.97, 450.00, 100, 14, 2355, 3105, 15588
2026/08/25 19:00:37.065, 451.97, 450.00, 100, 14, 2355, 3105, 15588
2026/08/25 19:00:37.167, 451.97, 450.00, 100, 14, 2355, 3105, 15588
2026/08/25 19:00:37.271, 449.78, 450.00, 100, 2, 2355, 3105, 15588
2026/08/25 19:00:37.375, 449.78, 450.00, 100, 2, 2355, 3105, 15588
2026/08/25 19:00:37.477, 449.78, 450.00, 100, 2, 2355, 3105, 15588
2026/08/25 19:00:37.582, 449.78, 450.00, 100, 2, 2355, 3105, 15588
2026/08/25 19:00:37.707, 449.78, 450.00, 100, 2, 2355, 3105, 15588
2026/08/25 19:00:37.847, 444.13, 450.00, 100, 2, 2370, 3105, 15588
2026/08/25 19:00:37.950, 444.13, 450.00, 100, 2, 2370, 3105, 15588
2026/08/25 19:00:38.055, 444.13, 450.00, 100, 2, 2370, 3105, 15588
2026/08/25 19:00:38.159, 444.13, 450.00, 100, 2, 2370, 3105, 15588
2026/08/25 19:00:38.262, 444.85, 450.00, 99, 100, 2370, 3105, 15588
2026/08/25 19:00:38.367, 444.85, 450.00, 99, 100, 2370, 3105, 15588
2026/08/25 19:00:38.470, 444.85, 450.00, 99, 100, 2370, 3105, 15588
2026/08/25 19:00:38.601, 444.85, 450.00, 99, 100, 2370, 3105, 15588
2026/08/25 19:00:38.704, 444.85, 450.00, 99, 100, 2370, 3105, 15588
2026/08/25 19:00:38.807, 451.54, 450.00, 100, 83, 2445, 3105, 15588
2026/08/25 19:00:38.913, 451.54, 450.00, 100, 83, 2445, 3105, 15588
2026/08/25 19:00:39.024, 451.54, 450.00, 100, 83, 2445, 3105, 15588
2026/08/25 19:00:39.127, 451.54, 450.00, 100, 83, 2445, 3105, 15588
2026/08/25 19:00:39.230, 451.54, 450.00, 100, 83, 2445, 3105, 15588
2026/08/25 19:00:39.332, 449.08, 450.00, 100, 2, 2445, 3105, 15588
2026/08/25 19:00:39.434, 449.08, 450.00, 100, 2, 2445, 3105, 15588
2026/08/25 19:00:39.539, 449.08, 450.00, 100, 2, 2445, 3105, 15588
2026/08/25 19:00:39.643, 449.08, 450.00, 100, 2, 2445, 3105, 15588
2026/08/25 19:00:39.745, 449.08, 450.00, 100, 2, 2445, 3105, 15588
2026/08/25 19:00:39.849, 448.70, 450.00, 100, 2, 2280, 3105, 15588
2026/08/25 19:00:39.951, 448.70, 450.00, 100, 2, 2280, 3105, 15588
2026/08/25 19:00:40.084, 448.70, 450.00, 100, 2, 2280, 3105, 15588
2026/08/25 19:00:40.188, 448.70, 450.00, 100, 2, 2280, 3105, 15588
2026/08/25 19:00:40.294, 443.96, 450.00, 99, 95, 2280, 3105, 15588
2026/08/25 19:00:40.396, 443.96, 450.00, 99, 95, 2280, 3105, 15588
2026/08/25 19:00:40.498, 443.96, 450.00, 99, 95, 2280, 3105, 15588
2026/08/25 19:00:40.600, 443.96, 450.00, 99, 95, 2280, 3105, 15588
2026/08/25 19:00:40.705, 443.96, 450.00, 99, 95, 2280, 3105, 15588
2026/08/25 19:00:40.809, 447.99, 450.00, 100, 100, 2415, 3105, 15588
2026/08/25 19:00:40.926, 447.99, 450.00, 100, 100, 2415, 3105, 15588
2026/08/25 19:00:41.064, 447.99, 450.00, 100, 100, 2415, 3105, 15588
2026/08/25 19:00:41.167, 447.99, 450.00, 100, 100, 2415, 3105, 15588
2026/08/25 19:00:41.270, 446.95, 450.00, 100, 6, 2415, 3105, 15588
2026/08/25 19:00:41.375, 446.95, 450.00, 100, 6, 2415, 3105, 15588
2026/08/25 19:00:41.478, 446.95, 450.00, 100, 6, 2415, 3105, 15588
2026/08/25 19:00:41.624, 446.95, 450.00, 100, 6, 2415, 3105, 15588
2026/08/25 19:00:41.764, 444.86, 450.00, 100, 2, 2370, 3105, 15588
2026/08/25 19:00:41.866, 444.86, 450.00, 100, 2, 2370, 3105, 15588
2026/08/25 19:00:41.969, 444.86, 450.00, 100, 2, 2370, 3105, 15588
2026/08/25 19:00:42.075, 444.86, 450.00, 100, 2, 2370, 3105, 15588
2026/08/25 19:00:42.179, 444.86, 450.00, 100, 2, 2370, 3105, 15588
2026/08/25 19:00:42.281, 449.02, 450.00, 100, 12, 2370, 3105, 15588
2026/08/25 19:00:42.383, 449.02, 450.00, 100, 12, 2370, 3105, 15588
2026/08/25 19:00:42.486, 449.02, 450.00, 100, 12, 2370, 3105, 15588
2026/08/25 19:00:42.589, 449.02, 450.00, 100, 12, 2370, 3105, 15588
2026/08/25 19:00:42.695, 449.02, 450.00, 100, 12, 2370, 3105, 15588
2026/08/25 19:00:42.798, 449.66, 450.00, 99, 96, 2505, 3105, 15588
2026/08/25 19:00:42.940, 449.66, 450.00, 99, 96, 2505, 3105, 15588
2026/08/25 19:00:43.042, 449.66, 450.00, 99, 96, 2505, 3105, 15588
2026/08/25 19:00:43.144, 449.66, 450.00, 99, 96, 2505, 3105, 15588
2026/08/25 19:00:43.248, 449.66, 450.00, 99, 96, 2505, 3105, 15588
2026/08/25 19:00:43.352, 451.15, 450.00, 100, 56, 2505, 3105, 15588
2026/08/25 19:00:43.456, 451.15, 450.00, 100, 56, 2505, 3105, 15588
2026/08/25 19:00:43.559, 451.15, 450.00, 100, 56, 2505, 3105, 15588
2026/08/25 19:00:43.661, 451.15, 450.00, 100, 56, 2505, 3105, 15588
2026/08/25 19:00:43.763, 447.61, 450.00, 100, 2, 2325, 3105, 15588
2026/08/25 19:00:43.865, 447.61, 450.00, 100, 2, 2325, 3105, 15588
2026/08/25 19:00:43.969, 447.61, 450.00, 100, 2, 2325, 3105, 15588
2026/08/25 19:00:44.073, 447.61, 450.00, 100, 2, 2325, 3105, 15588
2026/08/25 19:00:44.177, 447.61, 450.00, 100, 2, 2325, 3105, 15588
2026/08/25 19:00:44.280, 447.74, 450.00, 100, 2, 2325, 3105, 15588
2026/08/25 19:00:44.382, 447.74, 450.00, 100, 2, 2325, 3105, 15588
2026/08/25 19:00:44.484, 447.74, 450.00, 100, 2, 2325, 3105, 15588
2026/08/25 19:00:44.588, 447.74, 450.00, 100, 2, 2325, 3105, 15588
2026/08/25 19:00:44.694, 447.74, 450.00, 100, 2, 2325, 3105, 15588
2026/08/25 19:00:44.845, 441.35, 450.00, 86, 100, 2460, 3105, 15588
2026/08/25 19:00:44.948, 441.35, 450.00, 86, 100, 2460, 3105, 15588
2026/08/25 19:00:45.054, 441.35, 450.00, 86, 100, 2460, 3105, 15588
2026/08/25 19:00:45.156, 441.35, 450.00, 86, 100, 2460, 3105, 15588
2026/08/25 19:00:45.260, 448.22, 450.00, 100, 100, 2460, 3105, 15588
2026/08/25 19:00:45.363, 448.22, 450.00, 100, 100, 2460, 3105, 15588
2026/08/25 19:00:45.474, 448.22, 450.00, 100, 100, 2460, 3105, 15588
2026/08/25 19:00:45.599, 448.22, 450.00, 100, 100, 2460, 3105, 15588
2026/08/25 19:00:45.701, 448.22, 450.00, 100, 100, 2460, 3105, 15588
2026/08/25 19:00:45.803, 448.33, 450.00, 100, 2, 2265, 3105, 15588
2026/08/25 19:00:45.908, 448.33, 450.00, 100, 2, 2265, 3105, 15588
2026/08/25 19:00:46.013, 448.33, 450.00, 100, 2, 2265, 3105, 15588
2026/08/25 19:00:46.117, 448.33, 450.00, 100, 2, 2265, 3105, 15588
2026/08/25 19:00:46.220, 448.33, 450.00, 100, 2, 2265, 3105, 15588
2026/08/25 19:00:46.322, 444.63, 450.00, 100, 2, 2265, 3105, 15588
2026/08/25 19:00:46.424, 444.63, 450.00, 100, 2, 2265, 3105, 15588
2026/08/25 19:00:46.527, 444.63, 450.00, 100, 2, 2265, 3105, 15588
2026/08/25 19:00:46.633, 444.63, 450.00, 100, 2, 2265, 3105, 15588
2026/08/25 19:00:46.738, 444.63, 450.00, 100, 2, 2265, 3105, 15588
2026/08/25 19:00:46.840, 441.15, 450.00, 99, 34, 2310, 3105, 15588
2026/08/25 19:00:46.942, 441.15, 450.00, 99, 34, 2310, 3105, 15588
2026/08/25 19:00:47.045, 441.15, 450.00, 99, 34, 2310, 3105, 15588
2026/08/25 19:00:47.148, 441.15, 450.00, 99, 34, 2310, 3105, 15588
2026/08/25 19:00:47.254, 443.44, 450.00, 99, 97, 2310, 3105, 15588
2026/08/25 19:00:47.359, 443.44, 450.00, 99, 97, 2310, 3105, 15588
2026/08/25 19:00:47.501, 443.44, 450.00, 99, 97, 2310, 3105, 15588
2026/08/25 19:00:47.603, 443.44, 450.00, 99, 97, 2310, 3105, 15588
2026/08/25 19:00:47.706, 443.44, 450.00, 99, 97, 2310, 3105, 15588
2026/08/25 19:00:47.810, 447.02, 450.00, 100, 31, 2325, 3105, 15588
2026/08/25 19:00:47.914, 447.02, 450.00, 100, 31, 2325, 3105, 15588
2026/08/25 19:00:48.064, 447.02, 450.00, 100, 31, 2325, 3105, 15588
2026/08/25 19:00:48.202, 447.02, 450.00, 100, 31, 2325, 3105, 15588
2026/08/25 19:00:48.304, 449.72, 450.00, 100, 2, 2325, 3105, 15588
2026/08/25 19:00:48.407, 449.72, 450.00, 100, 2, 2325, 3105, 15588
2026/08/25 19:00:48.513, 449.72, 450.00, 100, 2, 2325, 3105, 15588
2026/08/25 19:00:48.616, 449.72, 450.00, 100, 2, 2325, 3105, 15588
2026/08/25 19:00:48.718, 449.72, 450.00, 100, 2, 2325, 3105, 15588
2026/08/25 19:00:48.823, 449.00, 450.00, 100, 2, 2250, 3105, 15588
2026/08/25 19:00:48.926, 449.00, 450.00, 100, 2, 2250, 3105, 15588
2026/08/25 19:00:49.029, 449.00, 450.00, 100, 2, 2250, 3105, 15588
2026/08/25 19:00:49.132, 449.00, 450.00, 100, 2, 2250, 3105, 15588
2026/08/25 19:00:49.235, 449.00, 450.00, 100, 2, 2250, 3105, 15588
2026/08/25 19:00:49.340, 446.98, 450.00, 99, 100, 2250, 3105, 15588
2026/08/25 19:00:49.442, 446.98, 450.00, 99, 100, 2250, 3105, 15588
2026/08/25 19:00:49.545, 446.98, 450.00, 99, 100, 2250, 3105, 15588
2026/08/25 19:00:49.648, 446.98, 450.00, 99, 100, 2250, 3105, 15588
2026/08/25 19:00:49.752, 446.98, 450.00, 99, 100, 2250, 3105, 15588
2026/08/25 19:00:49.855, 445.39, 450.00, 100, 48, 2385, 3105, 15588
2026/08/25 19:00:49.960, 445.39, 450.00, 100, 48, 2385, 3105, 15588
2026/08/25 19:00:50.083, 445.39, 450.00, 100, 48, 2385, 3105, 15588
2026/08/25 19:00:50.186, 445.39, 450.00, 100, 48, 2385, 3105, 15588
2026/08/25 19:00:50.289, 448.98, 450.00, 100, 2, 2385, 3105, 15588
2026/08/25 19:00:50.392, 448.98, 450.00, 100, 2, 2385, 3105, 15588
2026/08/25 19:00:50.501, 448.98, 450.00, 100, 2, 2385, 3105, 15588
2026/08/25 19:00:50.604, 448.98, 450.00, 100, 2, 2385, 3105, 15588
2026/08/25 19:00:50.707, 448.98, 450.00, 100, 2, 2385, 3105, 15588
2026/08/25 19:00:50.812, 445.22, 450.00, 100, 2, 2325, 3105, 15588
2026/08/25 19:00:50.914, 445.22, 450.00, 100, 2, 2325, 3105, 15588
2026/08/25 19:00:51.016, 445.22, 450.00, 100, 2, 2325, 3105, 15588
2026/08/25 19:00:51.118, 445.22, 450.00, 100, 2, 2325, 3105, 15588
2026/08/25 19:00:51.222, 445.22, 450.00, 100, 2, 2325, 3105, 15588
2026/08/25 19:00:51.327, 446.47, 450.00, 99, 99, 2325, 3105, 15588
2026/08/25 19:00:51.431, 446.47, 450.00, 99, 99, 2325, 3105, 15588
2026/08/25 19:00:51.533, 446.47, 450.00, 99, 99, 2325, 3105, 15588
2026/08/25 19:00:51.636, 446.47, 450.00, 99, 99, 2325, 3105, 15588
2026/08/25 19:00:51.738, 446.47, 450.00, 99, 99, 2325, 3105, 15588
2026/08/25 19:00:51.840, 449.68, 450.00, 100, 5, 2325, 3105, 15588
2026/08/25 19:00:51.945, 449.68, 450.00, 100, 5, 2325, 3105, 15588
2026/08/25 19:00:52.050, 449.68, 450.00, 100, 5, 2325, 3105, 15588
2026/08/25 19:00:52.178, 449.68, 450.00, 100, 5, 2325, 3105, 15588
2026/08/25 19:00:52.280, 448.93, 450.00, 100, 2, 2325, 3105, 15588
2026/08/25 19:00:52.383, 448.93, 450.00, 100, 2, 2325, 3105, 15588
2026/08/25 19:00:52.486, 448.93, 450.00, 100, 2, 2325, 3105, 15588
2026/08/25 19:00:52.592, 448.93, 450.00, 100, 2, 2325, 3105, 15588
2026/08/25 19:00:52.695, 448.93, 450.00, 100, 2, 2325, 3105, 15588
2026/08/25 19:00:52.798, 449.60, 450.00, 100, 61, 2235, 3105, 15588
2026/08/25 19:00:52.900, 449.60, 450.00, 100, 61, 2235, 3105, 15588
2026/08/25 19:00:53.002, 449.60, 450.00, 100, 61, 2235, 3105, 15588
2026/08/25 19:00:53.105, 449.60, 450.00, 100, 61, 2235, 3105, 15588
2026/08/25 19:00:53.208, 449.60, 450.00, 100, 61, 2235, 3105, 15588
2026/08/25 19:00:53.313, 450.36, 450.00, 100, 100, 2235, 3105, 15588
2026/08/25 19:00:53.417, 450.36, 450.00, 100, 100, 2235, 3105, 15588
2026/08/25 19:00:53.521, 450.36, 450.00, 100, 100, 2235, 3105, 15588
2026/08/25 19:00:53.624, 450.36, 450.00, 100, 100, 2235, 3105, 15588
2026/08/25 19:00:53.727, 450.36, 450.00, 100, 100, 2235, 3105, 15588
2026/08/25 19:00:53.830, 450.40, 450.00, 100, 2, 2310, 3105, 15588
2026/08/25 19:00:53.934, 450.40, 450.00, 100, 2, 2310, 3105, 15588
2026/08/25 19:00:54.039, 450.40, 450.00, 100, 2, 2310, 3105, 15588
2026/08/25 19:00:54.145, 450.40, 450.00, 100, 2, 2310, 3105, 15588
2026/08/25 19:00:54.252, 450.40, 450.00, 100, 2, 2310, 3105, 15588
2026/08/25 19:00:54.354, 455.56, 450.00, 100, 2, 2310, 3105, 15588
2026/08/25 19:00:54.456, 455.56, 450.00, 100, 2, 2310, 3105, 15588
2026/08/25 19:00:54.559, 455.56, 450.00, 100, 2, 2310, 3105, 15588
2026/08/25 19:00:54.663, 455.56, 450.00, 100, 2, 2310, 3105, 15588
2026/08/25 19:00:54.775, 442.74, 450.00, 99, 82, 2625, 3105, 15588
2026/08/25 19:00:54.920, 442.74, 450.00, 99, 82, 2625, 3105, 15588
2026/08/25 19:00:55.022, 442.74, 450.00, 99, 82, 2625, 3105, 15588
2026/08/25 19:00:55.125, 442.74, 450.00, 99, 82, 2625, 3105, 15588
2026/08/25 19:00:55.259, 440.92, 450.00, 100, 100, 2625, 3105, 15588
2026/08/25 19:00:55.362, 440.92, 450.00, 100, 100, 2625, 3105, 15588
2026/08/25 19:00:55.465, 440.92, 450.00, 100, 100, 2625, 3105, 15588
2026/08/25 19:00:55.570, 440.92, 450.00, 100, 100, 2625, 3105, 15588
2026/08/25 19:00:55.672, 440.92, 450.00, 100, 100, 2625, 3105, 15588
2026/08/25 19:00:55.776, 448.56, 450.00, 100, 2, 2310, 3105, 15588
2026/08/25 19:00:55.878, 448.56, 450.00, 100, 2, 2310, 3105, 15588
2026/08/25 19:00:55.982, 448.56, 450.00, 100, 2, 2310, 3105, 15588
2026/08/25 19:00:56.098, 448.56, 450.00, 100, 2, 2310, 3105, 15588
2026/08/25 19:00:56.236, 448.56, 450.00, 100, 2, 2310, 3105, 15588
2026/08/25 19:00:56.338, 448.15, 450.00, 100, 2, 2310, 3105, 15588
2026/08/25 19:00:56.440, 448.15, 450.00, 100, 2, 2310, 3105, 15588
2026/08/25 19:00:56.543, 448.15, 450.00, 100, 2, 2310, 3105, 15588
2026/08/25 19:00:56.661, 448.15, 450.00, 100, 2, 2310, 3105, 15588
2026/08/25 19:00:56.766, 449.21, 450.00, 99, 81, 2235, 3105, 15588
2026/08/25 19:00:56.869, 449.21, 450.00, 99, 81, 2235, 3105, 15588
2026/08/25 19:00:56.971, 449.21, 450.00, 99, 81, 2235, 3105, 15588
2026/08/25 19:00:57.073, 449.21, 450.00, 99, 81, 2235, 3105, 15588
2026/08/25 19:00:57.175, 449.21, 450.00, 99, 81, 2235, 3105, 15588
2026/08/25 19:00:57.279, 450.08, 450.00, 100, 100, 2235, 3105, 15588
2026/08/25 19:00:57.384, 450.08, 450.00, 100, 100, 2235, 3105, 15588
2026/08/25 19:00:57.489, 450.08, 450.00, 100, 100, 2235, 3105, 15588
2026/08/25 19:00:57.591, 450.08, 450.00, 100, 100, 2235, 3105, 15588
2026/08/25 19:00:57.694, 450.08, 450.00, 100, 100, 2235, 3105, 15588
2026/08/25 19:00:57.796, 450.79, 450.00, 100, 2, 2325, 3105, 15588
2026/08/25 19:00:57.899, 450.79, 450.00, 100, 2, 2325, 3105, 15588
2026/08/25 19:00:58.001, 450.79, 450.00, 100, 2, 2325, 3105, 15588
2026/08/25 19:00:58.106, 450.79, 450.00, 100, 2, 2325, 3105, 15588
2026/08/25 19:00:58.210, 450.79, 450.00, 100, 2, 2325, 3105, 15588
2026/08/25 19:00:58.312, 450.64, 450.00, 100, 2, 2325, 3105, 15588
2026/08/25 19:00:58.414, 450.64, 450.00, 100, 2, 2325, 3105, 15588
2026/08/25 19:00:58.517, 450.64, 450.00, 100, 2, 2325, 3105, 15588
2026/08/25 19:00:58.621, 450.64, 450.00, 100, 2, 2325, 3105, 15588
2026/08/25 19:00:58.726, 450.64, 450.00, 100, 2, 2325, 3105, 15588
2026/08/25 19:00:58.829, 449.46, 450.00, 99, 37, 2280, 3105, 15588
2026/08/25 19:00:58.931, 449.46, 450.00, 99, 37, 2280, 3105, 15588
2026/08/25 19:00:59.033, 449.46, 450.00, 99, 37, 2280, 3105, 15588
2026/08/25 19:00:59.136, 449.46, 450.00, 99, 37, 2280, 3105, 15588
2026/08/25 19:00:59.240, 449.46, 450.00, 99, 37, 2280, 3105, 15588
2026/08/25 19:00:59.345, 447.15, 450.00, 99, 97, 2280, 3105, 15588
2026/08/25 19:00:59.449, 447.15, 450.00, 99, 97, 2280, 3105, 15588
2026/08/25 19:00:59.552, 447.15, 450.00, 99, 97, 2280, 3105, 15588
2026/08/25 19:00:59.654, 447.15, 450.00, 99, 97, 2280, 3105, 15588
2026/08/25 19:00:59.756, 447.15, 450.00, 99, 97, 2385, 3105, 15588
2026/08/25 19:00:59.860, 450.77, 450.00, 100, 12, 2385, 3105, 15588
2026/08/25 19:00:59.964, 450.77, 450.00, 100, 12, 2385, 3105, 15588
2026/08/25 19:01:00.069, 450.77, 450.00, 100, 12, 2385, 3105, 15588
2026/08/25 19:01:00.171, 450.77, 450.00, 100, 12, 2385, 3105, 15588
2026/08/25 19:01:00.274, 448.11, 450.00, 100, 2, 2385, 3105, 15588
2026/08/25 19:01:00.376, 448.11, 450.00, 100, 2, 2385, 3105, 15588
2026/08/25 19:01:00.479, 448.11, 450.00, 100, 2, 2385, 3105, 15588
2026/08/25 19:01:00.583, 448.11, 450.00, 100, 2, 2385, 3105, 15588
2026/08/25 19:01:00.690, 448.11, 450.00, 100, 2, 2385, 3105, 15588
2026/08/25 19:01:00.792, 447.23, 450.00, 100, 2, 2340, 3105, 15588
2026/08/25 19:01:00.894, 447.23, 450.00, 100, 2, 2340, 3105, 15588
2026/08/25 19:01:00.996, 447.23, 450.00, 100, 2, 2340, 3105, 15588
2026/08/25 19:01:01.098, 447.23, 450.00, 100, 2, 2340, 3105, 15588
2026/08/25 19:01:01.203, 447.23, 450.00, 100, 2, 2340, 3105, 15588
2026/08/25 19:01:01.310, 447.73, 450.00, 99, 100, 2340, 3105, 15588
2026/08/25 19:01:01.412, 447.73, 450.00, 99, 100, 2340, 3105, 15588
2026/08/25 19:01:01.514, 447.73, 450.00, 99, 100, 2340, 3105, 15588
2026/08/25 19:01:01.616, 447.73, 450.00, 99, 100, 2340, 3105, 15588
2026/08/25 19:01:01.719, 447.73, 450.00, 99, 100, 2340, 3105, 15588
2026/08/25 19:01:01.824, 449.72, 450.00, 100, 50, 2430, 3105, 15588
2026/08/25 19:01:01.928, 449.72, 450.00, 100, 50, 2430, 3105, 15588
2026/08/25 19:01:02.030, 449.72, 450.00, 100, 50, 2430, 3105, 15588
2026/08/25 19:01:02.132, 449.72, 450.00, 100, 50, 2430, 3105, 15588
2026/08/25 19:01:02.235, 449.72, 450.00, 100, 50, 2430, 3105, 15588
2026/08/25 19:01:02.337, 448.48, 450.00, 100, 2, 2430, 3105, 15588
2026/08/25 19:01:02.439, 448.48, 450.00, 100, 2, 2430, 3105, 15588
2026/08/25 19:01:02.544, 448.48, 450.00, 100, 2, 2430, 3105, 15588
2026/08/25 19:01:02.650, 448.48, 450.00, 100, 2, 2430, 3105, 15588
2026/08/25 19:01:02.752, 448.48, 450.00, 100, 2, 2430, 3105, 15588
2026/08/25 19:01:02.854, 448.30, 450.00, 100, 2, 2280, 3105, 15588
2026/08/25 19:01:02.956, 448.30, 450.00, 100, 2, 2280, 3105, 15588
2026/08/25 19:01:03.058, 448.30, 450.00, 100, 2, 2280, 3105, 15588
2026/08/25 19:01:03.163, 448.30, 450.00, 100, 2, 2280, 3105, 15588
2026/08/25 19:01:03.269, 446.67, 450.00, 99, 100, 2280, 3105, 15588
2026/08/25 19:01:03.371, 446.67, 450.00, 99, 100, 2280, 3105, 15588
2026/08/25 19:01:03.474, 446.67, 450.00, 99, 100, 2280, 3105, 15588
2026/08/25 19:01:03.576, 446.67, 450.00, 99, 100, 2280, 3105, 15588
2026/08/25 19:01:03.678, 446.67, 450.00, 99, 100, 2280, 3105, 15588
2026/08/25 19:01:03.783, 446.67, 450.00, 100, 100, 2340, 3105, 15588
2026/08/25 19:01:03.888, 446.67, 450.00, 100, 100, 2340, 3105, 15588
2026/08/25 19:01:04.019, 446.67, 450.00, 100, 100, 2340, 3105, 15588
2026/08/25 19:01:04.157, 446.67, 450.00, 100, 100, 2340, 3105, 15588
2026/08/25 19:01:04.260, 441.07, 450.00, 100, 1, 2340, 3105, 15588
2026/08/25 19:01:04.363, 441.07, 450.00, 100, 1, 2340, 3105, 15588
2026/08/25 19:01:04.467, 441.07, 450.00, 100, 1, 2340, 3105, 15588
2026/08/25 19:01:04.569, 441.07, 450.00, 100, 1, 2340, 3105, 15588
2026/08/25 19:01:04.672, 441.07, 450.00, 100, 1, 2340, 3105, 15588
2026/08/25 19:01:04.776, 444.99, 450.00, 100, 100, 2280, 3105, 15588
2026/08/25 19:01:04.878, 444.99, 450.00, 100, 100, 2280, 3105, 15588
2026/08/25 19:01:04.999, 444.99, 450.00, 100, 100, 2280, 3105, 15588
2026/08/25 19:01:05.136, 444.99, 450.00, 100, 100, 2280, 3105, 15588
2026/08/25 19:01:05.238, 444.99, 450.00, 100, 100, 2280, 3105, 15588
2026/08/25 19:01:05.341, 452.49, 450.00, 100, 1, 2280, 3105, 15588
2026/08/25 19:01:05.444, 452.49, 450.00, 100, 1, 2280, 3105, 15588
2026/08/25 19:01:05.547, 452.49, 450.00, 100, 1, 2280, 3105, 15588
2026/08/25 19:01:05.649, 452.49, 450.00, 100, 1, 2280, 3105, 15588
2026/08/25 19:01:05.754, 452.49, 450.00, 100, 1, 2280, 3105, 15588
2026/08/25 19:01:05.894, 446.69, 450.00, 100, 96, 2460, 3105, 15588
2026/08/25 19:01:06.033, 446.69, 450.00, 100, 96, 2460, 3105, 15588
2026/08/25 19:01:06.135, 446.69, 450.00, 100, 96, 2460, 3105, 15588
2026/08/25 19:01:06.237, 446.69, 450.00, 100, 96, 2460, 3105, 15588
2026/08/25 19:01:06.341, 450.22, 450.00, 100, 1, 2460, 3105, 15588
2026/08/25 19:01:06.448, 450.22, 450.00, 100, 1, 2460, 3105, 15588
2026/08/25 19:01:06.550, 450.22, 450.00, 100, 1, 2460, 3105, 15588
2026/08/25 19:01:06.654, 450.22, 450.00, 100, 1, 2460, 3105, 15588
2026/08/25 19:01:06.757, 450.22, 450.00, 100, 1, 2460, 3105, 15588
2026/08/25 19:01:06.862, 442.73, 450.00, 100, 100, 2610, 3105, 15588
2026/08/25 19:01:06.965, 442.73, 450.00, 100, 100, 2610, 3105, 15588
2026/08/25 19:01:07.067, 442.73, 450.00, 100, 100, 2610, 3105, 15588
2026/08/25 19:01:07.170, 442.73, 450.00, 100, 100, 2610, 3105, 15588
2026/08/25 19:01:07.272, 442.73, 450.00, 100, 100, 2610, 3105, 15588
2026/08/25 19:01:07.374, 452.05, 450.00, 100, 1, 2610, 3105, 15588
2026/08/25 19:01:07.476, 452.05, 450.00, 100, 1, 2610, 3105, 15588
2026/08/25 19:01:07.581, 452.05, 450.00, 100, 1, 2610, 3105, 15588
2026/08/25 19:01:07.686, 452.05, 450.00, 100, 1, 2610, 3105, 15588
2026/08/25 19:01:07.790, 452.05, 450.00, 100, 1, 2610, 3105, 15588
2026/08/25 19:01:07.892, 445.39, 450.00, 100, 74, 2430, 3105, 15588
2026/08/25 19:01:07.994, 445.39, 450.00, 100, 74, 2430, 3105, 15588
2026/08/25 19:01:08.096, 445.39, 450.00, 100, 74, 2430, 3105, 15588
2026/08/25 19:01:08.198, 445.39, 450.00, 100, 74, 2430, 3105, 15588
2026/08/25 19:01:08.301, 450.72, 450.00, 100, 1, 2430, 3105, 15588
2026/08/25 19:01:08.406, 450.72, 450.00, 100, 1, 2430, 3105, 15588
2026/08/25 19:01:08.510, 450.72, 450.00, 100, 1, 2430, 3105, 15588
2026/08/25 19:01:08.612, 450.72, 450.00, 100, 1, 2430, 3105, 15588
2026/08/25 19:01:08.717, 450.72, 450.00, 100, 1, 2430, 3105, 15588
2026/08/25 19:01:08.833, 446.75, 450.00, 100, 7, 2460, 3105, 15588
2026/08/25 19:01:08.935, 446.75, 450.00, 100, 7, 2460, 3105, 15588
2026/08/25 19:01:09.037, 446.75, 450.00, 100, 7, 2460, 3105, 15588
2026/08/25 19:01:09.140, 446.75, 450.00, 100, 7, 2460, 3105, 15588
2026/08/25 19:01:09.243, 446.75, 450.00, 100, 7, 2460, 3105, 15588
2026/08/25 19:01:09.346, 449.05, 450.00, 100, 1, 2460, 3105, 15588
2026/08/25 19:01:09.451, 449.05, 450.00, 100, 1, 2460, 3105, 15588
2026/08/25 19:01:09.553, 449.05, 450.00, 100, 1, 2460, 3105, 15588
2026/08/25 19:01:09.680, 449.05, 450.00, 100, 1, 2460, 3105, 15588
2026/08/25 19:01:09.813, 450.90, 450.00, 100, 1, 2460, 3105, 15588
2026/08/25 19:01:09.915, 450.90, 450.00, 100, 1, 2460, 3105, 15588
2026/08/25 19:01:10.017, 450.90, 450.00, 100, 1, 2460, 3105, 15588
2026/08/25 19:01:10.120, 450.90, 450.00, 100, 1, 2460, 3105, 15588
2026/08/25 19:01:10.223, 450.90, 450.00, 100, 1, 2460, 3105, 15588
2026/08/25 19:01:10.325, 449.47, 450.00, 100, 1, 2460, 3105, 15588
2026/08/25 19:01:10.429, 449.47, 450.00, 100, 1, 2460, 3105, 15588
2026/08/25 19:01:10.534, 449.47, 450.00, 100, 1, 2460, 3105, 15588
2026/08/25 19:01:10.654, 449.47, 450.00, 100, 1, 2460, 3105, 15588
2026/08/25 19:01:10.756, 449.47, 450.00, 100, 1, 2460, 3105, 15588
2026/08/25 19:01:10.859, 448.37, 450.00, 100, 1, 2430, 3105, 15588
2026/08/25 19:01:10.963, 448.37, 450.00, 100, 1, 2430, 3105, 15588
2026/08/25 19:01:11.065, 448.37, 450.00, 100, 1, 2430, 3105, 15588
2026/08/25 19:01:11.167, 448.37, 450.00, 100, 1, 2430, 3105, 15588
2026/08/25 19:01:11.269, 448.37, 450.00, 100, 1, 2430, 3105, 15588
2026/08/25 19:01:11.373, 445.76, 450.00, 100, 26, 2430, 3105, 15588
2026/08/25 19:01:11.477, 445.76, 450.00, 100, 26, 2430, 3105, 15588
2026/08/25 19:01:11.580, 445.76, 450.00, 100, 26, 2430, 3105, 15588
2026/08/25 19:01:11.684, 445.76, 450.00, 100, 26, 2430, 3105, 15588
2026/08/25 19:01:11.786, 445.76, 450.00, 100, 26, 2430, 3105, 15588
2026/08/25 19:01:11.888, 451.81, 450.00, 100, 1, 2460, 3105, 15588
2026/08/25 19:01:11.990, 451.81, 450.00, 100, 1, 2460, 3105, 15588
2026/08/25 19:01:12.093, 451.81, 450.00, 100, 1, 2460, 3105, 15588
2026/08/25 19:01:12.195, 451.81, 450.00, 100, 1, 2460, 3105, 15588
2026/08/25 19:01:12.299, 451.48, 450.00, 100, 96, 2460, 3105, 15588
2026/08/25 19:01:12.403, 451.48, 450.00, 100, 96, 2460, 3105, 15588
2026/08/25 19:01:12.554, 451.48, 450.00, 100, 96, 2460, 3105, 15588
2026/08/25 19:01:12.656, 451.48, 450.00, 100, 96, 2460, 3105, 15588
2026/08/25 19:01:12.759, 451.48, 450.00, 100, 96, 2460, 3105, 15588
2026/08/25 19:01:12.862, 449.74, 450.00, 100, 1, 2445, 3105, 15588
2026/08/25 19:01:12.965, 449.74, 450.00, 100, 1, 2445, 3105, 15588
2026/08/25 19:01:13.067, 449.74, 450.00, 100, 1, 2445, 3105, 15588
2026/08/25 19:01:13.169, 449.74, 450.00, 100, 1, 2445, 3105, 15588
2026/08/25 19:01:13.273, 449.74, 450.00, 100, 1, 2445, 3105, 15588
2026/08/25 19:01:13.396, 449.15, 450.00, 100, 100, 2445, 3105, 15588
2026/08/25 19:01:13.534, 449.15, 450.00, 100, 100, 2445, 3105, 15588
2026/08/25 19:01:13.636, 449.15, 450.00, 100, 100, 2445, 3105, 15588
2026/08/25 19:01:13.739, 449.15, 450.00, 100, 100, 2445, 3105, 15588
2026/08/25 19:01:13.842, 450.07, 450.00, 100, 1, 2445, 3105, 15588
2026/08/25 19:01:13.944, 450.07, 450.00, 100, 1, 2445, 3105, 15588
2026/08/25 19:01:14.046, 450.07, 450.00, 100, 1, 2445, 3105, 15588
2026/08/25 19:01:14.148, 450.07, 450.00, 100, 1, 2445, 3105, 15588
2026/08/25 19:01:14.292, 450.07, 450.00, 100, 1, 2445, 3105, 15588
2026/08/25 19:01:14.431, 446.61, 450.00, 100, 96, 2445, 3105, 15588
2026/08/25 19:01:14.533, 446.61, 450.00, 100, 96, 2445, 3105, 15588
2026/08/25 19:01:14.635, 446.61, 450.00, 100, 96, 2445, 3105, 15588
2026/08/25 19:01:14.738, 446.61, 450.00, 100, 96, 2445, 3105, 15588
2026/08/25 19:01:14.845, 448.39, 450.00, 100, 1, 2430, 3105, 15588
2026/08/25 19:01:14.947, 448.39, 450.00, 100, 1, 2430, 3105, 15588
2026/08/25 19:01:15.049, 448.39, 450.00, 100, 1, 2430, 3105, 15588
2026/08/25 19:01:15.153, 448.39, 450.00, 100, 1, 2430, 3105, 15588
2026/08/25 19:01:15.259, 448.39, 450.00, 100, 1, 2430, 3105, 15588
2026/08/25 19:01:15.362, 444.11, 450.00, 100, 100, 2430, 3105, 15588
2026/08/25 19:01:15.489, 444.11, 450.00, 100, 100, 2430, 3105, 15588
2026/08/25 19:01:15.592, 444.11, 450.00, 100, 100, 2430, 3105, 15588
2026/08/25 19:01:15.694, 444.11, 450.00, 100, 100, 2430, 3105, 15588
2026/08/25 19:01:15.796, 444.11, 450.00, 100, 100, 2430, 3105, 15588
2026/08/25 19:01:15.899, 451.65, 450.00, 100, 1, 2400, 3105, 15588
2026/08/25 19:01:16.001, 451.65, 450.00, 100, 1, 2400, 3105, 15588
2026/08/25 19:01:16.106, 451.65, 450.00, 100, 1, 2400, 3105, 15588
2026/08/25 19:01:16.254, 451.65, 450.00, 100, 1, 2400, 3105, 15588
2026/08/25 19:01:16.390, 445.14, 450.00, 100, 49, 2400, 3105, 15588
2026/08/25 19:01:16.492, 445.14, 450.00, 100, 49, 2400, 3105, 15588
2026/08/25 19:01:16.594, 445.14, 450.00, 100, 49, 2400, 3105, 15588
2026/08/25 19:01:16.697, 445.14, 450.00, 100, 49, 2400, 3105, 15588
2026/08/25 19:01:16.800, 445.14, 450.00, 100, 49, 2400, 3105, 15588
2026/08/25 19:01:16.904, 448.82, 450.00, 100, 1, 2400, 3105, 15588
2026/08/25 19:01:17.007, 448.82, 450.00, 100, 1, 2400, 3105, 15588
2026/08/25 19:01:17.110, 448.82, 450.00, 100, 1, 2400, 3105, 15588
2026/08/25 19:01:17.230, 448.82, 450.00, 100, 1, 2400, 3105, 15588
2026/08/25 19:01:17.333, 451.01, 450.00, 100, 1, 2400, 3105, 15588
2026/08/25 19:01:17.435, 451.01, 450.00, 100, 1, 2400, 3105, 15588
2026/08/25 19:01:17.538, 451.01, 450.00, 100, 1, 2400, 3105, 15588
2026/08/25 19:01:17.641, 451.01, 450.00, 100, 1, 2400, 3105, 15588
2026/08/25 19:01:17.743, 451.01, 450.00, 100, 1, 2400, 3105, 15588
2026/08/25 19:01:17.845, 449.03, 450.00, 100, 1, 2475, 3105, 15588
2026/08/25 19:01:17.949, 449.03, 450.00, 100, 1, 2475, 3105, 15588
2026/08/25 19:01:18.072, 449.03, 450.00, 100, 1, 2475, 3105, 15588
2026/08/25 19:01:18.175, 449.03, 450.00, 100, 1, 2475, 3105, 15588
2026/08/25 19:01:18.278, 449.03, 450.00, 100, 1, 2475, 3105, 15588
2026/08/25 19:01:18.380, 445.35, 450.00, 100, 1, 2475, 3105, 15588
2026/08/25 19:01:18.482, 445.35, 450.00, 100, 1, 2475, 3105, 15588
2026/08/25 19:01:18.584, 445.35, 450.00, 100, 1, 2475, 3105, 15588
2026/08/25 19:01:18.686, 445.35, 450.00, 100, 1, 2475, 3105, 15588
2026/08/25 19:01:18.788, 445.35, 450.00, 100, 1, 2475, 3105, 15588
2026/08/25 19:01:18.891, 449.29, 450.00, 100, 1, 2445, 3105, 15588
2026/08/25 19:01:18.994, 449.29, 450.00, 100, 1, 2445, 3105, 15588
2026/08/25 19:01:19.134, 449.29, 450.00, 100, 1, 2445, 3105, 15588
2026/08/25 19:01:19.238, 449.29, 450.00, 100, 1, 2445, 3105, 15588
2026/08/25 19:01:19.343, 451.81, 450.00, 100, 1, 2445, 3105, 15588
2026/08/25 19:01:19.445, 451.81, 450.00, 100, 1, 2445, 3105, 15588
2026/08/25 19:01:19.547, 451.81, 450.00, 100, 1, 2445, 3105, 15588
2026/08/25 19:01:19.649, 451.81, 450.00, 100, 1, 2445, 3105, 15588
2026/08/25 19:01:19.751, 451.81, 450.00, 100, 1, 2445, 3105, 15588
2026/08/25 19:01:19.855, 450.07, 450.00, 100, 22, 2340, 3105, 15588
2026/08/25 19:01:19.960, 450.07, 450.00, 100, 22, 2340, 3105, 15588
2026/08/25 19:01:20.112, 450.07, 450.00, 100, 22, 2340, 3105, 15588
2026/08/25 19:01:20.214, 450.07, 450.00, 100, 22, 2340, 3105, 15588
2026/08/25 19:01:20.317, 450.07, 450.00, 100, 22, 2340, 3105, 15588
2026/08/25 19:01:20.419, 449.57, 450.00, 100, 1, 2340, 3105, 15588
2026/08/25 19:01:20.522, 449.57, 450.00, 100, 1, 2340, 3105, 15588
2026/08/25 19:01:20.625, 449.57, 450.00, 100, 1, 2340, 3105, 15588
2026/08/25 19:01:20.727, 449.57, 450.00, 100, 1, 2340, 3105, 15588
2026/08/25 19:01:20.831, 449.57, 450.00, 100, 1, 2430, 3105, 15588
2026/08/25 19:01:20.937, 447.10, 450.00, 100, 96, 2430, 3105, 15588
2026/08/25 19:01:21.085, 447.10, 450.00, 100, 96, 2430, 3105, 15588
2026/08/25 19:01:21.187, 447.10, 450.00, 100, 96, 2430, 3105, 15588
2026/08/25 19:01:21.289, 447.10, 450.00, 100, 96, 2430, 3105, 15588
2026/08/25 19:01:21.391, 451.18, 450.00, 100, 1, 2430, 3105, 15588
2026/08/25 19:01:21.493, 451.18, 450.00, 100, 1, 2430, 3105, 15588
2026/08/25 19:01:21.596, 451.18, 450.00, 100, 1, 2430, 3105, 15588
2026/08/25 19:01:21.700, 451.18, 450.00, 100, 1, 2430, 3105, 15588
2026/08/25 19:01:21.803, 451.18, 450.00, 100, 1, 2430, 3105, 15588
2026/08/25 19:01:21.933, 445.52, 450.00, 100, 100, 2325, 3105, 15588
2026/08/25 19:01:22.072, 445.52, 450.00, 100, 100, 2325, 3105, 15588
2026/08/25 19:01:22.175, 445.52, 450.00, 100, 100, 2325, 3105, 15588
2026/08/25 19:01:22.278, 445.52, 450.00, 100, 100, 2325, 3105, 15588
2026/08/25 19:01:22.380, 449.74, 450.00, 100, 1, 2325, 3105, 15588
2026/08/25 19:01:22.482, 449.74, 450.00, 100, 1, 2325, 3105, 15588
2026/08/25 19:01:22.584, 449.74, 450.00, 100, 1, 2325, 3105, 15588
2026/08/25 19:01:22.688, 449.74, 450.00, 100, 1, 2325, 3105, 15588
2026/08/25 19:01:22.792, 449.74, 450.00, 100, 1, 2325, 3105, 15588
2026/08/25 19:01:22.912, 443.04, 450.00, 100, 98, 2640, 3105, 15588
2026/08/25 19:01:23.014, 443.04, 450.00, 100, 98, 2640, 3105, 15588
2026/08/25 19:01:23.118, 443.04, 450.00, 100, 98, 2640, 3105, 15588
2026/08/25 19:01:23.221, 443.04, 450.00, 100, 98, 2640, 3105, 15588
2026/08/25 19:01:23.324, 443.04, 450.00, 100, 98, 2640, 3105, 15588
2026/08/25 19:01:23.426, 453.24, 450.00, 100, 1, 2640, 3105, 15588
2026/08/25 19:01:23.528, 453.24, 450.00, 100, 1, 2640, 3105, 15588
2026/08/25 19:01:23.632, 453.24, 450.00, 100, 1, 2640, 3105, 15588
2026/08/25 19:01:23.737, 453.24, 450.00, 100, 1, 2640, 3105, 15588
2026/08/25 19:01:23.844, 446.11, 450.00, 100, 100, 2400, 3105, 15588
2026/08/25 19:01:23.951, 446.11, 450.00, 100, 100, 2400, 3105, 15588
2026/08/25 19:01:24.053, 446.11, 450.00, 100, 100, 2400, 3105, 15588
2026/08/25 19:01:24.156, 446.11, 450.00, 100, 100, 2400, 3105, 15588
2026/08/25 19:01:24.259, 446.11, 450.00, 100, 100, 2400, 3105, 15588
2026/08/25 19:01:24.361, 449.06, 450.00, 100, 1, 2400, 3105, 15588
2026/08/25 19:01:24.463, 449.06, 450.00, 100, 1, 2400, 3105, 15588
2026/08/25 19:01:24.567, 449.06, 450.00, 100, 1, 2400, 3105, 15588
2026/08/25 19:01:24.669, 449.06, 450.00, 100, 1, 2400, 3105, 15588
2026/08/25 19:01:24.789, 449.06, 450.00, 100, 1, 2400, 3105, 15588
2026/08/25 19:01:24.927, 453.36, 450.00, 100, 64, 2370, 3105, 15588
2026/08/25 19:01:25.029, 453.36, 450.00, 100, 64, 2370, 3105, 15588
2026/08/25 19:01:25.132, 453.36, 450.00, 100, 64, 2370, 3105, 15588
2026/08/25 19:01:25.236, 453.36, 450.00, 100, 64, 2370, 3105, 15588
2026/08/25 19:01:25.338, 448.66, 450.00, 100, 1, 2370, 3105, 15588
2026/08/25 19:01:25.441, 448.66, 450.00, 100, 1, 2370, 3105, 15588
2026/08/25 19:01:25.545, 448.66, 450.00, 100, 1, 2370, 3105, 15588
2026/08/25 19:01:25.649, 448.66, 450.00, 100, 1, 2370, 3105, 15588
2026/08/25 19:01:25.752, 448.66, 450.00, 100, 1, 2370, 3105, 15588
2026/08/25 19:01:25.856, 450.23, 450.00, 100, 1, 2415, 3105, 15588
2026/08/25 19:01:25.960, 450.23, 450.00, 100, 1, 2415, 3105, 15588
2026/08/25 19:01:26.062, 450.23, 450.00, 100, 1, 2415, 3105, 15588
2026/08/25 19:01:26.165, 450.23, 450.00, 100, 1, 2415, 3105, 15588
2026/08/25 19:01:26.267, 450.23, 450.00, 100, 1, 2415, 3105, 15588
2026/08/25 19:01:26.369, 448.63, 450.00, 100, 5, 2415, 3105, 15588
2026/08/25 19:01:26.473, 448.63, 450.00, 100, 5, 2415, 3105, 15588
2026/08/25 19:01:26.578, 448.63, 450.00, 100, 5, 2415, 3105, 15588
2026/08/25 19:01:26.692, 448.63, 450.00, 100, 5, 2415, 3105, 15588
2026/08/25 19:01:26.831, 448.63, 450.00, 100, 5, 2415, 3105, 15588
2026/08/25 19:01:26.933, 450.52, 450.00, 100, 1, 2445, 3105, 15588
2026/08/25 19:01:27.036, 450.52, 450.00, 100, 1, 2445, 3105, 15588
2026/08/25 19:01:27.140, 450.52, 450.00, 100, 1, 2445, 3105, 15588
2026/08/25 19:01:27.242, 450.52, 450.00, 100, 1, 2445, 3105, 15588
2026/08/25 19:01:27.344, 449.51, 450.00, 100, 63, 2445, 3105, 15588
2026/08/25 19:01:27.448, 449.51, 450.00, 100, 63, 2445, 3105, 15588
2026/08/25 19:01:27.588, 449.51, 450.00, 100, 63, 2445, 3105, 15588
2026/08/25 19:01:27.690, 449.51, 450.00, 100, 63, 2445, 3105, 15588
2026/08/25 19:01:27.809, 449.51, 450.00, 100, 63, 2445, 3105, 15588
2026/08/25 19:01:27.949, 447.53, 450.00, 100, 1, 2460, 3105, 15588
2026/08/25 19:01:28.052, 447.53, 450.00, 100, 1, 2460, 3105, 15588
2026/08/25 19:01:28.155, 447.53, 450.00, 100, 1, 2460, 3105, 15588
2026/08/25 19:01:28.257, 447.53, 450.00, 100, 1, 2460, 3105, 15588
2026/08/25 19:01:28.361, 447.41, 450.00, 100, 100, 2460, 3105, 15588
2026/08/25 19:01:28.466, 447.41, 450.00, 100, 100, 2460, 3105, 15588
2026/08/25 19:01:28.571, 447.41, 450.00, 100, 100, 2460, 3105, 15588
2026/08/25 19:01:28.708, 447.41, 450.00, 100, 100, 2460, 3105, 15588
2026/08/25 19:01:28.810, 447.41, 450.00, 100, 100, 2460, 3105, 15588
2026/08/25 19:01:28.913, 449.86, 450.00, 100, 1, 2445, 3105, 15588
2026/08/25 19:01:29.017, 449.86, 450.00, 100, 1, 2445, 3105, 15588
2026/08/25 19:01:29.120, 449.86, 450.00, 100, 1, 2445, 3105, 15588
2026/08/25 19:01:29.222, 449.86, 450.00, 100, 1, 2445, 3105, 15588
2026/08/25 19:01:29.351, 446.32, 450.00, 100, 98, 2445, 3105, 15588
2026/08/25 19:01:29.491, 446.32, 450.00, 100, 98, 2445, 3105, 15588
2026/08/25 19:01:29.628, 446.32, 450.00, 100, 98, 2445, 3105, 15588
2026/08/25 19:01:29.731, 446.32, 450.00, 100, 98, 2445, 3105, 15588
2026/08/25 19:01:29.835, 446.32, 450.00, 100, 98, 2445, 3105, 15588
2026/08/25 19:01:29.937, 449.83, 450.00, 100, 1, 2400, 3105, 15588
2026/08/25 19:01:30.040, 449.83, 450.00, 100, 1, 2400, 3105, 15588
2026/08/25 19:01:30.143, 449.83, 450.00, 100, 1, 2400, 3105, 15588
2026/08/25 19:01:30.246, 449.83, 450.00, 100, 1, 2400, 3105, 15588
2026/08/25 19:01:30.350, 449.83, 450.00, 100, 1, 2400, 3105, 15588
2026/08/25 19:01:30.465, 444.77, 450.00, 100, 100, 2400, 3105, 15588
2026/08/25 19:01:30.567, 444.77, 450.00, 100, 100, 2400, 3105, 15588
2026/08/25 19:01:30.669, 444.77, 450.00, 100, 100, 2400, 3105, 15588
2026/08/25 19:01:30.771, 444.77, 450.00, 100, 100, 2400, 3105, 15588
2026/08/25 19:01:30.874, 451.03, 450.00, 100, 1, 2415, 3105, 15588
2026/08/25 19:01:30.979, 451.03, 450.00, 100, 1, 2415, 3105, 15588
2026/08/25 19:01:31.081, 451.03, 450.00, 100, 1, 2415, 3105, 15588
2026/08/25 19:01:31.185, 451.03, 450.00, 100, 1, 2415, 3105, 15588
2026/08/25 19:01:31.289, 451.03, 450.00, 100, 1, 2415, 3105, 15588
2026/08/25 19:01:31.395, 445.71, 450.00, 100, 74, 2415, 3105, 15588
2026/08/25 19:01:31.507, 445.71, 450.00, 100, 74, 2415, 3105, 15588
2026/08/25 19:01:31.609, 445.71, 450.00, 100, 74, 2415, 3105, 15588
2026/08/25 19:01:31.711, 445.71, 450.00, 100, 74, 2415, 3105, 15588
2026/08/25 19:01:31.814, 445.71, 450.00, 100, 74, 2415, 3105, 15588
2026/08/25 19:01:31.916, 449.31, 450.00, 100, 1, 2445, 3105, 15588
2026/08/25 19:01:32.019, 449.31, 450.00, 100, 1, 2445, 3105, 15588
2026/08/25 19:01:32.123, 449.31, 450.00, 100, 1, 2445, 3105, 15588
2026/08/25 19:01:32.227, 449.31, 450.00, 100, 1, 2445, 3105, 15588
2026/08/25 19:01:32.330, 449.31, 450.00, 100, 1, 2445, 3105, 15588
2026/08/25 19:01:32.434, 451.89, 450.00, 100, 6, 2445, 3105, 15588
2026/08/25 19:01:32.536, 451.89, 450.00, 100, 6, 2445, 3105, 15588
2026/08/25 19:01:32.640, 451.89, 450.00, 100, 6, 2445, 3105, 15588
2026/08/25 19:01:32.742, 451.89, 450.00, 100, 6, 2445, 3105, 15588
2026/08/25 19:01:32.844, 451.89, 450.00, 100, 6, 2445, 3105, 15588
2026/08/25 19:01:32.946, 449.97, 450.00, 100, 1, 2460, 3105, 15588
2026/08/25 19:01:33.048, 449.97, 450.00, 100, 1, 2460, 3105, 15588
2026/08/25 19:01:33.186, 449.97, 450.00, 100, 1, 2460, 3105, 15588
2026/08/25 19:01:33.288, 449.97, 450.00, 100, 1, 2460, 3105, 15588
2026/08/25 19:01:33.409, 453.95, 450.00, 100, 1, 2460, 3105, 15588
2026/08/25 19:01:33.512, 453.95, 450.00, 100, 1, 2460, 3105, 15588
2026/08/25 19:01:33.615, 453.95, 450.00, 100, 1, 2460, 3105, 15588
2026/08/25 19:01:33.718, 453.95, 450.00, 100, 1, 2460, 3105, 15588
2026/08/25 19:01:33.820, 453.95, 450.00, 100, 1, 2460, 3105, 15588
2026/08/25 19:01:33.922, 449.89, 450.00, 100, 1, 2400, 3105, 15588
2026/08/25 19:01:34.026, 449.89, 450.00, 100, 1, 2400, 3105, 15588
2026/08/25 19:01:34.166, 449.89, 450.00, 100, 1, 2400, 3105, 15588
2026/08/25 19:01:34.305, 449.89, 450.00, 100, 1, 2400, 3105, 15588
2026/08/25 19:01:34.407, 448.82, 450.00, 100, 1, 2400, 3105, 15588
2026/08/25 19:01:34.509, 448.82, 450.00, 100, 1, 2400, 3105, 15588
2026/08/25 19:01:34.612, 448.82, 450.00, 100, 1, 2400, 3105, 15588
2026/08/25 19:01:34.715, 448.82, 450.00, 100, 1, 2400, 3105, 15588
2026/08/25 19:01:34.818, 448.82, 450.00, 100, 1, 2400, 3105, 15588
2026/08/25 19:01:34.920, 447.59, 450.00, 100, 16, 2490, 3105, 15588
2026/08/25 19:01:35.023, 447.59, 450.00, 100, 16, 2490, 3105, 15588
2026/08/25 19:01:35.147, 447.59, 450.00, 100, 16, 2490, 3105, 15588
2026/08/25 19:01:35.285, 447.59, 450.00, 100, 16, 2490, 3105, 15588
2026/08/25 19:01:35.387, 449.36, 450.00, 100, 1, 2490, 3105, 15588
2026/08/25 19:01:35.489, 449.36, 450.00, 100, 1, 2490, 3105, 15588
2026/08/25 19:01:35.592, 449.36, 450.00, 100, 1, 2490, 3105, 15588
2026/08/25 19:01:35.694, 449.36, 450.00, 100, 1, 2490, 3105, 15588
2026/08/25 19:01:35.798, 449.36, 450.00, 100, 1, 2490, 3105, 15588
2026/08/25 19:01:35.902, 449.33, 450.00, 100, 84, 2355, 3105, 15588
2026/08/25 19:01:36.004, 449.33, 450.00, 100, 84, 2355, 3105, 15588
2026/08/25 19:01:36.106, 449.33, 450.00, 100, 84, 2355, 3105, 15588
2026/08/25 19:01:36.211, 449.33, 450.00, 100, 84, 2355, 3105, 15588
2026/08/25 19:01:36.314, 449.33, 450.00, 100, 84, 2355, 3105, 15588
2026/08/25 19:01:36.417, 448.88, 450.00, 100, 1, 2355, 3105, 15588
2026/08/25 19:01:36.519, 448.88, 450.00, 100, 1, 2355, 3105, 15588
2026/08/25 19:01:36.621, 448.88, 450.00, 100, 1, 2355, 3105, 15588
2026/08/25 19:01:36.723, 448.88, 450.00, 100, 1, 2355, 3105, 15588
2026/08/25 19:01:36.828, 448.88, 450.00, 100, 1, 2355, 3105, 15588
2026/08/25 19:01:36.933, 449.05, 450.00, 100, 100, 2130, 3105, 15588
2026/08/25 19:01:37.054, 449.05, 450.00, 100, 100, 2130, 3105, 15588
2026/08/25 19:01:37.187, 449.05, 450.00, 100, 100, 2130, 3105, 15588
2026/08/25 19:01:37.289, 449.05, 450.00, 100, 100, 2130, 3105, 15588
2026/08/25 19:01:37.392, 450.86, 450.00, 100, 1, 2130, 3105, 15588
2026/08/25 19:01:37.497, 450.86, 450.00, 100, 1, 2130, 3105, 15588
2026/08/25 19:01:37.599, 450.86, 450.00, 100, 1, 2130, 3105, 15588
2026/08/25 19:01:37.701, 450.86, 450.00, 100, 1, 2130, 3105, 15588
2026/08/25 19:01:37.805, 450.86, 450.00, 100, 1, 2130, 3105, 15588
2026/08/25 19:01:37.946, 444.63, 450.00, 100, 97, 2400, 3105, 15588
2026/08/25 19:01:38.083, 444.63, 450.00, 100, 97, 2400, 3105, 15588
2026/08/25 19:01:38.185, 444.63, 450.00, 100, 97, 2400, 3105, 15588
2026/08/25 19:01:38.287, 444.63, 450.00, 100, 97, 2400, 3105, 15588
2026/08/25 19:01:38.390, 450.00, 450.00, 100, 1, 2400, 3105, 15588
2026/08/25 19:01:38.493, 450.00, 450.00, 100, 1, 2400, 3105, 15588
2026/08/25 19:01:38.597, 450.00, 450.00, 100, 1, 2400, 3105, 15588
2026/08/25 19:01:38.701, 450.00, 450.00, 100, 1, 2400, 3105, 15588
2026/08/25 19:01:38.803, 450.00, 450.00, 100, 1, 2400, 3105, 15588
2026/08/25 19:01:38.907, 441.97, 450.00, 100, 100, 2625, 3105, 15588
2026/08/25 19:01:39.010, 441.97, 450.00, 100, 100, 2625, 3105, 15588
2026/08/25 19:01:39.113, 441.97, 450.00, 100, 100, 2625, 3105, 15588
2026/08/25 19:01:39.215, 441.97, 450.00, 100, 100, 2625, 3105, 15588
2026/08/25 19:01:39.317, 441.97, 450.00, 100, 100, 2625, 3105, 15588
2026/08/25 19:01:39.420, 451.64, 450.00, 100, 1, 2625, 3105, 15588
2026/08/25 19:01:39.522, 451.64, 450.00, 100, 1, 2625, 3105, 15588
2026/08/25 19:01:39.625, 451.64, 450.00, 100, 1, 2625, 3105, 15588
2026/08/25 19:01:39.728, 451.64, 450.00, 100, 1, 2625, 3105, 15588
2026/08/25 19:01:39.851, 445.10, 450.00, 100, 35, 2430, 3105, 15588
2026/08/25 19:01:39.986, 445.10, 450.00, 100, 35, 2430, 3105, 15588
2026/08/25 19:01:40.088, 445.10, 450.00, 100, 35, 2430, 3105, 15588
2026/08/25 19:01:40.191, 445.10, 450.00, 100, 35, 2430, 3105, 15588
2026/08/25 19:01:40.294, 445.10, 450.00, 100, 35, 2430, 3105, 15588
2026/08/25 19:01:40.396, 451.12, 450.00, 100, 1, 2430, 3105, 15588
2026/08/25 19:01:40.498, 451.12, 450.00, 100, 1, 2430, 3105, 15588
2026/08/25 19:01:40.602, 451.12, 450.00, 100, 1, 2430, 3105, 15588
2026/08/25 19:01:40.745, 451.12, 450.00, 100, 1, 2430, 3105, 15588
2026/08/25 19:01:40.882, 447.09, 450.00, 100, 1, 2385, 3105, 15588
2026/08/25 19:01:40.984, 447.09, 450.00, 100, 1, 2385, 3105, 15588
2026/08/25 19:01:41.086, 447.09, 450.00, 100, 1, 2385, 3105, 15588
2026/08/25 19:01:41.189, 447.09, 450.00, 100, 1, 2385, 3105, 15588
2026/08/25 19:01:41.292, 447.09, 450.00, 100, 1, 2385, 3105, 15588
2026/08/25 19:01:41.394, 449.10, 450.00, 100, 1, 2385, 3105, 15588
2026/08/25 19:01:41.497, 449.10, 450.00, 100, 1, 2385, 3105, 15588
2026/08/25 19:01:41.600, 449.10, 450.00, 100, 1, 2385, 3105, 15588
2026/08/25 19:01:41.723, 449.10, 450.00, 100, 1, 2385, 3105, 15588
2026/08/25 19:01:41.864, 449.61, 450.00, 100, 1, 2415, 3105, 15588
2026/08/25 19:01:41.966, 449.61, 450.00, 100, 1, 2415, 3105, 15588
2026/08/25 19:01:42.068, 449.61, 450.00, 100, 1, 2415, 3105, 15588
2026/08/25 19:01:42.171, 449.61, 450.00, 100, 1, 2415, 3105, 15588
2026/08/25 19:01:42.274, 449.61, 450.00, 100, 1, 2415, 3105, 15588
2026/08/25 19:01:42.377, 447.96, 450.00, 100, 5, 2415, 3105, 15588
2026/08/25 19:01:42.480, 447.96, 450.00, 100, 5, 2415, 3105, 15588
2026/08/25 19:01:42.583, 447.96, 450.00, 100, 5, 2415, 3105, 15588
2026/08/25 19:01:42.685, 447.96, 450.00, 100, 5, 2415, 3105, 15588
2026/08/25 19:01:42.787, 447.96, 450.00, 100, 5, 2415, 3105, 15588
2026/08/25 19:01:42.890, 447.07, 450.00, 100, 1, 2460, 3105, 15588
2026/08/25 19:01:42.993, 447.07, 450.00, 100, 1, 2460, 3105, 15588
2026/08/25 19:01:43.095, 447.07, 450.00, 100, 1, 2460, 3105, 15588
2026/08/25 19:01:43.198, 447.07, 450.00, 100, 1, 2460, 3105, 15588
2026/08/25 19:01:43.300, 447.07, 450.00, 100, 1, 2460, 3105, 15588
2026/08/25 19:01:43.404, 449.40, 450.00, 100, 66, 2460, 3105, 15588
2026/08/25 19:01:43.509, 449.40, 450.00, 100, 66, 2460, 3105, 15588
2026/08/25 19:01:43.627, 449.40, 450.00, 100, 66, 2460, 3105, 15588
2026/08/25 19:01:43.764, 449.40, 450.00, 100, 66, 2460, 3105, 15588
2026/08/25 19:01:43.867, 449.84, 450.00, 100, 1, 2460, 3105, 15588
2026/08/25 19:01:43.970, 449.84, 450.00, 100, 1, 2460, 3105, 15588
2026/08/25 19:01:44.072, 449.84, 450.00, 100, 1, 2460, 3105, 15588
2026/08/25 19:01:44.175, 449.84, 450.00, 100, 1, 2460, 3105, 15588
2026/08/25 19:01:44.277, 449.84, 450.00, 100, 1, 2460, 3105, 15588
2026/08/25 19:01:44.381, 449.67, 450.00, 100, 100, 2460, 3105, 15588
2026/08/25 19:01:44.523, 449.67, 450.00, 100, 100, 2460, 3105, 15588
2026/08/25 19:01:44.663, 449.67, 450.00, 100, 100, 2460, 3105, 15588
2026/08/25 19:01:44.765, 449.67, 450.00, 100, 100, 2460, 3105, 15588
2026/08/25 19:01:44.868, 449.23, 450.00, 100, 1, 2475, 3105, 15588
2026/08/25 19:01:44.972, 449.23, 450.00, 100, 1, 2475, 3105, 15588
2026/08/25 19:01:45.074, 449.23, 450.00, 100, 1, 2475, 3105, 15588
2026/08/25 19:01:45.176, 449.23, 450.00, 100, 1, 2475, 3105, 15588
2026/08/25 19:01:45.280, 449.23, 450.00, 100, 1, 2475, 3105, 15588
2026/08/25 19:01:45.382, 447.39, 450.00, 100, 98, 2475, 3105, 15588
2026/08/25 19:01:45.502, 447.39, 450.00, 100, 98, 2475, 3105, 15588
2026/08/25 19:01:45.604, 447.39, 450.00, 100, 98, 2475, 3105, 15588
2026/08/25 19:01:45.706, 447.39, 450.00, 100, 98, 2475, 3105, 15588
2026/08/25 19:01:45.809, 447.39, 450.00, 100, 98, 2475, 3105, 15588
2026/08/25 19:01:45.912, 449.25, 450.00, 100, 1, 2445, 3105, 15588
2026/08/25 19:01:46.015, 449.25, 450.00, 100, 1, 2445, 3105, 15588
2026/08/25 19:01:46.117, 449.25, 450.00, 100, 1, 2445, 3105, 15588
2026/08/25 19:01:46.221, 449.25, 450.00, 100, 1, 2445, 3105, 15588
2026/08/25 19:01:46.342, 449.25, 450.00, 100, 1, 2445, 3105, 15588
2026/08/25 19:01:46.445, 443.51, 450.00, 95, 100, 2445, 3105, 15588
2026/08/25 19:01:46.548, 443.51, 450.00, 95, 100, 2445, 3105, 15588
2026/08/25 19:01:46.652, 443.51, 450.00, 95, 100, 2445, 3105, 15588
2026/08/25 19:01:46.754, 443.51, 450.00, 95, 100, 2445, 3105, 15588
2026/08/25 19:01:46.856, 448.29, 450.00, 100, 1, 2460, 3105, 15588
2026/08/25 19:01:46.959, 448.29, 450.00, 100, 1, 2460, 3105, 15588
2026/08/25 19:01:47.061, 448.29, 450.00, 100, 1, 2460, 3105, 15588
2026/08/25 19:01:47.164, 448.29, 450.00, 100, 1, 2460, 3105, 15588
2026/08/25 19:01:47.268, 448.29, 450.00, 100, 1, 2460, 3105, 15588
2026/08/25 19:01:47.372, 443.07, 450.00, 100, 61, 2460, 3105, 15588
2026/08/25 19:01:47.475, 443.07, 450.00, 100, 61, 2460, 3105, 15588
2026/08/25 19:01:47.577, 443.07, 450.00, 100, 61, 2460, 3105, 15588
2026/08/25 19:01:47.679, 443.07, 450.00, 100, 61, 2460, 3105, 15588
2026/08/25 19:01:47.781, 443.07, 450.00, 100, 61, 2460, 3105, 15588
2026/08/25 19:01:47.883, 448.12, 450.00, 100, 1, 2460, 3105, 15588
2026/08/25 19:01:47.985, 448.12, 450.00, 100, 1, 2460, 3105, 15588
2026/08/25 19:01:48.089, 448.12, 450.00, 100, 1, 2460, 3105, 15588
2026/08/25 19:01:48.194, 448.12, 450.00, 100, 1, 2460, 3105, 15588
2026/08/25 19:01:48.306, 448.12, 450.00, 100, 1, 2460, 3105, 15588
2026/08/25 19:01:48.441, 448.66, 450.00, 100, 1, 2460, 3105, 15588
2026/08/25 19:01:48.543, 448.66, 450.00, 100, 1, 2460, 3105, 15588
2026/08/25 19:01:48.645, 448.66, 450.00, 100, 1, 2460, 3105, 15588
2026/08/25 19:01:48.748, 448.66, 450.00, 100, 1, 2460, 3105, 15588
2026/08/25 19:01:48.851, 448.66, 450.00, 100, 1, 2445, 3105, 15588
2026/08/25 19:01:48.954, 448.47, 450.00, 100, 1, 2445, 3105, 15588
2026/08/25 19:01:49.057, 448.47, 450.00, 100, 1, 2445, 3105, 15588
2026/08/25 19:01:49.162, 448.47, 450.00, 100, 1, 2445, 3105, 15588
2026/08/25 19:01:49.264, 448.47, 450.00, 100, 1, 2445, 3105, 15588
2026/08/25 19:01:49.367, 450.02, 450.00, 100, 1, 2445, 3105, 15588
2026/08/25 19:01:49.470, 450.02, 450.00, 100, 1, 2445, 3105, 15588
2026/08/25 19:01:49.573, 450.02, 450.00, 100, 1, 2445, 3105, 15588
2026/08/25 19:01:49.675, 450.02, 450.00, 100, 1, 2445, 3105, 15588
2026/08/25 19:01:49.777, 450.02, 450.00, 100, 1, 2445, 3105, 15588
2026/08/25 19:01:49.879, 449.39, 450.00, 100, 1, 2430, 3105, 15588
2026/08/25 19:01:49.983, 449.39, 450.00, 100, 1, 2430, 3105, 15588
2026/08/25 19:01:50.088, 449.39, 450.00, 100, 1, 2430, 3105, 15588
2026/08/25 19:01:50.204, 449.39, 450.00, 100, 1, 2430, 3105, 15588
2026/08/25 19:01:50.342, 449.39, 450.00, 100, 1, 2430, 3105, 15588
2026/08/25 19:01:50.445, 449.83, 450.00, 100, 1, 2430, 3105, 15588
2026/08/25 19:01:50.548, 449.83, 450.00, 100, 1, 2430, 3105, 15588
2026/08/25 19:01:50.680, 449.83, 450.00, 100, 1, 2430, 3105, 15588
2026/08/25 19:01:50.782, 449.83, 450.00, 100, 1, 2430, 3105, 15588
2026/08/25 19:01:50.885, 450.29, 450.00, 100, 61, 2415, 3105, 15588
2026/08/25 19:01:50.989, 450.29, 450.00, 100, 61, 2415, 3105, 12452
2026/08/25 19:01:51.100, 450.29, 450.00, 100, 61, 2415, 3105, 7044
2026/08/25 19:01:51.241, 450.29, 450.00, 100, 61, 2415, 3105, 1508
2026/08/25 19:01:51.343, 450.29, 450.00, 100, 61, 2415, 3105, 868
2026/08/25 19:01:51.445, 326.59, 450.00, 30, 3, 2415, 3105, 1126
2026/08/25 19:01:51.548, 326.59, 450.00, 30, 3, 2415, 3105, 1286
2026/08/25 19:01:51.650, 326.59, 450.00, 30, 3, 2415, 3105, 1510
2026/08/25 19:01:51.753, 326.59, 450.00, 30, 3, 2415, 3105, 1574
2026/08/25 19:01:51.884, 175.00, 450.00, 79, 65, 2700, 3105, 1352
2026/08/25 19:01:52.021, 175.00, 450.00, 79, 65, 2700, 3105, 1672
2026/08/25 19:01:52.163, 175.00, 450.00, 79, 65, 2700, 3105, 1930
2026/08/25 19:01:52.303, 175.00, 450.00, 79, 65, 2700, 3105, 2154
2026/08/25 19:01:52.406, 139.26, 450.00, 18, 2, 2700, 3105, 2410
2026/08/25 19:01:52.508, 139.26, 450.00, 18, 2, 2700, 3105, 2538
2026/08/25 19:01:52.610, 139.26, 450.00, 18, 2, 2700, 3105, 2698
2026/08/25 19:01:52.713, 139.26, 450.00, 18, 2, 2700, 3105, 2858
2026/08/25 19:01:52.815, 139.26, 450.00, 18, 2, 2700, 3105, 2986
2026/08/25 19:01:52.917, 120.60, 450.00, 13, 1, 2700, 3105, 3050
2026/08/25 19:01:53.019, 120.60, 450.00, 13, 1, 2700, 3105, 3180
2026/08/25 19:01:53.121, 120.60, 450.00, 13, 1, 2700, 3105, 3308
2026/08/25 19:01:53.223, 120.60, 450.00, 13, 1, 2700, 3105, 3436
2026/08/25 19:01:53.339, 120.60, 450.00, 13, 1, 2700, 3105, 3596
2026/08/25 19:01:53.441, 101.13, 450.00, 10, 1, 2700, 3105, 3692
2026/08/25 19:01:53.543, 101.13, 450.00, 10, 1, 2700, 3105, 3788
2026/08/25 19:01:53.646, 101.13, 450.00, 10, 1, 2700, 3105, 3916
2026/08/25 19:01:53.749, 101.13, 450.00, 10, 1, 2700, 3105, 4044
2026/08/25 19:01:53.851, 97.78, 450.00, 13, 1, 2565, 3105, 4142
2026/08/25 19:01:53.954, 97.78, 450.00, 13, 1, 2565, 3105, 4174
2026/08/25 19:01:54.056, 97.78, 450.00, 13, 1, 2565, 3105, 4334
2026/08/25 19:01:54.158, 97.78, 450.00, 13, 1, 2565, 3105, 4462
2026/08/25 19:01:54.260, 97.78, 450.00, 13, 1, 2565, 3105, 4558
2026/08/25 19:01:54.362, 88.63, 450.00, 13, 1, 2565, 3105, 4686
2026/08/25 19:01:54.464, 88.63, 450.00, 13, 1, 2565, 3105, 4846
2026/08/25 19:01:54.566, 88.63, 450.00, 13, 1, 2565, 3105, 4974
2026/08/25 19:01:54.669, 88.63, 450.00, 13, 1, 2565, 3105, 5104
2026/08/25 19:01:54.771, 88.63, 450.00, 13, 1, 2565, 3105, 5232
2026/08/25 19:01:54.874, 76.50, 450.00, 13, 1, 2565, 3105, 5328
2026/08/25 19:01:54.976, 76.50, 450.00, 13, 1, 2565, 3105, 5392
2026/08/25 19:01:55.078, 76.50, 450.00, 13, 1, 2565, 3105, 5520
2026/08/25 19:01:55.180, 76.50, 450.00, 13, 1, 2565, 3105, 5648
2026/08/25 19:01:55.282, 76.50, 450.00, 13, 1, 2565, 3105, 5776
2026/08/25 19:01:55.385, 75.14, 450.00, 13, 1, 2565, 3105, 5904
2026/08/25 19:01:55.488, 75.14, 450.00, 13, 1, 2565, 3105, 6002
2026/08/25 19:01:55.591, 75.14, 450.00, 13, 1, 2565, 3105, 6034
2026/08/25 19:01:55.693, 75.14, 450.00, 13, 1, 2565, 3105, 6226
2026/08/25 19:01:55.803, 75.14, 450.00, 13, 1, 2565, 3105, 6226
2026/08/25 19:01:55.941, 159.46, 450.00, 100, 39, 2475, 3105, 6226
2026/08/25 19:01:56.044, 159.46, 450.00, 100, 39, 2475, 3105, 6226
2026/08/25 19:01:56.147, 159.46, 450.00, 100, 39, 2475, 3105, 6226
2026/08/25 19:01:56.251, 159.46, 450.00, 100, 39, 2475, 3105, 6226
2026/08/25 19:01:56.354, 332.39, 450.00, 100, 39, 2475, 3105, 6226
2026/08/25 19:01:56.499, 332.39, 450.00, 100, 39, 2475, 3105, 6226
2026/08/25 19:01:56.601, 332.39, 450.00, 100, 39, 2475, 3105, 6386
2026/08/25 19:01:56.703, 332.39, 450.00, 100, 39, 2475, 3105, 6386
2026/08/25 19:01:56.839, 332.39, 450.00, 100, 39, 2475, 3105, 6386
2026/08/25 19:01:56.978, 451.84, 450.00, 96, 40, 2325, 3105, 6386
2026/08/25 19:01:57.081, 451.84, 450.00, 96, 40, 2325, 3105, 6386
2026/08/25 19:01:57.184, 451.84, 450.00, 96, 40, 2325, 3105, 6386
2026/08/25 19:01:57.287, 451.84, 450.00, 96, 40, 2325, 3105, 6386
2026/08/25 19:01:57.390, 442.95, 450.00, 100, 39, 2325, 3105, 6386
2026/08/25 19:01:57.492, 442.95, 450.00, 100, 39, 2325, 3105, 6386
2026/08/25 19:01:57.595, 442.95, 450.00, 100, 39, 2325, 3105, 6386
2026/08/25 19:01:57.697, 442.95, 450.00, 100, 39, 2325, 3105, 6386
2026/08/25 19:01:57.800, 442.95, 450.00, 100, 39, 2325, 3105, 6386
2026/08/25 19:01:57.902, 458.73, 450.00, 100, 38, 2535, 3105, 6386
2026/08/25 19:01:58.042, 458.73, 450.00, 100, 38, 2535, 3105, 6386
2026/08/25 19:01:58.146, 458.73, 450.00, 100, 38, 2535, 3105, 6386
2026/08/25 19:01:58.250, 458.73, 450.00, 100, 38, 2535, 3105, 6386
2026/08/25 19:01:58.353, 458.73, 450.00, 100, 38, 2535, 3105, 6386
2026/08/25 19:01:58.455, 438.89, 450.00, 100, 39, 2535, 3105, 6386
2026/08/25 19:01:58.558, 438.89, 450.00, 100, 39, 2535, 3105, 6386
2026/08/25 19:01:58.660, 438.89, 450.00, 100, 39, 2535, 3105, 6386
2026/08/25 19:01:58.763, 438.89, 450.00, 100, 39, 2535, 3105, 6386
2026/08/25 19:01:58.866, 438.89, 450.00, 100, 39, 2535, 3105, 6386
2026/08/25 19:01:58.971, 444.40, 450.00, 100, 38, 2340, 3105, 6546
2026/08/25 19:01:59.073, 444.40, 450.00, 100, 38, 2340, 3105, 6546
2026/08/25 19:01:59.175, 444.40, 450.00, 100, 38, 2340, 3105, 6546
2026/08/25 19:01:59.301, 444.40, 450.00, 100, 38, 2340, 3105, 6546
2026/08/25 19:01:59.404, 440.03, 450.00, 100, 40, 2340, 3105, 6546
2026/08/25 19:01:59.507, 440.03, 450.00, 100, 40, 2340, 3105, 6546
2026/08/25 19:01:59.609, 440.03, 450.00, 100, 40, 2340, 3105, 6546
2026/08/25 19:01:59.712, 440.03, 450.00, 100, 40, 2340, 3105, 6546
2026/08/25 19:01:59.814, 440.03, 450.00, 100, 40, 2340, 3105, 6546
2026/08/25 19:01:59.916, 440.65, 450.00, 100, 39, 2385, 3105, 6546
2026/08/25 19:02:00.019, 440.65, 450.00, 100, 39, 2385, 3105, 6546
2026/08/25 19:02:00.122, 440.65, 450.00, 100, 39, 2385, 3105, 6546
2026/08/25 19:02:00.226, 440.65, 450.00, 100, 39, 2385, 3105, 6546
2026/08/25 19:02:00.330, 440.65, 450.00, 100, 39, 2385, 3105, 6546
2026/08/25 19:02:00.435, 440.33, 450.00, 60, 20, 2385, 3105, 6546
2026/08/25 19:02:00.537, 440.33, 450.00, 60, 20, 2385, 3105, 6546
2026/08/25 19:02:00.640, 440.33, 450.00, 60, 20, 2385, 3105, 6546
2026/08/25 19:02:00.758, 440.33, 450.00, 60, 20, 2385, 3105, 6546
2026/08/25 19:02:00.860, 440.33, 450.00, 60, 20, 2385, 3105, 6546
2026/08/25 19:02:00.963, 441.97, 450.00, 100, 40, 2460, 3105, 6546
2026/08/25 19:02:01.068, 441.97, 450.00, 100, 40, 2460, 3105, 6546
2026/08/25 19:02:01.171, 441.97, 450.00, 100, 40, 2460, 3105, 6546
2026/08/25 19:02:01.273, 441.97, 450.00, 100, 40, 2460, 3105, 6546
2026/08/25 19:02:01.376, 441.97, 450.00, 100, 40, 2460, 3105, 6546
2026/08/25 19:02:01.478, 445.94, 450.00, 100, 38, 2460, 3105, 6546
2026/08/25 19:02:01.598, 445.94, 450.00, 100, 38, 2460, 3105, 6546
2026/08/25 19:02:01.700, 445.94, 450.00, 100, 38, 2460, 3105, 6546
2026/08/25 19:02:01.803, 445.94, 450.00, 100, 38, 2460, 3105, 6546
2026/08/25 19:02:01.907, 440.29, 450.00, 100, 39, 2460, 3105, 6546
2026/08/25 19:02:02.009, 440.29, 450.00, 100, 39, 2460, 3105, 6546
2026/08/25 19:02:02.112, 440.29, 450.00, 100, 39, 2460, 3105, 6546
2026/08/25 19:02:02.214, 440.29, 450.00, 100, 39, 2460, 3105, 6546
2026/08/25 19:02:02.317, 440.29, 450.00, 100, 39, 2460, 3105, 6546
2026/08/25 19:02:02.419, 445.44, 450.00, 100, 38, 2460, 3105, 6546
2026/08/25 19:02:02.522, 445.44, 450.00, 100, 38, 2460, 3105, 6610
2026/08/25 19:02:02.625, 445.44, 450.00, 100, 38, 2460, 3105, 6610
2026/08/25 19:02:02.729, 445.44, 450.00, 100, 38, 2460, 3105, 6610
2026/08/25 19:02:02.857, 445.44, 450.00, 100, 38, 2460, 3105, 6610
2026/08/25 19:02:02.960, 444.89, 450.00, 100, 39, 2460, 3105, 6610
2026/08/25 19:02:03.063, 444.89, 450.00, 100, 39, 2460, 3105, 6610
2026/08/25 19:02:03.167, 444.89, 450.00, 100, 39, 2460, 3105, 6610
2026/08/25 19:02:03.269, 444.89, 450.00, 100, 39, 2460, 3105, 6610
2026/08/25 19:02:03.372, 444.89, 450.00, 100, 39, 2460, 3105, 6610
2026/08/25 19:02:03.474, 446.74, 450.00, 100, 39, 2460, 3105, 6610
2026/08/25 19:02:03.577, 446.74, 450.00, 100, 39, 2460, 3105, 6610
2026/08/25 19:02:03.679, 446.74, 450.00, 100, 39, 2460, 3105, 6610
2026/08/25 19:02:03.782, 446.74, 450.00, 100, 39, 2460, 3105, 6610
2026/08/25 19:02:03.885, 437.49, 450.00, 57, 18, 2685, 3105, 6610
2026/08/25 19:02:03.990, 437.49, 450.00, 57, 18, 2685, 3105, 6610
2026/08/25 19:02:04.092, 437.49, 450.00, 57, 18, 2685, 3105, 6610
2026/08/25 19:02:04.194, 437.49, 450.00, 57, 18, 2685, 3105, 6610
2026/08/25 19:02:04.297, 437.49, 450.00, 57, 18, 2685, 3105, 6610
2026/08/25 19:02:04.399, 438.64, 450.00, 100, 40, 2685, 3105, 6610
2026/08/25 19:02:04.503, 438.64, 450.00, 100, 40, 2685, 3105, 6610
2026/08/25 19:02:04.606, 438.64, 450.00, 100, 40, 2685, 3105, 6610
2026/08/25 19:02:04.708, 438.64, 450.00, 100, 40, 2685, 3105, 6610
2026/08/25 19:02:04.811, 438.64, 450.00, 100, 40, 2685, 3105, 6610
2026/08/25 19:02:04.913, 446.43, 450.00, 100, 37, 2340, 3105, 6610
2026/08/25 19:02:05.016, 446.43, 450.00, 100, 37, 2340, 3105, 6610
2026/08/25 19:02:05.118, 446.43, 450.00, 100, 37, 2340, 3105, 6610
2026/08/25 19:02:05.237, 446.43, 450.00, 100, 37, 2340, 3105, 6610
2026/08/25 19:02:05.339, 446.43, 450.00, 100, 37, 2340, 3105, 6610
2026/08/25 19:02:05.443, 442.51, 450.00, 100, 39, 2340, 3105, 6610
2026/08/25 19:02:05.546, 442.51, 450.00, 100, 39, 2340, 3105, 6610
2026/08/25 19:02:05.649, 442.51, 450.00, 100, 39, 2340, 3105, 6610
2026/08/25 19:02:05.751, 442.51, 450.00, 100, 39, 2340, 3105, 6610
2026/08/25 19:02:05.854, 442.51, 450.00, 100, 39, 2340, 3105, 6610
2026/08/25 19:02:05.956, 445.74, 450.00, 100, 38, 2340, 3105, 6610
2026/08/25 19:02:06.059, 445.74, 450.00, 100, 38, 2340, 3105, 6610
2026/08/25 19:02:06.162, 445.74, 450.00, 100, 38, 2340, 3105, 6610
2026/08/25 19:02:06.265, 445.74, 450.00, 100, 38, 2340, 3105, 6610
2026/08/25 19:02:06.368, 445.74, 450.00, 100, 38, 2340, 3105, 6610
2026/08/25 19:02:06.471, 438.58, 450.00, 100, 40, 2340, 3105, 6610
2026/08/25 19:02:06.573, 438.58, 450.00, 100, 40, 2340, 3105, 6610
2026/08/25 19:02:06.676, 438.58, 450.00, 100, 40, 2340, 3105, 6610
2026/08/25 19:02:06.778, 438.58, 450.00, 100, 40, 2340, 3105, 6610
2026/08/25 19:02:06.881, 442.85, 450.00, 100, 39, 2445, 3105, 6610
2026/08/25 19:02:06.985, 442.85, 450.00, 100, 39, 2445, 3105, 6610
2026/08/25 19:02:07.088, 442.85, 450.00, 100, 39, 2445, 3105, 6610
2026/08/25 19:02:07.191, 442.85, 450.00, 100, 39, 2445, 3105, 6610
2026/08/25 19:02:07.293, 442.85, 450.00, 100, 39, 2445, 3105, 6610
2026/08/25 19:02:07.396, 465.11, 450.00, 100, 37, 2445, 3105, 6610
2026/08/25 19:02:07.498, 465.11, 450.00, 100, 37, 2445, 3105, 6610
2026/08/25 19:02:07.614, 465.11, 450.00, 100, 37, 2445, 3105, 6610
2026/08/25 19:02:07.717, 465.11, 450.00, 100, 37, 2445, 3105, 6610
2026/08/25 19:02:07.819, 465.11, 450.00, 100, 37, 2445, 3105, 6610
2026/08/25 19:02:07.923, 442.30, 450.00, 100, 40, 2430, 3105, 6610
2026/08/25 19:02:08.026, 442.30, 450.00, 100, 40, 2430, 3105, 6610
2026/08/25 19:02:08.128, 442.30, 450.00, 100, 40, 2430, 3105, 6610
2026/08/25 19:02:08.231, 442.30, 450.00, 100, 40, 2430, 3105, 6610
2026/08/25 19:02:08.334, 442.30, 450.00, 100, 40, 2430, 3105, 6610
2026/08/25 19:02:08.436, 445.45, 450.00, 100, 38, 2430, 3105, 6610
2026/08/25 19:02:08.539, 445.45, 450.00, 100, 38, 2430, 3105, 6610
2026/08/25 19:02:08.641, 445.45, 450.00, 100, 38, 2430, 3105, 6610
2026/08/25 19:02:08.745, 445.45, 450.00, 100, 38, 2430, 3105, 6610
2026/08/25 19:02:08.847, 445.45, 450.00, 100, 38, 2430, 3105, 6610
2026/08/25 19:02:08.949, 439.18, 450.00, 100, 40, 2445, 3105, 6610
2026/08/25 19:02:09.052, 439.18, 450.00, 100, 40, 2445, 3105, 6610
2026/08/25 19:02:09.154, 439.18, 450.00, 100, 40, 2445, 3105, 6610
2026/08/25 19:02:09.294, 439.18, 450.00, 100, 40, 2445, 3105, 6610
2026/08/25 19:02:09.397, 443.82, 450.00, 100, 40, 2445, 3105, 6610
2026/08/25 19:02:09.499, 443.82, 450.00, 100, 40, 2445, 3105, 6610
2026/08/25 19:02:09.603, 443.82, 450.00, 100, 40, 2445, 3105, 6610
2026/08/25 19:02:09.706, 443.82, 450.00, 100, 40, 2445, 3105, 6610
2026/08/25 19:02:09.809, 443.82, 450.00, 100, 40, 2445, 3105, 6610
2026/08/25 19:02:09.937, 439.96, 450.00, 52, 17, 2430, 3105, 6610
2026/08/25 19:02:10.040, 439.96, 450.00, 52, 17, 2430, 3105, 6610
2026/08/25 19:02:10.144, 439.96, 450.00, 52, 17, 2430, 3105, 6610
2026/08/25 19:02:10.247, 439.96, 450.00, 52, 17, 2430, 3105, 6610
2026/08/25 19:02:10.349, 439.96, 450.00, 52, 17, 2430, 3105, 6610
2026/08/25 19:02:10.452, 441.42, 450.00, 100, 40, 2430, 3105, 6610
2026/08/25 19:02:10.554, 441.42, 450.00, 100, 40, 2430, 3105, 6610
2026/08/25 19:02:10.656, 441.42, 450.00, 100, 40, 2430, 3105, 6610
2026/08/25 19:02:10.759, 441.42, 450.00, 100, 40, 2430, 3105, 6610
2026/08/25 19:02:10.862, 441.42, 450.00, 100, 40, 2430, 3105, 6610
2026/08/25 19:02:10.966, 447.37, 450.00, 100, 38, 2340, 3105, 6610
2026/08/25 19:02:11.068, 447.37, 450.00, 100, 38, 2340, 3105, 6610
2026/08/25 19:02:11.197, 447.37, 450.00, 100, 38, 2340, 3105, 6610
2026/08/25 19:02:11.299, 447.37, 450.00, 100, 38, 2340, 3105, 6610
2026/08/25 19:02:11.402, 443.84, 450.00, 100, 40, 2340, 3105, 6610
2026/08/25 19:02:11.505, 443.84, 450.00, 100, 40, 2340, 3105, 6610
2026/08/25 19:02:11.607, 443.84, 450.00, 100, 40, 2340, 3105, 6610
2026/08/25 19:02:11.709, 443.84, 450.00, 100, 40, 2340, 3105, 6610
2026/08/25 19:02:11.812, 443.84, 450.00, 100, 40, 2340, 3105, 6610
2026/08/25 19:02:11.914, 445.83, 450.00, 100, 39, 2340, 3105, 6610
2026/08/25 19:02:12.017, 445.83, 450.00, 100, 39, 2340, 3105, 6610
2026/08/25 19:02:12.120, 445.83, 450.00, 100, 39, 2340, 3105, 6610
2026/08/25 19:02:12.223, 445.83, 450.00, 100, 39, 2340, 3105, 6610
2026/08/25 19:02:12.326, 445.83, 450.00, 100, 39, 2340, 3105, 6610
2026/08/25 19:02:12.429, 439.76, 450.00, 100, 39, 2340, 3105, 6610
2026/08/25 19:02:12.531, 439.76, 450.00, 100, 39, 2340, 3105, 6610
2026/08/25 19:02:12.634, 439.76, 450.00, 100, 39, 2340, 3105, 6610
2026/08/25 19:02:12.736, 439.76, 450.00, 100, 39, 2340, 3105, 6610
2026/08/25 19:02:12.875, 439.76, 450.00, 100, 39, 2340, 3105, 6610
2026/08/25 19:02:12.977, 438.17, 450.00, 100, 39, 2430, 3105, 6610
2026/08/25 19:02:13.081, 438.17, 450.00, 100, 39, 2430, 3105, 6610
2026/08/25 19:02:13.184, 438.17, 450.00, 100, 39, 2430, 3105, 6610
2026/08/25 19:02:13.287, 438.17, 450.00, 100, 39, 2430, 3105, 6610
2026/08/25 19:02:13.389, 450.42, 450.00, 79, 28, 2430, 3105, 6610
2026/08/25 19:02:13.497, 450.42, 450.00, 79, 28, 2430, 3105, 6610
2026/08/25 19:02:13.600, 450.42, 450.00, 79, 28, 2430, 3105, 6610
2026/08/25 19:02:13.703, 450.42, 450.00, 79, 28, 2430, 3105, 6610
2026/08/25 19:02:13.807, 450.42, 450.00, 79, 28, 2430, 3105, 6610
2026/08/25 19:02:13.909, 440.24, 450.00, 100, 40, 2445, 3105, 6610
2026/08/25 19:02:14.012, 440.24, 450.00, 100, 40, 2445, 3105, 6610
2026/08/25 19:02:14.134, 440.24, 450.00, 100, 40, 2445, 3105, 6610
2026/08/25 19:02:14.237, 440.24, 450.00, 100, 40, 2445, 3105, 6610
2026/08/25 19:02:14.340, 440.24, 450.00, 100, 40, 2445, 3105, 6610
2026/08/25 19:02:14.443, 444.79, 450.00, 100, 38, 2445, 3105, 6610
2026/08/25 19:02:14.546, 444.79, 450.00, 100, 38, 2445, 3105, 6610
2026/08/25 19:02:14.696, 444.79, 450.00, 100, 38, 2445, 3105, 6610
2026/08/25 19:02:14.800, 444.79, 450.00, 100, 38, 2445, 3105, 6610
2026/08/25 19:02:14.903, 444.36, 450.00, 100, 39, 2445, 3105, 6610
2026/08/25 19:02:15.006, 444.36, 450.00, 100, 39, 2445, 3105, 6610
2026/08/25 19:02:15.108, 444.36, 450.00, 100, 39, 2445, 3105, 6610
2026/08/25 19:02:15.211, 444.36, 450.00, 100, 39, 2445, 3105, 6610
2026/08/25 19:02:15.313, 444.36, 450.00, 100, 39, 2445, 3105, 6610
2026/08/25 19:02:15.415, 444.82, 450.00, 100, 39, 2445, 3105, 6610
2026/08/25 19:02:15.518, 444.82, 450.00, 100, 39, 2445, 3105, 6610
2026/08/25 19:02:15.624, 444.82, 450.00, 100, 39, 2445, 3105, 6610
2026/08/25 19:02:15.726, 444.82, 450.00, 100, 39, 2445, 3105, 6610
2026/08/25 19:02:15.828, 444.82, 450.00, 100, 39, 2445, 3105, 6610
2026/08/25 19:02:15.955, 438.46, 450.00, 76, 29, 2430, 3105, 6610
2026/08/25 19:02:16.057, 438.46, 450.00, 76, 29, 2430, 3105, 6610
2026/08/25 19:02:16.161, 438.46, 450.00, 76, 29, 2430, 3105, 6610
2026/08/25 19:02:16.263, 438.46, 450.00, 76, 29, 2430, 3105, 6610
2026/08/25 19:02:16.366, 438.46, 450.00, 76, 29, 2430, 3105, 6610
2026/08/25 19:02:16.469, 436.75, 450.00, 100, 40, 2430, 3105, 6610
2026/08/25 19:02:16.571, 436.75, 450.00, 100, 40, 2430, 3105, 6610
2026/08/25 19:02:16.673, 436.75, 450.00, 100, 40, 2430, 3105, 6610
2026/08/25 19:02:16.776, 436.75, 450.00, 100, 40, 2430, 3105, 6610
2026/08/25 19:02:16.879, 436.75, 450.00, 100, 40, 2310, 3105, 6610
2026/08/25 19:02:16.982, 452.68, 450.00, 100, 37, 2310, 3105, 6610
2026/08/25 19:02:17.085, 452.68, 450.00, 100, 37, 2310, 3105, 6610
2026/08/25 19:02:17.187, 452.68, 450.00, 100, 37, 2310, 3105, 6610
2026/08/25 19:02:17.290, 452.68, 450.00, 100, 37, 2310, 3105, 6610
2026/08/25 19:02:17.392, 436.90, 450.00, 100, 39, 2310, 3105, 6610
2026/08/25 19:02:17.495, 436.90, 450.00, 100, 39, 2310, 3105, 6610
2026/08/25 19:02:17.597, 436.90, 450.00, 100, 39, 2310, 3105, 6610
2026/08/25 19:02:17.700, 436.90, 450.00, 100, 39, 2310, 3105, 6610
2026/08/25 19:02:17.803, 436.90, 450.00, 100, 39, 2310, 3105, 6610
2026/08/25 19:02:17.905, 443.76, 450.00, 100, 38, 2325, 3105, 6610
2026/08/25 19:02:18.007, 443.76, 450.00, 100, 38, 2325, 3105, 6610
2026/08/25 19:02:18.110, 443.76, 450.00, 100, 38, 2325, 3105, 6610
2026/08/25 19:02:18.253, 443.76, 450.00, 100, 38, 2325, 3105, 6610
2026/08/25 19:02:18.355, 443.76, 450.00, 100, 38, 2325, 3105, 6610
2026/08/25 19:02:18.458, 444.02, 450.00, 100, 39, 2325, 3105, 6610
2026/08/25 19:02:18.562, 444.02, 450.00, 100, 39, 2325, 3105, 6610
2026/08/25 19:02:18.665, 444.02, 450.00, 100, 39, 2325, 3105, 6610
2026/08/25 19:02:18.767, 444.02, 450.00, 100, 39, 2325, 3105, 6610
2026/08/25 19:02:18.870, 444.02, 450.00, 100, 39, 2325, 3105, 6610
2026/08/25 19:02:18.972, 442.66, 450.00, 100, 39, 2355, 3105, 6610
2026/08/25 19:02:19.075, 442.66, 450.00, 100, 39, 2355, 3105, 6610
2026/08/25 19:02:19.178, 442.66, 450.00, 100, 39, 2355, 3105, 6610
2026/08/25 19:02:19.281, 442.66, 450.00, 100, 39, 2355, 3105, 6610
2026/08/25 19:02:19.384, 439.89, 450.00, 67, 22, 2355, 3105, 5906
2026/08/25 19:02:19.511, 439.89, 450.00, 67, 22, 2355, 3105, 5906
2026/08/25 19:02:19.652, 439.89, 450.00, 67, 22, 2355, 3105, 5906
2026/08/25 19:02:19.753, 439.89, 450.00, 67, 22, 2355, 3105, 5906
2026/08/25 19:02:19.873, 439.89, 450.00, 67, 22, 2355, 3105, 5906
2026/08/25 19:02:19.975, 260.97, 450.00, 0, 0, 2700, 3105, 5906
2026/08/25 19:02:20.078, 260.97, 450.00, 0, 0, 2700, 3105, 5906
2026/08/25 19:02:20.180, 260.97, 450.00, 0, 0, 2700, 3105, 5906
2026/08/25 19:02:20.283, 260.97, 450.00, 0, 0, 2700, 3105, 5906
2026/08/25 19:02:20.385, 98.99, 450.00, 0, 0, 2700, 3105, 5906
2026/08/25 19:02:20.492, 98.99, 450.00, 0, 0, 2700, 3105, 5906
2026/08/25 19:02:20.593, 98.99, 450.00, 0, 0, 2700, 3105, 5906
2026/08/25 19:02:20.695, 98.99, 450.00, 0, 0, 2700, 3105, 5906
2026/08/25 19:02:20.797, 98.99, 450.00, 0, 0, 2700, 3105, 5906
2026/08/25 19:02:20.899, 98.99, 450.00, 0, 0, 2700, 3105, 5906
2026/08/25 19:02:21.001, 98.99, 450.00, 0, 0, 2700, 3105, 5906
2026/08/25 19:02:21.102, 98.99, 450.00, 0, 0, 2700, 3105, 5906
2026/08/25 19:02:21.204, 98.99, 450.00, 0, 0, 2700, 3105, 5906
2026/08/25 19:02:21.306, 98.99, 450.00, 0, 0, 2700, 3105, 5906
2026/08/25 19:02:21.408, 76.58, 450.00, 0, 0, 2700, 3105, 5906
2026/08/25 19:02:21.510, 76.58, 450.00, 0, 0, 2700, 3105, 5906
2026/08/25 19:02:21.612, 76.58, 450.00, 0, 0, 2700, 3105, 5906
2026/08/25 19:02:21.713, 76.58, 450.00, 0, 0, 2700, 3105, 5906
2026/08/25 19:02:21.816, 76.58, 450.00, 0, 0, 2700, 3105, 5906
2026/08/25 19:02:21.917, 76.58, 450.00, 0, 0, 2565, 3105, 5906
2026/08/25 19:02:22.019, 76.58, 450.00, 0, 0, 2565, 3105, 5906
2026/08/25 19:02:22.121, 76.58, 450.00, 0, 0, 2565, 3105, 5906
2026/08/25 19:02:22.223, 76.58, 450.00, 0, 0, 2565, 3105, 5906
2026/08/25 19:02:22.325, 76.58, 450.00, 0, 0, 2565, 3105, 5906
2026/08/25 19:02:22.427, 73.21, 450.00, 0, 0, 2565, 3105, 5906
2026/08/25 19:02:22.529, 73.21, 450.00, 0, 0, 2565, 3105, 5906
2026/08/25 19:02:22.644, 73.21, 450.00, 0, 0, 2565, 3105, 5906
2026/08/25 19:02:22.746, 73.21, 450.00, 0, 0, 2565, 3105, 5906
2026/08/25 19:02:22.848, 73.21, 450.00, 0, 0, 2565, 3105, 5906
2026/08/25 19:02:22.950, 73.21, 450.00, 0, 0, 2565, 3105, 5906
2026/08/25 19:02:23.052, 73.21, 450.00, 0, 0, 2565, 3105, 5906
2026/08/25 19:02:23.154, 73.21, 450.00, 0, 0, 2565, 3105, 5906
