#Date        Time         gpu    pwr  gtemp  mtemp     sm    mem    enc    dec    jpg    ofa   mclk   pclk     fb   bar1   ccpm  rxpci  txpci 
#YYYYMMDD    HH:MM:SS     Idx      W      C      C      %      %      %      %      %      %    MHz    MHz     MB     MB     MB   MB/s   MB/s 
 20260818    11:28:11       0    375     63      -    100     57      0      0      0      0  10251   2700  10132     46      0      8      2 
 20260818    11:28:12       0    373     64      -    100     54      0      0      0      0  10251   2700  10132     46      0      7      2 
 20260818    11:28:13       0    373     64      -    100     55      0      0      0      0  10251   2700  10132     46      0     25      2 
 20260818    11:28:14       0    376     63      -    100     55      0      0      0      0  10251   2700  10132     46      0      5      2 
 20260818    11:28:15       0    374     64      -    100     55      0      0      0      0  10251   2700  10164     46      0      6      2 
 20260818    11:28:17       0    376     64      -    100     55      0      0      0      0  10251   2700  10164     46      0     21      3 
 20260818    11:28:18       0    374     65      -    100     58      0      0      0      0  10251   2700  10164     46      0     13      2 
 20260818    11:28:19       0    375     62      -    100     56      0      0      0      0  10251   2700  10164     46      0      6      2 
 20260818    11:28:20       0    376     65      -    100     55      0      0      0      0  10251   2700  10164     46      0      8      5 
 20260818    11:28:21       0    375     63      -    100     60      0      0      0      0  10251   2700  10164     46      0      7      2 
 20260818    11:28:22       0    375     64      -    100     58      0      0      0      0  10251   2700  10164     46      0      6      2 
 20260818    11:28:23       0    377     64      -    100     57      0      0      0      0  10251   2700  10164     46      0      5      3 
 20260818    11:28:24       0    376     65      -    100     55      0      0      0      0  10251   2700  10164     46      0     26      2 
 20260818    11:28:25       0    377     65      -    100     55      0      0      0      0  10251   2700  10164     46      0      6      2 
 20260818    11:28:26       0    376     65      -    100     54      0      0      0      0  10251   2700  10164     46      0      6      2 
 20260818    11:28:27       0    376     65      -    100     54      0      0      0      0  10251   2700  10164     46      0      6      5 
 20260818    11:28:28       0    378     65      -    100     54      0      0      0      0  10251   2700  10164     46      0      5      2 
 20260818    11:28:29       0    377     65      -    100     58      0      0      0      0  10251   2700  10164     46      0      5      2 
 20260818    11:28:30       0    378     66      -    100     58      0      0      0      0  10251   2700  10164     46      0      5      4 
 20260818    11:28:31       0    377     66      -    100     57      0      0      0      0  10251   2700  10164     46      0     11      2 
 20260818    11:28:32       0    378     65      -    100     60      0      0      0      0  10251   2700  10260     46      0      5      2 
 20260818    11:28:33       0    379     65      -    100     58      0      0      0      0  10251   2700  10260     46      0      6      5 
 20260818    11:28:34       0    239     58      -    100    100      0      0      0      0  10251   2700  22452     46      0      7      3 
 20260818    11:28:35       0    283     54      -     97      8      0      0      0      0  10251   2700   9428     46      0  13749   1464 
 20260818    11:28:36       0    206     58      -     97     11      0      0      0      0  10251   2700  10036     46      0  10024   1072 
 20260818    11:28:37       0    224     56      -     97     11      0      0      0      0  10251   2700  10356     46      0   9325   1090 
 20260818    11:28:39       0    228     58      -     97     11      0      0      0      0  10251   2700   8052     46      0      0    306 
 20260818    11:28:40       0    329     66      -    100     26      0      0      0      0  10251   2700  11828     46      0    191    278 
 20260818    11:28:41       0    385     66      -    100     28      0      0      0      0  10251   2700  20212     46      0    531     97 
 20260818    11:28:42       0    386     68      -    100     36      0      0      0      0  10251   2700  21236     46      0    393    819 
 20260818    11:28:43       0    387     67      -    100     28      0      0      0      0  10251   2700  22132     46      0   2450    131 
 20260818    11:28:44       0    392     69      -    100     37      0      0      0      0  10251   2700  22132     46      0    405     79 
 20260818    11:28:45       0    394     69      -    100     39      0      0      0      0  10251   2700  22132     46      0  11910     85 
 20260818    11:28:46       0    389     68      -    100     32      0      0      0      0  10251   2700  22132     46      0   1395    235 
 20260818    11:28:47       0    385     68      -    100     26      0      0      0      0  10251   2700  22132     46      0    374     68 
 20260818    11:28:48       0    389     68      -    100     31      0      0      0      0  10251   2700  22132     46      0   6117    195 
 20260818    11:28:49       0    394     69      -    100     35      0      0      0      0  10251   2700  22132     46      0      2      1 
 20260818    11:28:50       0    384     65      -    100     37      0      0      0      0  10251   2700  21972     46      0     19      4 
 20260818    11:28:51       0    378     69      -    100     37      0      0      0      0  10251   2700  21940     46      0     20   1278 
 20260818    11:28:52       0    371     67      -    100     36      0      0      0      0  10251   2700  20916     46      0      2      1 
 20260818    11:28:53       0    382     67      -    100     31      0      0      0      0  10251   2700  20916     46      0     57     44 
 20260818    11:28:54       0    388     70      -    100     37      0      0      0      0  10251   2700  21140     46      0      0      0 
 20260818    11:28:55       0    135     52      -     22      1      0      0      0      0  10251   2700   6420     46      0   3745    400 
 20260818    11:28:56       0    196     61      -     95     57      0      0      0      0  10251   2505  24084     46      0      0      0 
#Date        Time         gpu    pwr  gtemp  mtemp     sm    mem    enc    dec    jpg    ofa   mclk   pclk     fb   bar1   ccpm  rxpci  txpci 
#YYYYMMDD    HH:MM:SS     Idx      W      C      C      %      %      %      %      %      %    MHz    MHz     MB     MB     MB   MB/s   MB/s 
 20260818    11:28:57       0    464     73      -    100      1      0      0      0      0  10251   2385  24084     46      0      0      0 
 20260818    11:28:58       0    391     58      -     18      1      0      0      0      0  10251   2700  22484     46      0      0      0 
 20260818    11:28:59       0    413     76      -    100      1      0      0      0      0  10251   2385  22484     46      0      0      0 
 20260818    11:28:32       0    377     67      -    100     54      0      0      0      0  10251   2700  10260     46      0      6      2 
 20260818    11:28:33       0    378     66      -    100     55      0      0      0      0  10251   2700  10260     46      0      5      5 
 20260818    11:28:34       0    311     56      -     25      8      0      0      0      0  10251   2700  22452     46      0      7      3 
 20260818    11:28:35       0    253     61      -    100     92      0      0      0      0  10251   2700  21844     46      0      1      0 
 20260818    11:28:36       0    225     60      -    100     13      0      0      0      0  10251   2700   9908     46      0  11007    968 
 20260818    11:28:37       0    249     58      -    100     11      0      0      0      0  10251   2700  10356     46      0  11119   1010 
 20260818    11:28:38       0    226     58      -     97     11      0      0      0      0  10251   2700  11060     46      0  11104    855 
 20260818    11:28:39       0    329     66      -    100     26      0      0      0      0  10251   2700  10644     46      0   7324      2 
 20260818    11:28:40       0    385     66      -    100     28      0      0      0      0  10251   2700  19828     46      0    363     71 
 20260818    11:28:41       0    386     68      -    100     36      0      0      0      0  10251   2700  20852     46      0    537     99 
 20260818    11:28:42       0    390     68      -    100     39      0      0      0      0  10251   2700  22004     46      0    438    314 
 20260818    11:28:43       0    389     67      -    100     32      0      0      0      0  10251   2700  22132     46      0    508     98 
 20260818    11:28:44       0    385     68      -    100     26      0      0      0      0  10251   2700  22132     46      0   1953   1346 
 20260818    11:28:46       0    388     68      -    100     29      0      0      0      0  10251   2700  22132     46      0    497    319 
 20260818    11:28:47       0    393     69      -    100     36      0      0      0      0  10251   2700  22132     46      0    456     82 
 20260818    11:28:48       0    394     70      -    100     40      0      0      0      0  10251   2700  22132     46      0   1622    809 
 20260818    11:28:49       0    389     68      -    100     27      0      0      0      0  10251   2700  22132     46      0   1730     21 
 20260818    11:28:50       0    384     65      -    100     37      0      0      0      0  10251   2700  21972     46      0     19      4 
 20260818    11:28:51       0    378     69      -    100     37      0      0      0      0  10251   2700  21940     46      0     21   1119 
 20260818    11:28:52       0    371     67      -    100     36      0      0      0      0  10251   2700  20916     46      0      2      0 
 20260818    11:28:53       0    377     69      -    100     34      0      0      0      0  10251   2700  20916     46      0     60     74 
 20260818    11:28:54       0    379     68      -    100     32      0      0      0      0  10251   2700  21140     46      0     36      8 
 20260818    11:28:55       0    254     52      -     48      3      0      0      0      0  10251   2700   5716     46      0     19    254 
 20260818    11:28:56       0    137     59      -     51     13      0      0      0      0  10251   2715  21972     46      0      8      3 
 20260818    11:28:57       0    347     74      -    100      1      0      0      0      0  10251   2505  24084     46      0      0      1 
 20260818    11:28:58       0    453     74      -    100      1      0      0      0      0  10251   2475  21908     46      0     36    190 
 20260818    11:28:59       0    387     74      -    100      1      0      0      0      0  10251   2490  22484     46      0      0      0 
 20260818    11:29:00       0    449     71      -    100    100      0      0      0      0  10251   2385  22484     46      0      7      7 
 20260818    11:29:01       0    451     75      -    100      1      0      0      0      0  10251   2445  21364     46      0      0      1 
 20260818    11:29:02       0    448     74      -    100     84      0      0      0      0  10251   2610  21076     46      0     27    400 
 20260818    11:29:03       0    393     75      -    100      1      0      0      0      0  10251   2550  21620     46      0      0      0 
 20260818    11:29:04       0    450     74      -    100      1      0      0      0      0  10251   2520  21620     46      0     11      4 
 20260818    11:29:05       0    448     75      -    100      1      0      0      0      0  10251   2490  21620     46      0      0      2 
 20260818    11:29:07       0    451     75      -    100      1      0      0      0      0  10251   2490  21620     46      0     12      7 
 20260818    11:29:08       0    449     75      -    100      1      0      0      0      0  10251   2460  21620     46      0      0      0 
 20260818    11:29:09       0    450     75      -    100      1      0      0      0      0  10251   2475  21620     46      0     34    403 
 20260818    11:29:10       0    451     75      -    100      1      0      0      0      0  10251   2475  21620     46      0      0      1 
 20260818    11:29:11       0    444     72      -    100     87      0      0      0      0  10251   2520  21620     46      0    113    403 
 20260818    11:29:12       0    447     75      -    100      1      0      0      0      0  10251   2415  21620     46      0      0      0 
 20260818    11:29:13       0    449     70      -    100     91      0      0      0      0  10251   2430  21620     46      0   4845      2 
 20260818    11:29:14       0    447     75      -    100      1      0      0      0      0  10251   2430  21620     46      0      1      0 
#Date        Time         gpu    pwr  gtemp  mtemp     sm    mem    enc    dec    jpg    ofa   mclk   pclk     fb   bar1   ccpm  rxpci  txpci 
#YYYYMMDD    HH:MM:SS     Idx      W      C      C      %      %      %      %      %      %    MHz    MHz     MB     MB     MB   MB/s   MB/s 
 20260818    11:29:15       0    448     71      -    100    100      0      0      0      0  10251   2280  21620     46      0   1404      0 
 20260818    11:29:16       0    448     76      -    100      1      0      0      0      0  10251   2400  21620     46      0      0      0 
 20260818    11:29:17       0    448     72      -    100    100      0      0      0      0  10251   2280  21620     46      0      0      0 
 20260818    11:29:18       0    449     76      -    100      1      0      0      0      0  10251   2415  21620     46      0      0      0 
 20260818    11:29:19       0    448     73      -    100     90      0      0      0      0  10251   2310  21620     46      0      0      0 
 20260818    11:29:20       0    449     75      -    100      1      0      0      0      0  10251   2445  21620     46      0      0      1 
 20260818    11:29:21       0    447     74      -    100      1      0      0      0      0  10251   2475  21620     46      0      0      0 
 20260818    11:29:22       0    449     76      -    100      1      0      0      0      0  10251   2460  21620     46      0      0      0 
 20260818    11:29:23       0    449     75      -    100      1      0      0      0      0  10251   2475  21620     46      0      0      0 
 20260818    11:29:24       0    452     76      -    100      1      0      0      0      0  10251   2475  21620     46      0      0      0 
 20260818    11:29:25       0    445     66      -    100     41      0      0      0      0  10251   2535  21620     46      0      0      0 
 20260818    11:29:26       0    450     76      -    100      1      0      0      0      0  10251   2490  21620     46      0      0      0 
 20260818    11:29:28       0    444     70      -    100     91      0      0      0      0  10251   2625  21620     46      0      0      0 
 20260818    11:29:29       0    451     77      -    100      1      0      0      0      0  10251   2460  21620     46      0      0      3 
 20260818    11:29:30       0    446     70      -    100    100      0      0      0      0  10251   2685  21620     46      0      0      0 
 20260818    11:29:31       0    451     76      -    100      1      0      0      0      0  10251   2460  21620     46      0      0      0 
 20260818    11:29:32       0    448     77      -    100      1      0      0      0      0  10251   2460  21620     46      0      0      0 
 20260818    11:29:33       0    449     77      -    100      1      0      0      0      0  10251   2460  21620     46      0      0      0 
 20260818    11:29:34       0    449     77      -    100      1      0      0      0      0  10251   2460  21620     46      0      0      0 
 20260818    11:29:35       0    449     76      -    100      1      0      0      0      0  10251   2460  21620     46      0      0      0 
 20260818    11:29:36       0    447     77      -    100      1      0      0      0      0  10251   2460  21620     46      0      0      0 
 20260818    11:29:37       0    451     77      -    100      1      0      0      0      0  10251   2415  21620     46      0      0      1 
 20260818    11:29:38       0    451     77      -    100      1      0      0      0      0  10251   2460  21620     46      0      0      0 
 20260818    11:29:39       0    450     77      -    100      1      0      0      0      0  10251   2460  21620     46      0     21      4 
 20260818    11:29:40       0    448     77      -    100      1      0      0      0      0  10251   2475  21620     46      0      0      0 
 20260818    11:29:41       0    451     77      -    100      1      0      0      0      0  10251   2475  21620     46      0     11      5 
 20260818    11:29:42       0    446     77      -    100      1      0      0      0      0  10251   2430  21620     46      0      0      0 
 20260818    11:29:43       0    446     73      -    100     24      0      0      0      0  10251   2625  21620     46      0     11      4 
 20260818    11:29:44       0    447     77      -    100      1      0      0      0      0  10251   2445  21620     46      0      0      0 
 20260818    11:29:45       0    448     76      -    100      1      0      0      0      0  10251   2535  21620     46      0      4      3 
 20260818    11:29:46       0    450     76      -    100      1      0      0      0      0  10251   2400  21620     46      0      0      0 
 20260818    11:29:47       0    448     77      -    100      1      0      0      0      0  10251   2430  21620     46      0     35     37 
 20260818    11:29:49       0    448     77      -    100      1      0      0      0      0  10251   2460  21620     46      0      0      8 
 20260818    11:29:50       0    448     77      -    100      1      0      0      0      0  10251   2445  21620     46      0   2142      7 
 20260818    11:29:51       0    448     77      -    100      1      0      0      0      0  10251   2445  21620     46      0      0      0 
 20260818    11:29:52       0    449     77      -    100      1      0      0      0      0  10251   2460  21620     46      0   4847      4 
 20260818    11:29:53       0    451     77      -    100      1      0      0      0      0  10251   2385  21620     46      0      1      0 
 20260818    11:29:54       0    446     71      -    100    100      0      0      0      0  10251   2580  21620     46      0   4366      0 
 20260818    11:29:55       0    446     77      -    100      1      0      0      0      0  10251   2430  21620     46      0      0      0 
 20260818    11:29:56       0    444     70      -     99     84      0      0      0      0  10251   2550  21620     46      0      0      0 
 20260818    11:29:57       0    446     76      -    100      1      0      0      0      0  10251   2415  21620     46      0      0      0 
 20260818    11:29:58       0    450     68      -    100     96      0      0      0      0  10251   2220  21620     46      0      0      0 
 20260818    11:29:59       0    447     77      -    100      1      0      0      0      0  10251   2400  21620     46      0      0      0 
 20260818    11:30:00       0    447     72      -    100    100      0      0      0      0  10251   2295  21620     46      0      0      0 
#Date        Time         gpu    pwr  gtemp  mtemp     sm    mem    enc    dec    jpg    ofa   mclk   pclk     fb   bar1   ccpm  rxpci  txpci 
#YYYYMMDD    HH:MM:SS     Idx      W      C      C      %      %      %      %      %      %    MHz    MHz     MB     MB     MB   MB/s   MB/s 
 20260818    11:30:01       0    447     76      -    100      1      0      0      0      0  10251   2415  21620     46      0      0      0 
 20260818    11:30:02       0    448     72      -    100    100      0      0      0      0  10251   2310  21620     46      0      0      1 
 20260818    11:30:03       0    450     78      -    100      1      0      0      0      0  10251   2460  21620     46      0      0      0 
 20260818    11:30:04       0    445     77      -    100      1      0      0      0      0  10251   2490  21620     46      0      0      0 
 20260818    11:30:05       0    451     78      -    100      1      0      0      0      0  10251   2460  21620     46      0      0      0 
 20260818    11:30:06       0    446     77      -    100      1      0      0      0      0  10251   2490  21620     46      0      0      0 
 20260818    11:30:07       0    451     78      -    100      1      0      0      0      0  10251   2445  21620     46      0      0      0 
 20260818    11:30:08       0    445     76      -    100     36      0      0      0      0  10251   2490  21620     46      0      0      0 
 20260818    11:30:10       0    449     78      -    100      1      0      0      0      0  10251   2430  21620     46      0      0      0 
 20260818    11:30:11       0    445     78      -    100     92      0      0      0      0  10251   2475  21620     46      0      0      7 
 20260818    11:30:12       0    452     77      -    100      1      0      0      0      0  10251   2460  21620     46      0      0      0 
 20260818    11:30:13       0    447     73      -    100    100      0      0      0      0  10251   2670  21620     46      0      0      1 
 20260818    11:30:14       0    448     77      -    100      1      0      0      0      0  10251   2445  21620     46      0      0      0 
 20260818    11:30:15       0    448     78      -    100      1      0      0      0      0  10251   2445  21620     46      0      0      0 
 20260818    11:30:16       0    449     78      -    100      1      0      0      0      0  10251   2460  21620     46      0      0      0 
 20260818    11:30:17       0    444     78      -    100      1      0      0      0      0  10251   2400  21620     46      0      0      0 
 20260818    11:30:18       0    450     78      -    100      1      0      0      0      0  10251   2460  21620     46      0      4      6 
 20260818    11:30:19       0    452     78      -    100      1      0      0      0      0  10251   2460  21620     46      0      0      0 
 20260818    11:30:20       0    450     78      -    100      1      0      0      0      0  10251   2460  21620     46      0     12      5 
 20260818    11:30:21       0    448     78      -    100      1      0      0      0      0  10251   2460  21620     46      0      0      0 
 20260818    11:30:22       0    451     78      -    100      1      0      0      0      0  10251   2490  21620     46      0     11      5 
 20260818    11:30:23       0    447     78      -    100      1      0      0      0      0  10251   2490  21620     46      0      0      0 
 20260818    11:30:24       0    448     72      -    100     91      0      0      0      0  10251   2280  21620     46      0     11      2 
 20260818    11:30:25       0    445     78      -    100      1      0      0      0      0  10251   2400  21620     46      0      0      0 
 20260818    11:30:26       0    445     73      -    100     38      0      0      0      0  10251   2385  21620     46      0     25      6 
 20260818    11:30:27       0    448     77      -    100      1      0      0      0      0  10251   2460  21620     46      0      0      0 
 20260818    11:30:28       0    447     71      -    100      7      0      0      0      0  10251   2535  21620     46      0   4895    356 
 20260818    11:30:29       0    448     77      -    100      1      0      0      0      0  10251   2505  21620     46      0      0      0 
 20260818    11:30:31       0    448     74      -    100      1      0      0      0      0  10251   2535  21620     46      0   3330    302 
 20260818    11:30:32       0    449     78      -    100      1      0      0      0      0  10251   2475  21620     46      0      1      0 
 20260818    11:30:33       0    448     78      -    100      1      0      0      0      0  10251   2475  21620     46      0    858      0 
 20260818    11:30:34       0    449     78      -    100      1      0      0      0      0  10251   2430  21620     46      0      0      1 
 20260818    11:30:35       0    442     76      -    100    100      0      0      0      0  10251   2520  21620     46      0      0      0 
 20260818    11:30:36       0    451     77      -    100      1      0      0      0      0  10251   2445  21620     46      0      0      0 
 20260818    11:30:37       0    441     70      -    100    100      0      0      0      0  10251   2610  21620     46      0    222     46 
 20260818    11:30:38       0    449     77      -    100      1      0      0      0      0  10251   2445  21620     46      0    216     45 
 20260818    11:30:39       0    423     68      -     80     50      0      0      0      0  10251   2700  21716     46      0      0      0 
 20260818    11:30:40       0    437     77      -    100      1      0      0      0      0  10251   2370  21716     46      0      0      0 
 20260818    11:30:41       0    446     74      -    100    100      0      0      0      0  10251   2145  21716     46      0      0      0 
 20260818    11:30:42       0    448     77      -    100      1      0      0      0      0  10251   2385  21716     46      0      0      0 
 20260818    11:30:43       0    448     72      -    100    100      0      0      0      0  10251   2310  21716     46      0      0      0 
 20260818    11:30:44       0    448     77      -    100      1      0      0      0      0  10251   2415  21716     46      0      0      1 
 20260818    11:30:45       0    443     79      -    100      1      0      0      0      0  10251   2445  21716     46      0      0      0 
 20260818    11:30:46       0    451     78      -    100      1      0      0      0      0  10251   2490  21716     46      0      0      0 
#Date        Time         gpu    pwr  gtemp  mtemp     sm    mem    enc    dec    jpg    ofa   mclk   pclk     fb   bar1   ccpm  rxpci  txpci 
#YYYYMMDD    HH:MM:SS     Idx      W      C      C      %      %      %      %      %      %    MHz    MHz     MB     MB     MB   MB/s   MB/s 
 20260818    11:30:47       0    445     78      -    100      1      0      0      0      0  10251   2490  21716     46      0      0      0 
 20260818    11:30:48       0    451     78      -    100      1      0      0      0      0  10251   2460  21716     46      0      0      0 
 20260818    11:30:49       0    446     77      -    100      1      0      0      0      0  10251   2520  21716     46      0      0      0 
 20260818    11:30:50       0    453     78      -    100      1      0      0      0      0  10251   2460  21716     46      0      0      0 
 20260818    11:30:52       0    447     76      -    100     42      0      0      0      0  10251   2475  21716     46      0      0      0 
 20260818    11:30:53       0    449     78      -    100      1      0      0      0      0  10251   2460  21716     46      0      0      2 
 20260818    11:30:54       0    444     77      -    100     94      0      0      0      0  10251   2460  21716     46      0      0      0 
 20260818    11:30:55       0    451     78      -    100      1      0      0      0      0  10251   2430  21716     46      0      0      1 
 20260818    11:30:56       0    445     78      -    100      1      0      0      0      0  10251   2445  21716     46      0      0      0 
 20260818    11:30:57       0    449     79      -    100      1      0      0      0      0  10251   2445  21716     46      0      0      0 
 20260818    11:30:58       0    449     79      -    100      1      0      0      0      0  10251   2445  21716     46      0      0      0 
 20260818    11:30:59       0    448     78      -    100      1      0      0      0      0  10251   2430  21716     46      0      4      7 
 20260818    11:31:00       0    448     79      -    100      1      0      0      0      0  10251   2445  21716     46      0      0      0 
 20260818    11:31:01       0    450     78      -    100      1      0      0      0      0  10251   2445  21716     46      0     12      5 
 20260818    11:31:02       0    445     78      -    100      1      0      0      0      0  10251   2445  21716     46      0      0      0 
 20260818    11:31:03       0    450     79      -    100      1      0      0      0      0  10251   2445  21716     46      0     11      5 
 20260818    11:31:04       0    449     79      -    100      1      0      0      0      0  10251   2445  21716     46      0      0      0 
 20260818    11:31:05       0    451     79      -    100      1      0      0      0      0  10251   2460  21716     46      0     11      3 
 20260818    11:31:06       0    451     78      -    100      1      0      0      0      0  10251   2430  21716     46      0      0      0 
 20260818    11:31:07       0    447     75      -    100     48      0      0      0      0  10251   2310  21716     46      0      7      4 
 20260818    11:31:08       0    449     79      -    100      1      0      0      0      0  10251   2400  21716     46      0      1      0 
 20260818    11:31:09       0    448     71      -    100      7      0      0      0      0  10251   2430  21716     46      0   6917   1495 
 20260818    11:31:10       0    446     78      -    100      1      0      0      0      0  10251   2445  21716     46      0      0      0 
 20260818    11:31:11       0    448     78      -    100      1      0      0      0      0  10251   2490  21716     46      0     11      5 
 20260818    11:31:13       0    450     78      -    100      1      0      0      0      0  10251   2445  21716     46      0      0      2 
 20260818    11:31:14       0    449     78      -    100      1      0      0      0      0  10251   2445  21716     46      0     17      3 
 20260818    11:31:15       0    448     78      -    100      1      0      0      0      0  10251   2430  21716     46      0      0      0 
 20260818    11:31:16       0    449     79      -    100      1      0      0      0      0  10251   2430  21716     46      0      4      1 
 20260818    11:31:17       0    450     77      -    100      1      0      0      0      0  10251   2415  21716     46      0      0      0 
 20260818    11:31:18       0    446     72      -    100    100      0      0      0      0  10251   2565  21716     46      0      0      0 
 20260818    11:31:19       0    447     78      -    100      1      0      0      0      0  10251   2385  21716     46      0      0      0 
 20260818    11:31:20       0    446     71      -    100     86      0      0      0      0  10251   2520  21716     46      0      0      1 
 20260818    11:31:21       0    446     77      -    100      1      0      0      0      0  10251   2415  21716     46      0      0      0 
 20260818    11:31:22       0    448     71      -    100    100      0      0      0      0  10251   2325  21716     46      0      0      0 
 20260818    11:31:23       0    446     78      -    100      1      0      0      0      0  10251   2385  21716     46      0      0      0 
 20260818    11:31:24       0    448     71      -    100    100      0      0      0      0  10251   2160  21716     46      0      0      0 
 20260818    11:31:25       0    451     78      -    100      1      0      0      0      0  10251   2385  21716     46      0      0      0 
 20260818    11:31:26       0    448     74      -    100     86      0      0      0      0  10251   2265  21716     46      0      0      0 
 20260818    11:31:27       0    452     79      -    100      1      0      0      0      0  10251   2460  21716     46      0      0      0 
 20260818    11:31:28       0    444     78      -    100      1      0      0      0      0  10251   2475  21716     46      0      0      0 
 20260818    11:31:29       0    450     79      -    100      1      0      0      0      0  10251   2460  21716     46      0      0      0 
 20260818    11:31:30       0    448     78      -    100     15      0      0      0      0  10251   2490  21716     46      0      0      0 
 20260818    11:31:31       0    451     78      -    100      1      0      0      0      0  10251   2475  21716     46      0      0      0 
 20260818    11:31:32       0    450     77      -    100     73      0      0      0      0  10251   2460  21716     46      0      0      0 
#Date        Time         gpu    pwr  gtemp  mtemp     sm    mem    enc    dec    jpg    ofa   mclk   pclk     fb   bar1   ccpm  rxpci  txpci 
#YYYYMMDD    HH:MM:SS     Idx      W      C      C      %      %      %      %      %      %    MHz    MHz     MB     MB     MB   MB/s   MB/s 
 20260818    11:31:34       0    451     78      -    100      1      0      0      0      0  10251   2430  21716     46      0      6      0 
 20260818    11:31:35       0    441     77      -    100    100      0      0      0      0  10251   2475  21716     46      0      0      0 
 20260818    11:31:36       0    450     78      -    100      1      0      0      0      0  10251   2400  21716     46      0      0      0 
 20260818    11:31:37       0    445     72      -    100    100      0      0      0      0  10251   2685  21716     46      0      0      0 
 20260818    11:31:38       0    450     79      -    100      1      0      0      0      0  10251   2415  21716     46      0      0      0 
 20260818    11:31:39       0    451     79      -    100      1      0      0      0      0  10251   2430  21716     46      0      0      0 
 20260818    11:31:40       0    450     79      -    100      1      0      0      0      0  10251   2445  21716     46      0      0      0 
 20260818    11:31:41       0    446     78      -    100      1      0      0      0      0  10251   2460  21716     46      0      0      0 
 20260818    11:31:42       0    450     79      -    100      1      0      0      0      0  10251   2460  21716     46      0      0      1 
 20260818    11:31:43       0    448     78      -    100      1      0      0      0      0  10251   2460  21716     46      0      0      0 
 20260818    11:31:44       0    450     79      -    100      1      0      0      0      0  10251   2460  21716     46      0     10      6 
 20260818    11:31:45       0    451     78      -    100      1      0      0      0      0  10251   2475  21716     46      0      0      0 
 20260818    11:31:46       0    450     79      -    100      1      0      0      0      0  10251   2445  21716     46      0     11      5 
 20260818    11:31:47       0    443     78      -    100      1      0      0      0      0  10251   2475  21716     46      0      0      0 
 20260818    11:31:48       0    447     72      -    100      7      0      0      0      0  10251   2490  21716     46      0     11      5 
 20260818    11:31:49       0    448     78      -    100      1      0      0      0      0  10251   2430  21716     46      0      0      0 
 20260818    11:31:50       0    448     79      -    100      1      0      0      0      0  10251   2505  21716     46      0     11      4 
 20260818    11:31:51       0    448     78      -    100      1      0      0      0      0  10251   2415  21716     46      0      0      0 
 20260818    11:31:52       0    448     79      -    100      1      0      0      0      0  10251   2430  21716     46      0      4      7 
 20260818    11:31:53       0    446     79      -    100      1      0      0      0      0  10251   2385  21716     46      0      0      0 
 20260818    11:31:55       0    449     78      -    100      1      0      0      0      0  10251   2445  21716     46      0  13972      9 
 20260818    11:31:56       0    449     78      -    100      1      0      0      0      0  10251   2445  21716     46      0      5      0 
 20260818    11:31:57       0    448     79      -    100      1      0      0      0      0  10251   2445  21716     46      0      7      3 
 20260818    11:31:58       0    451     79      -    100      1      0      0      0      0  10251   2430  21716     46      0      0      1 
 20260818    11:31:59       0    447     70      -     99     84      0      0      0      0  10251   2550  21716     46      0      8      2 
 20260818    11:32:00       0    447     78      -    100      1      0      0      0      0  10251   2385  21716     46      0      0      0 
 20260818    11:32:01       0    446     70      -    100    100      0      0      0      0  10251   2400  21716     46      0      0      0 
 20260818    11:32:02       0    448     78      -    100      1      0      0      0      0  10251   2400  21716     46      0      0      0 
 20260818    11:32:03       0    446     72      -    100    100      0      0      0      0  10251   2190  21716     46      0      0      0 
 20260818    11:32:04       0    452     78      -    100      1      0      0      0      0  10251   2400  21716     46      0      0      0 
 20260818    11:32:05       0    450     74      -    100     92      0      0      0      0  10251   2370  21716     46      0      0      0 
 20260818    11:32:06       0    451     79      -    100      1      0      0      0      0  10251   2400  21716     46      0      0      0 
 20260818    11:32:07       0    446     74      -    100     35      0      0      0      0  10251   2340  21716     46      0      0      0 
 20260818    11:32:08       0    445     78      -    100      1      0      0      0      0  10251   2430  21716     46      0      0      0 
 20260818    11:32:09       0    450     78      -    100      1      0      0      0      0  10251   2475  21716     46      0      0      0 
 20260818    11:32:10       0    456     79      -    100      1      0      0      0      0  10251   2475  21716     46      0      0      0 
 20260818    11:32:11       0    447     77      -    100     53      0      0      0      0  10251   2490  21716     46      0      0      0 
 20260818    11:32:12       0    450     79      -    100      1      0      0      0      0  10251   2490  21716     46      0      0      0 
 20260818    11:32:13       0    443     77      -    100    100      0      0      0      0  10251   2475  21716     46      0      0      0 
 20260818    11:32:14       0    451     78      -    100      1      0      0      0      0  10251   2445  21716     46      0      0      0 
 20260818    11:32:16       0    445     68      -    100    100      0      0      0      0  10251   2505  21716     46      0      6      0 
 20260818    11:32:17       0    450     78      -    100      1      0      0      0      0  10251   2445  21716     46      0      0      0 
 20260818    11:32:18       0    443     71      -    100    100      0      0      0      0  10251   2685  21716     46      0      0      0 
 20260818    11:32:19       0    443     77      -    100      1      0      0      0      0  10251   2385  21716     46      0      0      0 
#Date        Time         gpu    pwr  gtemp  mtemp     sm    mem    enc    dec    jpg    ofa   mclk   pclk     fb   bar1   ccpm  rxpci  txpci 
#YYYYMMDD    HH:MM:SS     Idx      W      C      C      %      %      %      %      %      %    MHz    MHz     MB     MB     MB   MB/s   MB/s 
 20260818    11:32:20       0    451     79      -    100      1      0      0      0      0  10251   2490  21716     46      0     16      4 
 20260818    11:32:21       0    449     78      -    100      1      0      0      0      0  10251   2445  21716     46      0     16      4 
 20260818    11:32:22       0    434     79      -    100      1      0      0      0      0  10251   2475  21716     46      0      0      0 
 20260818    11:32:23       0    454     79      -    100      1      0      0      0      0  10251   2430  21716     46      0      0      0 
 20260818    11:32:24       0    446     78      -    100      1      0      0      0      0  10251   2460  21716     46      0      0      0 
 20260818    11:32:25       0    451     79      -    100      1      0      0      0      0  10251   2475  21716     46      0      0      0 
 20260818    11:32:26       0    449     79      -    100      1      0      0      0      0  10251   2460  21716     46      0      0      0 
 20260818    11:32:27       0    450     79      -    100      1      0      0      0      0  10251   2490  21716     46      0      0      1 
 20260818    11:32:28       0    451     76      -    100      1      0      0      0      0  10251   2475  21716     46      0      0      0 
 20260818    11:32:29       0    448     78      -    100      1      0      0      0      0  10251   2505  21716     46      0     27      4 
 20260818    11:32:30       0    449     78      -    100      1      0      0      0      0  10251   2460  21716     46      0      0      0 
 20260818    11:32:31       0    448     79      -    100      8      0      0      0      0  10251   2430  21716     46      0     11      5 
 20260818    11:32:32       0    448     79      -    100      1      0      0      0      0  10251   2430  21716     46      0      0      0 
 20260818    11:32:33       0    448     80      -    100      1      0      0      0      0  10251   2460  21716     46      0     11      4 
 20260818    11:32:34       0    449     79      -    100      1      0      0      0      0  10251   2445  21716     46      0      0      0 
 20260818    11:32:35       0    448     79      -    100      1      0      0      0      0  10251   2460  21716     46      0      8      3 
 20260818    11:32:37       0    451     79      -    100      1      0      0      0      0  10251   2430  21716     46      0      0      1 
 20260818    11:32:38       0    449     79      -    100      1      0      0      0      0  10251   2430  21716     46      0     29   1278 
 20260818    11:32:39       0    449     79      -    100      1      0      0      0      0  10251   2430  21716     46      0      0      0 
 20260818    11:32:40       0    449     79      -    100      1      0      0      0      0  10251   2415  21716     46      0   2711      4 
 20260818    11:32:41       0    445     78      -    100      1      0      0      0      0  10251   2385  21716     46      0      0      0 
 20260818    11:32:42       0    444     73      -    100     83      0      0      0      0  10251   2265  21716     46      0      8      3 
 20260818    11:32:43       0    449     78      -    100      1      0      0      0      0  10251   2415  21716     46      0      0      0 
 20260818    11:32:44       0    449     74      -    100    100      0      0      0      0  10251   2415  21716     46      0      9      2 
 20260818    11:32:45       0    446     79      -    100      1      0      0      0      0  10251   2385  21716     46      0      0      0 
 20260818    11:32:46       0    447     74      -    100    100      0      0      0      0  10251   2295  21716     46      0      0      0 
 20260818    11:32:47       0    450     78      -    100      1      0      0      0      0  10251   2430  21716     46      0      0      0 
 20260818    11:32:48       0    448     75      -    100     91      0      0      0      0  10251   2385  21716     46      0      0      0 
 20260818    11:32:49       0    451     79      -    100      1      0      0      0      0  10251   2400  21716     46      0      0      0 
 20260818    11:32:50       0    446     79      -    100     30      0      0      0      0  10251   2415  21716     46      0      0      0 
 20260818    11:32:51       0    451     78      -    100      1      0      0      0      0  10251   2490  21716     46      0      0      0 
 20260818    11:32:52       0    444     78      -    100      6      0      0      0      0  10251   2520  21716     46      0      0      0 
 20260818    11:32:53       0    455     78      -    100      1      0      0      0      0  10251   2430  21716     46      0      0      0 
 20260818    11:32:54       0    445     72      -    100     72      0      0      0      0  10251   2685  21716     46      0      0      0 
 20260818    11:32:55       0    453     78      -    100      1      0      0      0      0  10251   2460  21716     46      0      0      0 
 20260818    11:32:56       0    445     71      -    100    100      0      0      0      0  10251   2655  21716     46      0      0      0 
 20260818    11:32:58       0    449     78      -    100      1      0      0      0      0  10251   2415  21716     46      0      2      6 
 20260818    11:32:59       0    443     70      -    100    100      0      0      0      0  10251   2475  21716     46      0      0      0 
 20260818    11:33:00       0    446     79      -    100      1      0      0      0      0  10251   2400  21716     46      0      0      0 
 20260818    11:33:01       0    443     74      -    100     89      0      0      0      0  10251   2550  21716     46      0      0      0 
 20260818    11:33:02       0    450     78      -    100      1      0      0      0      0  10251   2385  21716     46      0      0      0 
 20260818    11:33:03       0    450     79      -    100      1      0      0      0      0  10251   2460  21716     46      0      0      0 
 20260818    11:33:04       0    450     80      -    100      1      0      0      0      0  10251   2460  21716     46      0      0      0 
 20260818    11:33:05       0    447     79      -    100      1      0      0      0      0  10251   2475  21716     46      0      0      0 
#Date        Time         gpu    pwr  gtemp  mtemp     sm    mem    enc    dec    jpg    ofa   mclk   pclk     fb   bar1   ccpm  rxpci  txpci 
#YYYYMMDD    HH:MM:SS     Idx      W      C      C      %      %      %      %      %      %    MHz    MHz     MB     MB     MB   MB/s   MB/s 
 20260818    11:33:06       0    450     80      -    100      1      0      0      0      0  10251   2475  21716     46      0      0      0 
 20260818    11:33:07       0    447     79      -    100      1      0      0      0      0  10251   2505  21716     46      0      0      0 
 20260818    11:33:08       0    452     79      -    100      1      0      0      0      0  10251   2475  21716     46      0      0      0 
 20260818    11:33:09       0    448     78      -    100      1      0      0      0      0  10251   2490  21716     46      0      0      0 
 20260818    11:33:10       0    451     79      -    100      1      0      0      0      0  10251   2460  21716     46      0      0      0 
 20260818    11:33:11       0    443     78      -    100      1      0      0      0      0  10251   2505  21716     46      0      0      0 
 20260818    11:33:12       0    453     78      -    100      1      0      0      0      0  10251   2460  21716     46      0      0      1 
 20260818    11:33:13       0    449     79      -    100      1      0      0      0      0  10251   2445  21716     46      0      0      0 
 20260818    11:33:14       0    449     79      -    100      1      0      0      0      0  10251   2430  21716     46      0     27      4 
 20260818    11:33:15       0    450     79      -    100      1      0      0      0      0  10251   2445  21716     46      0      0      0 
 20260818    11:33:16       0    449     79      -    100      1      0      0      0      0  10251   2430  21716     46      0     11      5 
 20260818    11:33:17       0    446     79      -    100      1      0      0      0      0  10251   2430  21716     46      0      0      0 
 20260818    11:33:19       0    449     80      -    100      1      0      0      0      0  10251   2460  21716     46      0     11      4 
 20260818    11:33:20       0    450     79      -    100      1      0      0      0      0  10251   2475  21716     46      0      0      2 
 20260818    11:33:21       0    449     79      -    100      1      0      0      0      0  10251   2460  21716     46      0     14      3 
 20260818    11:33:22       0    449     79      -    100      1      0      0      0      0  10251   2475  21716     46      0      0      1 
 20260818    11:33:23       0    449     79      -    100      1      0      0      0      0  10251   2445  21716     46      0     16    597 
 20260818    11:33:24       0    446     79      -    100      1      0      0      0      0  10251   2400  21716     46      0      0      0 
 20260818    11:33:25       0    449     75      -    100    100      0      0      0      0  10251   2265  21716     46      0  10898      3 
 20260818    11:33:26       0    452     79      -    100      1      0      0      0      0  10251   2400  21716     46      0      0      0 
 20260818    11:33:27       0    448     78      -    100     80      0      0      0      0  10251   2535  21716     46      0     11      5 
 20260818    11:33:28       0    451     79      -    100      1      0      0      0      0  10251   2415  21716     46      0      0      0 
 20260818    11:33:29       0    449     79      -    100     16      0      0      0      0  10251   2265  21716     46      0      6      4 
 20260818    11:33:30       0    447     79      -    100      1      0      0      0      0  10251   2415  21716     46      0      0      0 
 20260818    11:33:31       0    448     79      -    100      1      0      0      0      0  10251   2415  21716     46      0      0      0 
 20260818    11:33:32       0    448     79      -    100      1      0      0      0      0  10251   2385  21716     46      0      0      0 
 20260818    11:33:33       0    442     71      -    100     96      0      0      0      0  10251   2685  21716     46      0      0      0 
 20260818    11:33:34       0    451     78      -    100      1      0      0      0      0  10251   2430  21716     46      0      0      0 
 20260818    11:33:35       0    446     72      -    100    100      0      0      0      0  10251   2580  21716     46      0      0      0 
 20260818    11:33:36       0    452     78      -    100      1      0      0      0      0  10251   2415  21716     46      0      0      0 
 20260818    11:33:37       0    444     70      -    100    100      0      0      0      0  10251   2520  21716     46      0      0      0 
 20260818    11:33:38       0    454     78      -    100      1      0      0      0      0  10251   2430  21716     46      0      0      0 
 20260818    11:33:40       0    449     75      -    100     86      0      0      0      0  10251   2475  21716     46      0      0      2 
 20260818    11:33:41       0    446     79      -    100      1      0      0      0      0  10251   2385  21716     46      0      5      0 
 20260818    11:33:42       0    448     73      -    100     95      0      0      0      0  10251   2160  21716     46      0      0      0 
 20260818    11:33:43       0    446     79      -    100      1      0      0      0      0  10251   2385  21716     46      0      0      0 
 20260818    11:33:44       0    449     75      -    100    100      0      0      0      0  10251   2265  21716     46      0      0      0 
 20260818    11:33:45       0    451     80      -    100      1      0      0      0      0  10251   2460  21716     46      0      0      0 
 20260818    11:33:46       0    450     79      -    100      1      0      0      0      0  10251   2490  21716     46      0      0      0 
 20260818    11:33:47       0    449     80      -    100      1      0      0      0      0  10251   2475  21716     46      0      0      0 
 20260818    11:33:48       0    446     77      -    100      1      0      0      0      0  10251   2490  21716     46      0      0      0 
 20260818    11:33:49       0    451     79      -    100      1      0      0      0      0  10251   2460  21716     46      0      0      0 
 20260818    11:33:50       0    446     76      -    100      1      0      0      0      0  10251   2490  21716     46      0      0      0 
 20260818    11:33:51       0    451     79      -    100      1      0      0      0      0  10251   2505  21716     46      0      0      0 
#Date        Time         gpu    pwr  gtemp  mtemp     sm    mem    enc    dec    jpg    ofa   mclk   pclk     fb   bar1   ccpm  rxpci  txpci 
#YYYYMMDD    HH:MM:SS     Idx      W      C      C      %      %      %      %      %      %    MHz    MHz     MB     MB     MB   MB/s   MB/s 
 20260818    11:33:52       0    448     70      -    100     49      0      0      0      0  10251   2445  21716     46      0      0      0 
 20260818    11:33:53       0    450     78      -    100      1      0      0      0      0  10251   2445  21716     46      0      0      0 
 20260818    11:33:54       0    442     73      -    100    100      0      0      0      0  10251   2520  21716     46      0      0      0 
 20260818    11:33:55       0    449     79      -    100      1      0      0      0      0  10251   2475  21716     46      0      0      0 
 20260818    11:33:56       0    445     79      -    100      1      0      0      0      0  10251   2445  21716     46      0      0      0 
 20260818    11:33:57       0    450     79      -    100      1      0      0      0      0  10251   2445  21716     46      0      4      3 
 20260818    11:33:58       0    449     79      -    100      1      0      0      0      0  10251   2490  21716     46      0      0      0 
 20260818    11:33:59       0    449     80      -    100      1      0      0      0      0  10251   2430  21716     46      0     11      5 
 20260818    11:34:00       0    450     79      -    100      1      0      0      0      0  10251   2460  21716     46      0      0      0 
 20260818    11:34:02       0    449     79      -    100      1      0      0      0      0  10251   2445  21716     46      0     11      5 
 20260818    11:34:03       0    446     81      -    100      1      0      0      0      0  10251   2565  21716     46      0     18      7 
 20260818    11:34:04       0    448     78      -    100      1      0      0      0      0  10251   2490  21716     46      0     23      8 
 20260818    11:34:05       0    434     79      -    100      1      0      0      0      0  10251   2460  21748     46      0      0      1 
 20260818    11:34:06       0    445     75      -    100     55      0      0      0      0  10251   2400  21748     46      0     11      5 
 20260818    11:34:07       0    448     79      -    100      1      0      0      0      0  10251   2430  21748     46      0      0      0 
 20260818    11:34:08       0    447     74      -    100      9      0      0      0      0  10251   2565  21748     46      0      4      3 
 20260818    11:34:09       0    450     79      -    100      1      0      0      0      0  10251   2490  21748     46      0      1      0 
 20260818    11:34:10       0    448     76      -    100      1      0      0      0      0  10251   2400  21748     46      0  10560   1153 
 20260818    11:34:11       0    447     80      -    100      1      0      0      0      0  10251   2460  21748     46      0      0      0 
 20260818    11:34:12       0    449     80      -    100      1      0      0      0      0  10251   2460  21748     46      0      8      3 
 20260818    11:34:13       0    448     79      -    100      1      0      0      0      0  10251   2445  21748     46      0      0      0 
 20260818    11:34:14       0    449     79      -    100      1      0      0      0      0  10251   2445  21748     46      0     10      4 
 20260818    11:34:15       0    448     79      -    100      1      0      0      0      0  10251   2460  21748     46      0      0      0 
 20260818    11:34:16       0    447     72      -    100    100      0      0      0      0  10251   2580  21748     46      0      0      0 
 20260818    11:34:17       0    446     78      -    100      1      0      0      0      0  10251   2385  21748     46      0      0      0 
 20260818    11:34:18       0    447     72      -    100     88      0      0      0      0  10251   2505  21748     46      0      0      0 
 20260818    11:34:19       0    449     78      -    100      1      0      0      0      0  10251   2370  21748     46      0      0      0 
 20260818    11:34:20       0    448     70      -    100     92      0      0      0      0  10251   2160  21748     46      0      0      0 
 20260818    11:34:21       0    445     79      -    100      1      0      0      0      0  10251   2415  21748     46      0      0      0 
 20260818    11:34:23       0    448     75      -    100    100      0      0      0      0  10251   2445  21748     46      0      2      6 
 20260818    11:34:24       0    452     78      -    100      1      0      0      0      0  10251   2385  21748     46      0      0      0 
 20260818    11:34:25       0    448     74      -    100    100      0      0      0      0  10251   2295  21748     46      0      0      0 
 20260818    11:34:26       0    448     78      -    100      1      0      0      0      0  10251   2400  21748     46      0      0      1 
 20260818    11:34:27       0    448     79      -    100      1      0      0      0      0  10251   2475  21748     46      0      0      0 
 20260818    11:34:28       0    450     79      -    100      1      0      0      0      0  10251   2475  21748     46      0      0      0 
 20260818    11:34:29       0    448     78      -    100      1      0      0      0      0  10251   2475  21748     46      0      0      0 
 20260818    11:34:30       0    454     79      -    100      1      0      0      0      0  10251   2430  21748     46      0      0      0 
 20260818    11:34:31       0    445     77      -    100     58      0      0      0      0  10251   2430  21748     46      0      0      0 
 20260818    11:34:32       0    448     79      -    100      1      0      0      0      0  10251   2475  21748     46      0      0      1 
 20260818    11:34:33       0    444     78      -    100    100      0      0      0      0  10251   2685  21748     46      0      0      0 
 20260818    11:34:34       0    451     78      -    100      1      0      0      0      0  10251   2415  21748     46      0      0      0 
 20260818    11:34:35       0    444     72      -    100    100      0      0      0      0  10251   2580  21748     46      0      0      0 
 20260818    11:34:36       0    449     79      -    100      1      0      0      0      0  10251   2400  21748     46      0      0      1 
 20260818    11:34:37       0    447     79      -    100      1      0      0      0      0  10251   2445  21748     46      0      0      0 
#Date        Time         gpu    pwr  gtemp  mtemp     sm    mem    enc    dec    jpg    ofa   mclk   pclk     fb   bar1   ccpm  rxpci  txpci 
#YYYYMMDD    HH:MM:SS     Idx      W      C      C      %      %      %      %      %      %    MHz    MHz     MB     MB     MB   MB/s   MB/s 
 20260818    11:34:38       0    449     80      -    100      1      0      0      0      0  10251   2445  21748     46      0      0      0 
 20260818    11:34:39       0    449     79      -    100      1      0      0      0      0  10251   2445  21748     46      0      0      0 
 20260818    11:34:40       0    450     80      -    100      1      0      0      0      0  10251   2475  21748     46      0      0      0 
 20260818    11:34:41       0    450     79      -    100      1      0      0      0      0  10251   2460  21748     46      0      0      0 
 20260818    11:34:42       0    449     80      -    100      1      0      0      0      0  10251   2445  21748     46      0      0      7 
 20260818    11:34:44       0    446     79      -    100      1      0      0      0      0  10251   2490  21748     46      0      0      0 
 20260818    11:34:45       0    449     79      -    100      1      0      0      0      0  10251   2445  21748     46      0      0      2 
 20260818    11:34:46       0    449     80      -    100      1      0      0      0      0  10251   2475  21748     46      0      0      0 
 20260818    11:34:47       0    451     79      -    100      1      0      0      0      0  10251   2475  21748     46      0     26      4 
 20260818    11:34:48       0    448     79      -    100      1      0      0      0      0  10251   2430  21748     46      0      0      0 
 20260818    11:34:49       0    448     79      -    100      1      0      0      0      0  10251   2445  21748     46      0     11      5 
 20260818    11:34:50       0    447     79      -    100      1      0      0      0      0  10251   2430  21748     46      0      1      0 
 20260818    11:34:51       0    448     79      -    100      1      0      0      0      0  10251   2460  21748     46      0     11      5 
 20260818    11:34:52       0    448     79      -    100      1      0      0      0      0  10251   2430  21748     46      0      0      0 
 20260818    11:34:53       0    449     79      -    100      1      0      0      0      0  10251   2415  21748     46      0     11      4 
 20260818    11:34:54       0    448     79      -    100      1      0      0      0      0  10251   2445  21748     46      0      0      0 
 20260818    11:34:55       0    450     80      -    100      1      0      0      0      0  10251   2430  21748     46      0      4      7 
 20260818    11:34:56       0    446     79      -    100      1      0      0      0      0  10251   2445  21748     46      0      0      0 
 20260818    11:34:57       0    450     80      -    100      1      0      0      0      0  10251   2430  21748     46      0  13963    582 
 20260818    11:34:58       0    448     78      -    100      1      0      0      0      0  10251   2400  21748     46      0      0      0 
 20260818    11:34:59       0    451     74      -    100    100      0      0      0      0  10251   2220  21748     46      0      8      4 
 20260818    11:35:00       0    450     79      -    100      1      0      0      0      0  10251   2400  21748     46      0      0      0 
 20260818    11:35:01       0    449     72      -    100    100      0      0      0      0  10251   2250  21748     46      0      8      3 
 20260818    11:35:02       0    448     79      -    100      1      0      0      0      0  10251   2385  21748     46      0      0      0 
 20260818    11:35:03       0    447     74      -    100     79      0      0      0      0  10251   2280  21748     46      0      1      0 
 20260818    11:35:05       0    448     79      -    100      1      0      0      0      0  10251   2445  21748     46      0      0      0 
 20260818    11:35:06       0    447     76      -    100     21      0      0      0      0  10251   2385  21748     46      0      6      0 
 20260818    11:35:07       0    449     79      -    100      1      0      0      0      0  10251   2445  21748     46      0      0      0 
 20260818    11:35:08       0    448     77      -    100      1      0      0      0      0  10251   2475  21748     46      0      0      0 
 20260818    11:35:09       0    451     79      -    100      1      0      0      0      0  10251   2430  21748     46      0      0      0 
 20260818    11:35:10       0    445     81      -    100     91      0      0      0      0  10251   2475  21748     46      0      0      0 
 20260818    11:35:11       0    453     79      -    100      1      0      0      0      0  10251   2445  21748     46      0      0      0 
 20260818    11:35:12       0    445     68      -    100    100      0      0      0      0  10251   2685  21748     46      0      0      0 
 20260818    11:35:13       0    450     79      -    100      1      0      0      0      0  10251   2400  21748     46      0      0      0 
 20260818    11:35:14       0    441     72      -    100    100      0      0      0      0  10251   2580  21748     46      0      0      0 
 20260818    11:35:15       0    445     79      -    100      1      0      0      0      0  10251   2400  21748     46      0      0      0 
 20260818    11:35:16       0    444     72      -    100     84      0      0      0      0  10251   2520  21748     46      0      0      0 
 20260818    11:35:17       0    449     79      -    100      1      0      0      0      0  10251   2400  21748     46      0      0      0 
 20260818    11:35:18       0    451     71      -    100    100      0      0      0      0  10251   2295  21748     46      0      0      0 
 20260818    11:35:19       0    450     79      -    100      1      0      0      0      0  10251   2490  21748     46      0      0      0 
 20260818    11:35:20       0    447     80      -    100      1      0      0      0      0  10251   2475  21748     46      0      0      0 
 20260818    11:35:21       0    451     80      -    100      2      0      0      0      0  10251   2445  21748     46      0      0      0 
 20260818    11:35:22       0    448     79      -    100      1      0      0      0      0  10251   2475  21748     46      0      0      0 
 20260818    11:35:23       0    451     80      -    100      1      0      0      0      0  10251   2445  21748     46      0      0      0 
#Date        Time         gpu    pwr  gtemp  mtemp     sm    mem    enc    dec    jpg    ofa   mclk   pclk     fb   bar1   ccpm  rxpci  txpci 
#YYYYMMDD    HH:MM:SS     Idx      W      C      C      %      %      %      %      %      %    MHz    MHz     MB     MB     MB   MB/s   MB/s 
 20260818    11:35:24       0    447     79      -    100      1      0      0      0      0  10251   2490  21748     46      0      0      2 
 20260818    11:35:26       0    451     80      -    100      1      0      0      0      0  10251   2460  21748     46      0      5      0 
 20260818    11:35:27       0    442     77      -    100      4      0      0      0      0  10251   2520  21748     46      0      0      0 
 20260818    11:35:28       0    454     79      -    100      1      0      0      0      0  10251   2475  21748     46      0      0      0 
 20260818    11:35:29       0    447     78      -    100     64      0      0      0      0  10251   2505  21748     46      0      0      0 
 20260818    11:35:30       0    449     80      -    100      1      0      0      0      0  10251   2400  21748     46      0      0      1 
 20260818    11:35:31       0    449     79      -    100      1      0      0      0      0  10251   2400  21748     46      0      0      0 
 20260818    11:35:32       0    449     79      -    100      1      0      0      0      0  10251   2445  21748     46      0     11      6 
 20260818    11:35:33       0    446     79      -    100      1      0      0      0      0  10251   2460  21748     46      0      0      0 
 20260818    11:35:34       0    450     80      -    100      1      0      0      0      0  10251   2430  21748     46      0     11      5 
 20260818    11:35:35       0    448     79      -    100      1      0      0      0      0  10251   2460  21748     46      0      1      0 
 20260818    11:35:36       0    449     79      -    100      1      0      0      0      0  10251   2445  21748     46      0     11      5 
 20260818    11:35:37       0    448     79      -    100      1      0      0      0      0  10251   2475  21748     46      0      0      0 
 20260818    11:35:38       0    449     79      -    100      1      0      0      0      0  10251   2475  21748     46      0      5      2 
 20260818    11:35:39       0    448     79      -    100      1      0      0      0      0  10251   2475  21748     46      0      0      1 
 20260818    11:35:40       0    448     80      -    100      1      0      0      0      0  10251   2475  21748     46      0     28   1434 
 20260818    11:35:41       0    447     79      -    100      1      0      0      0      0  10251   2400  21748     46      0      0      0 
 20260818    11:35:42       0    448     74      -    100    100      0      0      0      0  10251   2265  21748     46      0   1459      3 
 20260818    11:35:43       0    449     79      -    100      1      0      0      0      0  10251   2415  21748     46      0      0      0 
 20260818    11:35:44       0    446     75      -    100     50      0      0      0      0  10251   2280  21748     46      0     29      8 
 20260818    11:35:45       0    447     80      -    100      1      0      0      0      0  10251   2445  21748     46      0     16      4 
 20260818    11:35:47       0    445     76      -    100     27      0      0      0      0  10251   2325  21748     46      0     11      4 
 20260818    11:35:48       0    437     79      -    100      1      0      0      0      0  10251   2385  23156     46      0      7      0 
 20260818    11:35:49       0    447     76      -    100     31      0      0      0      0  10251   2475  23156     46      0      0      0 
 20260818    11:35:50       0    446     78      -    100      1      0      0      0      0  10251   2355  23156     46      0      0      0 
 20260818    11:35:51       0    451     71      -    100     94      0      0      0      0  10251   2580  23156     46      0      0      0 
 20260818    11:35:52       0    449     78      -    100      1      0      0      0      0  10251   2325  23156     46      0     24      4 
 20260818    11:35:53       0    446     78      -    100      1      0      0      0      0  10251   2280  23156     46      0      0      0 
 20260818    11:35:54       0    445     74      -    100     61      0      0      0      0  10251   2370  23156     46      0     11      5 
 20260818    11:35:55       0    450     78      -    100      1      0      0      0      0  10251   2280  23156     46      0      0      1 
 20260818    11:35:56       0    445     73      -     99    100      0      0      0      0  10251   2595  23156     46      0      0      0 
 20260818    11:35:57       0    444     77      -    100      1      0      0      0      0  10251   2355  23156     46      0      0      0 
 20260818    11:35:58       0    446     77      -    100      1      0      0      0      0  10251   2370  23156     46      0      0      0 
 20260818    11:35:59       0    449     78      -    100      1      0      0      0      0  10251   2355  23156     46      0     29      5 
 20260818    11:36:00       0    449     77      -    100      1      0      0      0      0  10251   2355  23156     46      0      0      0 
 20260818    11:36:01       0    445     76      -     99     37      0      0      0      0  10251   2340  23156     46      0      0      0 
 20260818    11:36:02       0    448     78      -    100      1      0      0      0      0  10251   2325  23156     46      0      0      0 
 20260818    11:36:03       0    449     77      -    100      1      0      0      0      0  10251   2325  23156     46      0      0      0 
 20260818    11:36:04       0    449     78      -    100      1      0      0      0      0  10251   2340  23156     46      0     11      2 
 20260818    11:36:05       0    447     78      -    100      1      0      0      0      0  10251   2280  23156     46      0      0      0 
 20260818    11:36:06       0    448     76      -    100    100      0      0      0      0  10251   2100  23156     46      0      0      1 
 20260818    11:36:08       0    454     78      -    100      1      0      0      0      0  10251   2280  23156     46      0      4      0 
 20260818    11:36:09       0    444     75      -     99    100      0      0      0      0  10251   2340  23156     46      0      0      0 
 20260818    11:36:10       0    451     77      -    100      1      0      0      0      0  10251   2325  23156     46      0     11      5 
#Date        Time         gpu    pwr  gtemp  mtemp     sm    mem    enc    dec    jpg    ofa   mclk   pclk     fb   bar1   ccpm  rxpci  txpci 
#YYYYMMDD    HH:MM:SS     Idx      W      C      C      %      %      %      %      %      %    MHz    MHz     MB     MB     MB   MB/s   MB/s 
 20260818    11:36:11       0    444     77      -    100      1      0      0      0      0  10251   2340  23156     46      0      0      0 
 20260818    11:36:12       0    446     73      -     99    100      0      0      0      0  10251   2685  23156     46      0      0      0 
 20260818    11:36:13       0    448     77      -    100      1      0      0      0      0  10251   2340  23156     46      0      0      0 
 20260818    11:36:14       0    450     78      -    100      1      0      0      0      0  10251   2340  23156     46      0      0      0 
 20260818    11:36:15       0    449     78      -    100      1      0      0      0      0  10251   2355  23156     46      0     11      5 
 20260818    11:36:16       0    449     78      -    100      1      0      0      0      0  10251   2340  23156     46      0      0      0 
 20260818    11:36:17       0    447     75      -    100     59      0      0      0      0  10251   2385  23156     46      0   1778      0 
 20260818    11:36:18       0    449     78      -    100      1      0      0      0      0  10251   2355  23156     46      0      0      0 
 20260818    11:36:19       0    447     73      -     99    100      0      0      0      0  10251   2565  23156     46      0      0      0 
 20260818    11:36:20       0    445     77      -    100      1      0      0      0      0  10251   2310  23156     46      0     10      5 
 20260818    11:36:21       0    443     77      -    100      1      0      0      0      0  10251   2385  23156     46      0      0      0 
 20260818    11:36:22       0    444     73      -     99     85      0      0      0      0  10251   2580  23156     46      0      9   1215 
 20260818    11:36:23       0    447     77      -    100      1      0      0      0      0  10251   2295  23156     46      0      0      0 
 20260818    11:36:24       0    444     76      -    100      2      0      0      0      0  10251   2370  23156     46      0      0      0 
 20260818    11:36:25       0    452     78      -    100      1      0      0      0      0  10251   2340  23156     46      0      3      2 
 20260818    11:36:26       0    448     77      -    100      1      0      0      0      0  10251   2340  23156     46      0      0      0 
 20260818    11:36:27       0    448     72      -    100      8      0      0      0      0  10251   2460  23156     46      0   1050   1468 
 20260818    11:36:29       0    448     77      -    100      1      0      0      0      0  10251   2340  23156     46      0      0      0 
 20260818    11:36:30       0    442     71      -     99     90      0      0      0      0  10251   2580  23156     46      0      6      0 
 20260818    11:36:31       0    445     77      -    100      1      0      0      0      0  10251   2295  23156     46      0     11      5 
 20260818    11:36:32       0    445     77      -    100      1      0      0      0      0  10251   2340  23156     46      0      0      1 
 20260818    11:36:33       0    447     73      -     99    100      0      0      0      0  10251   2685  23156     46      0    123      0 
 20260818    11:36:34       0    445     77      -    100      1      0      0      0      0  10251   2310  23156     46      0      0      0 
 20260818    11:36:35       0    445     77      -    100      1      0      0      0      0  10251   2340  23156     46      0      0      0 
 20260818    11:36:36       0    449     78      -    100      1      0      0      0      0  10251   2340  23156     46      0     11      5 
 20260818    11:36:37       0    449     77      -    100      1      0      0      0      0  10251   2310  23156     46      0      0      0 
 20260818    11:36:38       0    447     72      -    100      8      0      0      0      0  10251   2385  23156     46      0   6009   1463 
 20260818    11:36:39       0    448     77      -    100      1      0      0      0      0  10251   2310  23156     46      0      0      0 
 20260818    11:36:40       0    445     72      -     99     87      0      0      0      0  10251   2580  23156     46      0      0      0 
 20260818    11:36:41       0    447     77      -    100      1      0      0      0      0  10251   2295  23156     46      0      0      1 
 20260818    11:36:42       0    445     76      -     99     46      0      0      0      0  10251   2340  23156     46      0      0      0 
 20260818    11:36:43       0    448     74      -    100    100      0      0      0      0  10251   2220  23156     46      0     24      5 
 20260818    11:36:44       0    448     77      -    100      1      0      0      0      0  10251   2280  23156     46      0      0      0 
 20260818    11:36:45       0    440     72      -     99    100      0      0      0      0  10251   2685  23156     46      0      0      0 
 20260818    11:36:46       0    442     77      -    100      1      0      0      0      0  10251   2295  23156     46      0      0      0 
 20260818    11:36:47       0    445     77      -    100      1      0      0      0      0  10251   2340  23156     46      0      0      0 
 20260818    11:36:48       0    448     78      -    100      1      0      0      0      0  10251   2325  23156     46      0     11      4 
 20260818    11:36:50       0    450     78      -    100      1      0      0      0      0  10251   2325  23156     46      0      6      0 
 20260818    11:36:51       0    448     73      -    100      6      0      0      0      0  10251   2400  23156     46      0      0      0 
 20260818    11:36:52       0    447     77      -    100      1      0      0      0      0  10251   2355  23156     46      0      0      0 
 20260818    11:36:53       0    451     71      -    100     92      0      0      0      0  10251   2580  23156     46      0      0      0 
 20260818    11:36:54       0    450     78      -    100      1      0      0      0      0  10251   2430  23156     46      0     11      5 
 20260818    11:36:55       0    449     77      -    100      1      0      0      0      0  10251   2340  23156     46      0      0      0 
 20260818    11:36:56       0    448     73      -    100    100      0      0      0      0  10251   2235  23156     46      0   1033   1468 
#Date        Time         gpu    pwr  gtemp  mtemp     sm    mem    enc    dec    jpg    ofa   mclk   pclk     fb   bar1   ccpm  rxpci  txpci 
#YYYYMMDD    HH:MM:SS     Idx      W      C      C      %      %      %      %      %      %    MHz    MHz     MB     MB     MB   MB/s   MB/s 
 20260818    11:36:57       0    452     77      -    100      1      0      0      0      0  10251   2325  23156     46      0      0      0 
 20260818    11:36:58       0    446     70      -    100    100      0      0      0      0  10251   2655  23156     46      0      0      0 
 20260818    11:36:59       0    448     77      -    100      1      0      0      0      0  10251   2340  23156     46      0      0      0 
 20260818    11:37:00       0    450     77      -    100      1      0      0      0      0  10251   2340  23156     46      0      0      0 
 20260818    11:37:01       0    449     78      -    100      1      0      0      0      0  10251   2340  23156     46      0     11      4 
 20260818    11:37:02       0    449     78      -    100      1      0      0      0      0  10251   2310  23156     46      0      0      1 
 20260818    11:37:03       0    448     75      -    100    100      0      0      0      0  10251   2355  23156     46      0      0      1 
 20260818    11:37:04       0    450     78      -    100      1      0      0      0      0  10251   2340  23156     46      0      0      0 
 20260818    11:37:05       0    449     78      -    100      1      0      0      0      0  10251   2280  23156     46      0      0      0 
 20260818    11:37:06       0    448     75      -    100    100      0      0      0      0  10251   2340  23156     46      0      8      4 
 20260818    11:37:07       0    447     77      -    100      1      0      0      0      0  10251   2280  23156     46      0      0      0 
 20260818    11:37:08       0    444     73      -     99    100      0      0      0      0  10251   2580  23156     46      0      0      0 
 20260818    11:37:09       0    449     77      -    100      1      0      0      0      0  10251   2325  23156     46      0      0      0 
 20260818    11:37:11       0    447     76      -    100      1      0      0      0      0  10251   2355  23156     46      0      0      0 
 20260818    11:37:12       0    449     78      -    100      1      0      0      0      0  10251   2340  23156     46      0     13      7 
 20260818    11:37:13       0    450     78      -    100      1      0      0      0      0  10251   2340  23156     46      0      0      0 
 20260818    11:37:14       0    449     78      -    100      1      0      0      0      0  10251   2325  23156     46      0     17      6 
 20260818    11:37:15       0    450     77      -    100      1      0      0      0      0  10251   2325  23156     46      0     17      5 
 20260818    11:37:16       0    430     76      -    100      1      0      0      0      0  10251   2385  23156     46      0      0      0 
 20260818    11:37:17       0    456     77      -    100      1      0      0      0      0  10251   2280  23156     46      0      0      0 
 20260818    11:37:18       0    447     77      -    100      1      0      0      0      0  10251   2310  23156     46      0      0      0 
 20260818    11:37:19       0    448     77      -    100      1      0      0      0      0  10251   2325  23156     46      0     11      5 
 20260818    11:37:20       0    448     77      -    100      1      0      0      0      0  10251   2340  23156     46      0      0      0 
 20260818    11:37:21       0    445     78      -    100     25      0      0      0      0  10251   2430  23156     46      0   2584   1468 
 20260818    11:37:22       0    448     77      -    100      1      0      0      0      0  10251   2310  23156     46      0      0      0 
 20260818    11:37:23       0    449     74      -    100     98      0      0      0      0  10251   2460  23156     46      0      0      0 
 20260818    11:37:24       0    447     78      -    100      1      0      0      0      0  10251   2280  23156     46      0      0      1 
 20260818    11:37:25       0    451     77      -    100      1      0      0      0      0  10251   2280  23156     46      0      0      0 
 20260818    11:37:26       0    447     75      -    100    100      0      0      0      0  10251   2325  23156     46      0      8      3 
 20260818    11:37:27       0    449     78      -    100      1      0      0      0      0  10251   2280  23156     46      0      0      0 
 20260818    11:37:28       0    446     73      -     99    100      0      0      0      0  10251   2565  23156     46      0      0      0 
 20260818    11:37:29       0    449     77      -    100      1      0      0      0      0  10251   2310  23156     46      0      0      0 
 20260818    11:37:30       0    446     76      -    100      1      0      0      0      0  10251   2355  23156     46      0      0      2 
 20260818    11:37:32       0    449     78      -    100      1      0      0      0      0  10251   2340  23156     46      0     22      4 
 20260818    11:37:33       0    450     77      -    100      1      0      0      0      0  10251   2340  23156     46      0      0      0 
 20260818    11:37:34       0    444     78      -    100     38      0      0      0      0  10251   2610  23156     46      0      0      0 
 20260818    11:37:35       0    451     77      -    100      1      0      0      0      0  10251   2340  23156     46      0      0      1 
 20260818    11:37:36       0    448     78      -    100      1      0      0      0      0  10251   2355  23156     46      0      0      0 
 20260818    11:37:37       0    448     78      -    100      8      0      0      0      0  10251   2430  23156     46      0     11      5 
 20260818    11:37:38       0    448     77      -    100      1      0      0      0      0  10251   2340  23156     46      0      0      0 
 20260818    11:37:39       0    450     74      -    100     91      0      0      0      0  10251   2160  23156     46      0  10209      0 
 20260818    11:37:40       0    447     78      -    100      1      0      0      0      0  10251   2325  23156     46      0      0      0 
 20260818    11:37:41       0    446     70      -     99     44      0      0      0      0  10251   2340  23156     46      0      0      0 
 20260818    11:37:42       0    448     78      -    100      1      0      0      0      0  10251   2340  23156     46      0      9      5 
#Date        Time         gpu    pwr  gtemp  mtemp     sm    mem    enc    dec    jpg    ofa   mclk   pclk     fb   bar1   ccpm  rxpci  txpci 
#YYYYMMDD    HH:MM:SS     Idx      W      C      C      %      %      %      %      %      %    MHz    MHz     MB     MB     MB   MB/s   MB/s 
 20260818    11:37:43       0    449     77      -    100      1      0      0      0      0  10251   2340  23156     46      0      0      0 
 20260818    11:37:44       0    449     78      -    100      1      0      0      0      0  10251   2340  23156     46      0     11   1354 
 20260818    11:37:45       0    448     78      -    100      1      0      0      0      0  10251   2295  23156     46      0      0      1 
 20260818    11:37:46       0    449     77      -    100      1      0      0      0      0  10251   2355  23156     46      0      0      0 
 20260818    11:37:47       0    451     78      -    100      1      0      0      0      0  10251   2340  23156     46      0      4      4 
 20260818    11:37:48       0    453     78      -    100      1      0      0      0      0  10251   2340  23156     46      0      0      0 
 20260818    11:37:49       0    449     75      -    100    100      0      0      0      0  10251   2340  23156     46      0     12      4 
 20260818    11:37:50       0    449     78      -    100      1      0      0      0      0  10251   2280  23156     46      0      0      0 
 20260818    11:37:52       0    447     73      -    100    100      0      0      0      0  10251   2580  23156     46      0      0      0 
 20260818    11:37:53       0    450     77      -    100      1      0      0      0      0  10251   2325  23156     46      0      0      0 
 20260818    11:37:54       0    447     76      -    100      1      0      0      0      0  10251   2340  23156     46      0      6      0 
 20260818    11:37:55       0    448     78      -    100      1      0      0      0      0  10251   2325  23156     46      0      8      3 
 20260818    11:37:56       0    446     78      -    100      1      0      0      0      0  10251   2340  23156     46      0      0      1 
 20260818    11:37:57       0    446     76      -    100      1      0      0      0      0  10251   2340  23156     46      0      0      0 
 20260818    11:37:58       0    449     78      -    100      1      0      0      0      0  10251   2325  23156     46      0      3      3 
 20260818    11:37:59       0    450     78      -    100      1      0      0      0      0  10251   2310  23156     46      0      0      0 
 20260818    11:38:00       0    448     75      -    100    100      0      0      0      0  10251   2325  23156     46      0   2190   1467 
 20260818    11:38:01       0    450     78      -    100      1      0      0      0      0  10251   2280  23156     46      0      0      0 
 20260818    11:38:02       0    439     73      -     99     93      0      0      0      0  10251   2685  23156     46      0      0      0 
 20260818    11:38:03       0    449     77      -    100      1      0      0      0      0  10251   2340  23156     46      0      9      6 
 20260818    11:38:04       0    449     77      -    100      1      0      0      0      0  10251   2340  23156     46      0      0      0 
 20260818    11:38:05       0    450     78      -    100      1      0      0      0      0  10251   2340  23156     46      0      8   1240 
 20260818    11:38:06       0    449     78      -    100      1      0      0      0      0  10251   2310  23156     46      0      0      1 
 20260818    11:38:07       0    448     77      -    100      1      0      0      0      0  10251   2340  23156     46      0      0      0 
 20260818    11:38:08       0    449     78      -    100      1      0      0      0      0  10251   2340  23156     46      0      0      2 
 20260818    11:38:09       0    449     78      -    100      1      0      0      0      0  10251   2340  23156     46      0      0      0 
 20260818    11:38:10       0    447     77      -    100     70      0      0      0      0  10251   2445  23156     46      0     12      5 
 20260818    11:38:11       0    448     78      -    100      1      0      0      0      0  10251   2340  23156     46      0      0      0 
 20260818    11:38:13       0    444     72      -     99     83      0      0      0      0  10251   2445  23156     46      0      0      2 
 20260818    11:38:14       0    446     77      -    100      1      0      0      0      0  10251   2295  23156     46      0      4      0 
 20260818    11:38:15       0    446     71      -     99     57      0      0      0      0  10251   2310  23156     46      0      0      0 
 20260818    11:38:16       0    449     78      -    100      1      0      0      0      0  10251   2310  23156     46      0     11      3 
 20260818    11:38:17       0    449     78      -    100      1      0      0      0      0  10251   2325  23156     46      0      0      1 
 20260818    11:38:18       0    441     73      -     99     91      0      0      0      0  10251   2685  23156     46      0      0      0 
 20260818    11:38:19       0    448     77      -    100      1      0      0      0      0  10251   2310  23156     46      0      0      0 
 20260818    11:38:20       0    448     77      -    100      1      0      0      0      0  10251   2340  23156     46      0      0      0 
 20260818    11:38:21       0    450     78      -    100      1      0      0      0      0  10251   2340  23156     46      0     11      5 
 20260818    11:38:22       0    449     78      -    100      1      0      0      0      0  10251   2325  23156     46      0      0      0 
 20260818    11:38:23       0    448     74      -    100     91      0      0      0      0  10251   2355  23173     48      0  12790     49 
 20260818    11:38:24       0    446     78      -    100      1      0      0      0      0  10251   2355  23547     48      0      0      0 
 20260818    11:38:25       0    444     74      -     99     94      0      0      0      0  10251   2595  23547     48      0      0      0 
 20260818    11:38:26       0    447     77      -    100      1      0      0      0      0  10251   2310  23547     48      0      1      1 
 20260818    11:38:27       0    446     79      -    100      1      0      0      0      0  10251   2370  23547     48      0      0      0 
 20260818    11:38:28       0    448     74      -    100     91      0      0      0      0  10251   2460  23547     48      0     12      5 
#Date        Time         gpu    pwr  gtemp  mtemp     sm    mem    enc    dec    jpg    ofa   mclk   pclk     fb   bar1   ccpm  rxpci  txpci 
#YYYYMMDD    HH:MM:SS     Idx      W      C      C      %      %      %      %      %      %    MHz    MHz     MB     MB     MB   MB/s   MB/s 
 20260818    11:38:29       0    448     78      -    100      1      0      0      0      0  10251   2310  23547     48      0      0      0 
 20260818    11:38:30       0    445     71      -     99     24      0      0      0      0  10251   2355  23156     46      0      0      0 
 20260818    11:38:31       0    448     78      -    100      1      0      0      0      0  10251   2325  23156     46      0      0      0 
 20260818    11:38:32       0    449     78      -    100      1      0      0      0      0  10251   2340  23156     46      0      0      0 
 20260818    11:38:34       0    449     76      -    100      1      0      0      0      0  10251   2340  23156     46      0     11      5 
 20260818    11:38:35       0    449     78      -    100      1      0      0      0      0  10251   2340  23156     46      0      0      0 
 20260818    11:38:36       0    450     71      -    100     96      0      0      0      0  10251   2280  23156     46      0      0      0 
 20260818    11:38:37       0    448     78      -    100      1      0      0      0      0  10251   2310  23156     46      0      0      0 
 20260818    11:38:38       0    447     77      -     99     56      0      0      0      0  10251   2310  23156     46      0      0      1 
 20260818    11:38:39       0    448     76      -    100    100      0      0      0      0  10251   2460  23156     46      0     22      5 
 20260818    11:38:40       0    451     77      -    100      1      0      0      0      0  10251   2280  23156     46      0      0      0 
 20260818    11:38:41       0    444     72      -     99    100      0      0      0      0  10251   2685  23156     46      0      0      0 
 20260818    11:38:42       0    450     78      -    100      1      0      0      0      0  10251   2310  23156     46      0      0      0 
 20260818    11:38:43       0    445     77      -    100      1      0      0      0      0  10251   2370  23156     46      0     17      4 
 20260818    11:38:44       0    447     78      -    100      1      0      0      0      0  10251   2325  23156     46      0     27      8 
 20260818    11:38:45       0    435     78      -    100      1      0      0      0      0  10251   2385  23156     46      0      0      0 
 20260818    11:38:46       0    452     78      -    100      1      0      0      0      0  10251   2340  23156     46      0     10      2 
 20260818    11:38:47       0    448     78      -    100      1      0      0      0      0  10251   2370  23156     46      0      0      0 
 20260818    11:38:48       0    449     78      -    100      1      0      0      0      0  10251   2370  23156     46      0      0      1 
 20260818    11:38:49       0    449     78      -    100      1      0      0      0      0  10251   2340  23156     46      0      0      0 
 20260818    11:38:50       0    448     78      -    100      1      0      0      0      0  10251   2385  23156     46      0      0      0 
 20260818    11:38:51       0    449     79      -    100      1      0      0      0      0  10251   2355  23156     46      0      0      0 
 20260818    11:38:52       0    450     78      -    100      1      0      0      0      0  10251   2340  23156     46      0      0      0 
 20260818    11:38:53       0    449     72      -    100      8      0      0      0      0  10251   2460  23156     46      0     12      5 
 20260818    11:38:54       0    450     78      -    100      1      0      0      0      0  10251   2340  23156     46      0      0      0 
 20260818    11:38:56       0    447     72      -    100     90      0      0      0      0  10251   2340  23156     46      0      0      2 
 20260818    11:38:57       0    445     77      -    100      1      0      0      0      0  10251   2295  23156     46      0      0      0 
 20260818    11:38:58       0    444     77      -     99     71      0      0      0      0  10251   2340  23156     46      0      0      0 
 20260818    11:38:59       0    449     78      -    100      1      0      0      0      0  10251   2325  23156     46      0     11      5 
 20260818    11:39:00       0    454     78      -    100      1      0      0      0      0  10251   2310  23156     46      0      0      0 
 20260818    11:39:01       0    446     71      -    100    100      0      0      0      0  10251   2685  23156     46      0      0      0 
 20260818    11:39:02       0    451     78      -    100      1      0      0      0      0  10251   2310  23156     46      0      0      0 
 20260818    11:39:03       0    447     78      -    100      1      0      0      0      0  10251   2355  23156     46      0      0      0 
 20260818    11:39:04       0    449     78      -    100      1      0      0      0      0  10251   2340  23156     46      0     11      5 
 20260818    11:39:05       0    450     78      -    100      1      0      0      0      0  10251   2325  23156     46      0      0      0 
 20260818    11:39:06       0    444     76      -    100     47      0      0      0      0  10251   2475  23156     46      0  13755     44 
 20260818    11:39:07       0    448     78      -    100      1      0      0      0      0  10251   2340  23156     46      0      0      0 
 20260818    11:39:08       0    445     73      -     99     86      0      0      0      0  10251   2580  23547     48      0      0      0 
 20260818    11:39:09       0    447     78      -    100      1      0      0      0      0  10251   2295  23156     46      0      0      1 
 20260818    11:39:10       0    445     77      -    100      9      0      0      0      0  10251   2355  23547     48      0      0      1 
 20260818    11:39:11       0    447     72      -    100     90      0      0      0      0  10251   2565  23547     48      0      8      3 
 20260818    11:39:12       0    448     78      -    100      1      0      0      0      0  10251   2325  23156     46      0      1      0 
 20260818    11:39:13       0    442     77      -     99     55      0      0      0      0  10251   2355  23547     48      0      0      0 
 20260818    11:39:14       0    450     78      -    100      1      0      0      0      0  10251   2340  23156     46      0      0      0 
#Date        Time         gpu    pwr  gtemp  mtemp     sm    mem    enc    dec    jpg    ofa   mclk   pclk     fb   bar1   ccpm  rxpci  txpci 
#YYYYMMDD    HH:MM:SS     Idx      W      C      C      %      %      %      %      %      %    MHz    MHz     MB     MB     MB   MB/s   MB/s 
 20260818    11:39:15       0    447     78      -    100      1      0      0      0      0  10251   2340  23173     48      0    149    290 
 20260818    11:39:16       0    449     78      -    100      1      0      0      0      0  10251   2340  23547     48      0     15     15 
 20260818    11:39:18       0    450     78      -    100      2      0      0      0      0  10251   2310  23156     46      0      0      0 
 20260818    11:39:19       0    449     76      -    100    100      0      0      0      0  10251   2190  23156     46      0      0      0 
 20260818    11:39:20       0    451     77      -    100      1      0      0      0      0  10251   2280  23156     46      0      0      0 
 20260818    11:39:21       0    443     71      -    100    100      0      0      0      0  10251   2685  23156     46      0      0      0 
 20260818    11:39:22       0    450     78      -    100      1      0      0      0      0  10251   2340  23156     46      0      5      2 
 20260818    11:39:23       0    446     78      -    100      1      0      0      0      0  10251   2280  23156     46      0      0      0 
 20260818    11:39:24       0    445     70      -    100    100      0      0      0      0  10251   2685  23156     46      0      0      0 
 20260818    11:39:25       0    450     78      -    100      1      0      0      0      0  10251   2325  23156     46      0      0      0 
 20260818    11:39:26       0    447     78      -    100      1      0      0      0      0  10251   2340  23156     46      0      0      0 
 20260818    11:39:27       0    449     78      -    100      1      0      0      0      0  10251   2340  23156     46      0     11      5 
 20260818    11:39:28       0    449     78      -    100      1      0      0      0      0  10251   2310  23156     46      0      0      0 
 20260818    11:39:29       0    447     76      -    100    100      0      0      0      0  10251   2190  23156     46      0      0      0 
 20260818    11:39:30       0    449     77      -    100      1      0      0      0      0  10251   2325  23156     46      0      0      0 
 20260818    11:39:31       0    443     78      -     99     75      0      0      0      0  10251   2325  23156     46      0      0      0 
 20260818    11:39:32       0    449     78      -    100      1      0      0      0      0  10251   2340  23156     46      0     28      3 
 20260818    11:39:33       0    449     78      -    100      1      0      0      0      0  10251   2280  23156     46      0      0      0 
 20260818    11:39:34       0    441     78      -     99     85      0      0      0      0  10251   2310  23156     46      0      0      0 
 20260818    11:39:35       0    449     78      -    100      1      0      0      0      0  10251   2325  23156     46      0      0      0 
 20260818    11:39:36       0    448     77      -    100      1      0      0      0      0  10251   2370  23156     46      0      0      0 
 20260818    11:39:37       0    449     78      -    100      1      0      0      0      0  10251   2340  23156     46      0      8      3 
 20260818    11:39:39       0    450     78      -    100      1      0      0      0      0  10251   2280  23156     46      0      0      0 
 20260818    11:39:40       0    448     75      -    100     90      0      0      0      0  10251   2340  23156     46      0      0      6 
 20260818    11:39:41       0    450     78      -    100      1      0      0      0      0  10251   2340  23156     46      0      1      0 
 20260818    11:39:42       0    444     73      -     99     87      0      0      0      0  10251   2580  23156     46      0      0      0 
 20260818    11:39:43       0    449     78      -    100      1      0      0      0      0  10251   2280  23156     46      0     26      5 
 20260818    11:39:44       0    449     78      -    100      1      0      0      0      0  10251   2325  23156     46      0      0      0 
 20260818    11:39:45       0    448     72      -    100     92      0      0      0      0  10251   2565  23156     46      0   5609   1468 
 20260818    11:39:46       0    446     78      -    100      1      0      0      0      0  10251   2295  23156     46      0      0      0 
 20260818    11:39:47       0    448     78      -     99     43      0      0      0      0  10251   2280  23156     46      0      0      0 
 20260818    11:39:48       0    449     78      -    100      1      0      0      0      0  10251   2340  23156     46      0      3      3 
 20260818    11:39:49       0    449     78      -    100      1      0      0      0      0  10251   2355  23156     46      0      0      0 
 20260818    11:39:50       0    449     79      -    100      1      0      0      0      0  10251   2370  23156     46      0     12      5 
 20260818    11:39:51       0    450     78      -    100      1      0      0      0      0  10251   2325  23156     46      0      0      1 
 20260818    11:39:52       0    449     73      -    100    100      0      0      0      0  10251   2505  23156     46      0      0      0 
 20260818    11:39:53       0    452     77      -    100      1      0      0      0      0  10251   2310  23156     46      0      0      1 
 20260818    11:39:54       0    449     78      -    100      1      0      0      0      0  10251   2280  23156     46      0      0      0 
 20260818    11:39:55       0    448     75      -    100     91      0      0      0      0  10251   2340  23156     46      0     22      5 
 20260818    11:39:56       0    449     78      -    100      1      0      0      0      0  10251   2295  23156     46      0      0      0 
 20260818    11:39:57       0    447     74      -     99    100      0      0      0      0  10251   2580  23156     46      0      0      0 
 20260818    11:39:58       0    445     78      -    100      1      0      0      0      0  10251   2325  23156     46      0      0      0 
 20260818    11:39:59       0    446     78      -    100      1      0      0      0      0  10251   2355  23156     46      0      0      0 
 20260818    11:40:01       0    449     78      -    100      1      0      0      0      0  10251   2340  23156     46      0     19      6 
#Date        Time         gpu    pwr  gtemp  mtemp     sm    mem    enc    dec    jpg    ofa   mclk   pclk     fb   bar1   ccpm  rxpci  txpci 
#YYYYMMDD    HH:MM:SS     Idx      W      C      C      %      %      %      %      %      %    MHz    MHz     MB     MB     MB   MB/s   MB/s 
 20260818    11:40:02       0    450     78      -    100      1      0      0      0      0  10251   2325  23156     46      0      0      0 
 20260818    11:40:03       0    447     75      -    100     88      0      0      0      0  10251   2355  23156     46      0      0      0 
 20260818    11:40:04       0    448     78      -    100      1      0      0      0      0  10251   2280  23156     46      0      0      1 
 20260818    11:40:05       0    450     78      -    100      1      0      0      0      0  10251   2340  23156     46      0      0      0 
 20260818    11:40:06       0    446     75      -    100     67      0      0      0      0  10251   2385  23156     46      0     14      6 
 20260818    11:40:07       0    448     78      -    100      1      0      0      0      0  10251   2340  23156     46      0      0      0 
 20260818    11:40:08       0    445     73      -     99     99      0      0      0      0  10251   2580  23156     46      0      0      0 
 20260818    11:40:09       0    447     78      -    100      1      0      0      0      0  10251   2295  23156     46      0      0      0 
 20260818    11:40:10       0    446     76      -    100      1      0      0      0      0  10251   2355  23156     46      0      0      0 
 20260818    11:40:11       0    453     78      -    100      1      0      0      0      0  10251   2325  23156     46      0     11      5 
 20260818    11:40:12       0    447     78      -    100      1      0      0      0      0  10251   2355  23156     46      0     17      4 
 20260818    11:40:13       0    450     79      -    100      1      0      0      0      0  10251   2355  23156     46      0      7      3 
 20260818    11:40:14       0    437     79      -    100      1      0      0      0      0  10251   2385  23156     46      0      0      0 
 20260818    11:40:15       0    444     71      -    100    100      0      0      0      0  10251   2535  23156     46      0      0      0 
 20260818    11:40:16       0    449     78      -    100      1      0      0      0      0  10251   2340  23156     46      0      0      0 
 20260818    11:40:17       0    443     78      -    100      1      0      0      0      0  10251   2385  23156     46      0      0      0 
 20260818    11:40:18       0    449     79      -    100      1      0      0      0      0  10251   2355  23156     46      0      0      1 
 20260818    11:40:19       0    449     78      -    100      1      0      0      0      0  10251   2370  23156     46      0      0      0 
 20260818    11:40:20       0    449     78      -    100      1      0      0      0      0  10251   2355  23156     46      0      9      3 
 20260818    11:40:22       0    447     78      -    100      1      0      0      0      0  10251   2325  23156     46      0      0      0 
 20260818    11:40:23       0    448     72      -    100    100      0      0      0      0  10251   2175  23156     46      0      0      0 
 20260818    11:40:24       0    449     78      -    100      1      0      0      0      0  10251   2295  23156     46      0      0      0 
 20260818    11:40:25       0    448     71      -    100    100      0      0      0      0  10251   2685  23156     46      0      0      0 
 20260818    11:40:26       0    446     76      -    100     54      0      0      0      0  10251   2370  23156     46      0     11      4 
 20260818    11:40:27       0    448     78      -    100      1      0      0      0      0  10251   2280  23156     46      0      0      0 
 20260818    11:40:28       0    445     73      -     99     86      0      0      0      0  10251   2595  23156     46      0      0      0 
 20260818    11:40:29       0    448     78      -    100      1      0      0      0      0  10251   2325  23156     46      0      0      0 
 20260818    11:40:30       0    446     77      -    100      6      0      0      0      0  10251   2355  23156     46      0      0      0 
 20260818    11:40:31       0    451     78      -    100      1      0      0      0      0  10251   2340  23156     46      0     12      5 
 20260818    11:40:32       0    448     78      -    100      1      0      0      0      0  10251   2340  23156     46      0      0      0 
 20260818    11:40:33       0    449     79      -    100      1      0      0      0      0  10251   2430  23156     46      0  10537      0 
 20260818    11:40:34       0    450     78      -    100      1      0      0      0      0  10251   2340  23156     46      0      0      0 
 20260818    11:40:35       0    446     77      -    100    100      0      0      0      0  10251   2190  23156     46      0      0      1 
 20260818    11:40:36       0    449     78      -    100      1      0      0      0      0  10251   2340  23156     46      0      0      2 
 20260818    11:40:37       0    449     78      -    100      1      0      0      0      0  10251   2280  23156     46      0      0      0 
 20260818    11:40:38       0    448     75      -    100    100      0      0      0      0  10251   2355  23156     46      0     11      5 
 20260818    11:40:39       0    449     78      -    100      1      0      0      0      0  10251   2295  23156     46      0      0      1 
 20260818    11:40:40       0    446     70      -    100    100      0      0      0      0  10251   2685  23156     46      0      0      0 
 20260818    11:40:41       0    450     78      -    100      1      0      0      0      0  10251   2325  23156     46      0      0      0 
 20260818    11:40:43       0    448     78      -    100      1      0      0      0      0  10251   2355  23156     46      0      2      6 
 20260818    11:40:44       0    451     78      -    100      1      0      0      0      0  10251   2325  23156     46      0     12      5 
 20260818    11:40:45       0    450     78      -    100      1      0      0      0      0  10251   2325  23156     46      0      0      0 
 20260818    11:40:46       0    445     76      -    100     40      0      0      0      0  10251   2355  23156     46      0      0      0 
 20260818    11:40:47       0    449     78      -    100      1      0      0      0      0  10251   2370  23156     46      0      0      0 
#Date        Time         gpu    pwr  gtemp  mtemp     sm    mem    enc    dec    jpg    ofa   mclk   pclk     fb   bar1   ccpm  rxpci  txpci 
#YYYYMMDD    HH:MM:SS     Idx      W      C      C      %      %      %      %      %      %    MHz    MHz     MB     MB     MB   MB/s   MB/s 
 20260818    11:40:48       0    449     78      -    100      1      0      0      0      0  10251   2355  23156     46      0      0      0 
 20260818    11:40:49       0    448     73      -    100      6      0      0      0      0  10251   2595  23156     46      0      7      4 
 20260818    11:40:50       0    448     78      -    100      1      0      0      0      0  10251   2355  23156     46      0      0      0 
 20260818    11:40:51       0    445     73      -     99     87      0      0      0      0  10251   2610  23156     46      0      0      0 
 20260818    11:40:52       0    447     78      -    100      1      0      0      0      0  10251   2325  23156     46      0      0      0 
 20260818    11:40:53       0    445     76      -    100     19      0      0      0      0  10251   2400  23156     46      0      0      0 
 20260818    11:40:54       0    449     78      -    100      1      0      0      0      0  10251   2355  23156     46      0      7      5 
 20260818    11:40:55       0    449     78      -    100      1      0      0      0      0  10251   2340  23156     46      0      0      0 
 20260818    11:40:56       0    447     76      -    100     21      0      0      0      0  10251   2400  23156     46      0      0      0 
 20260818    11:40:57       0    449     78      -    100      1      0      0      0      0  10251   2340  23156     46      0      0      0 
 20260818    11:40:58       0    449     78      -    100      1      0      0      0      0  10251   2325  23156     46      0      0      0 
 20260818    11:40:59       0    444     76      -    100     42      0      0      0      0  10251   2385  23156     46      0     11      5 
 20260818    11:41:00       0    448     78      -    100      1      0      0      0      0  10251   2280  23156     46      0      0      0 
 20260818    11:41:01       0    445     73      -     99     97      0      0      0      0  10251   2580  23156     46      0      0      0 
 20260818    11:41:02       0    447     78      -    100      1      0      0      0      0  10251   2310  23156     46      0      0      8 
 20260818    11:41:04       0    455     77      -    100      1      0      0      0      0  10251   2265  23156     46      0      0      0 
 20260818    11:41:05       0    453     78      -    100      1      0      0      0      0  10251   2310  23156     46      0      4      6 
 20260818    11:41:06       0    450     78      -    100      1      0      0      0      0  10251   2340  23156     46      0      0      0 
 20260818    11:41:07       0    449     73      -    100      8      0      0      0      0  10251   2385  23156     46      0      0      0 
 20260818    11:41:08       0    448     78      -    100      1      0      0      0      0  10251   2355  23156     46      0      0      0 
 20260818    11:41:09       0    448     78      -    100      1      0      0      0      0  10251   2355  23156     46      0      0      0 
 20260818    11:41:10       0    449     78      -    100      1      0      0      0      0  10251   2355  23156     46      0     11      5 
 20260818    11:41:11       0    448     78      -    100      1      0      0      0      0  10251   2310  23156     46      0      0      0 
 20260818    11:41:12       0    450     75      -    100    100      0      0      0      0  10251   2160  23156     46      0   1737      0 
 20260818    11:41:13       0    451     78      -    100      1      0      0      0      0  10251   2295  23156     46      0      0      0 
 20260818    11:41:14       0    446     72      -     99    100      0      0      0      0  10251   2340  23156     46      0      0      0 
 20260818    11:41:15       0    449     78      -    100      1      0      0      0      0  10251   2310  23156     46      0     10      5 
 20260818    11:41:16       0    447     78      -    100      1      0      0      0      0  10251   2340  23156     46      0      0      0 
 20260818    11:41:17       0    449     78      -    100      1      0      0      0      0  10251   2340  23156     46      0  13760    514 
 20260818    11:41:18       0    449     78      -    100      1      0      0      0      0  10251   2280  23156     46      0      0      0 
 20260818    11:41:19       0    448     78      -    100      1      0      0      0      0  10251   2340  23156     46      0      0      0 
 20260818    11:41:20       0    450     78      -    100      1      0      0      0      0  10251   2340  23156     46      0      3      6 
 20260818    11:41:21       0    449     78      -    100      1      0      0      0      0  10251   2340  23156     46      0      0      0 
 20260818    11:41:22       0    448     75      -    100     19      0      0      0      0  10251   2385  23156     46      0     12      5 
 20260818    11:41:23       0    448     78      -    100      1      0      0      0      0  10251   2340  23156     46      0      1      0 
 20260818    11:41:25       0    444     73      -     99     85      0      0      0      0  10251   2610  23156     46      0      0      0 
 20260818    11:41:26       0    447     78      -    100      1      0      0      0      0  10251   2325  23156     46      0      6      0 
 20260818    11:41:27       0    446     76      -    100      9      0      0      0      0  10251   2355  23156     46      0      0      0 
 20260818    11:41:28       0    451     78      -    100      1      0      0      0      0  10251   2340  23156     46      0     11      4 
 20260818    11:41:29       0    449     78      -    100      1      0      0      0      0  10251   2340  23156     46      0      0      1 
 20260818    11:41:30       0    445     77      -    100      2      0      0      0      0  10251   2355  23156     46      0      0      0 
 20260818    11:41:31       0    450     78      -    100      1      0      0      0      0  10251   2340  23156     46      0      0      2 
 20260818    11:41:32       0    449     78      -    100      1      0      0      0      0  10251   2340  23156     46      0      0      0 
 20260818    11:41:33       0    448     75      -    100    100      0      0      0      0  10251   2385  23156     46      0     12      4 
#Date        Time         gpu    pwr  gtemp  mtemp     sm    mem    enc    dec    jpg    ofa   mclk   pclk     fb   bar1   ccpm  rxpci  txpci 
#YYYYMMDD    HH:MM:SS     Idx      W      C      C      %      %      %      %      %      %    MHz    MHz     MB     MB     MB   MB/s   MB/s 
 20260818    11:41:34       0    448     78      -    100      1      0      0      0      0  10251   2340  23156     46      0      1      0 
 20260818    11:41:35       0    446     73      -    100    100      0      0      0      0  10251   2580  23156     46      0      0      0 
 20260818    11:41:36       0    450     78      -    100      1      0      0      0      0  10251   2310  23156     46      0      0      0 
 20260818    11:41:37       0    446     76      -    100      1      0      0      0      0  10251   2355  23156     46      0      0      0 
 20260818    11:41:38       0    449     78      -    100      1      0      0      0      0  10251   2355  23156     46      0      7      3 
 20260818    11:41:39       0    449     78      -    100      1      0      0      0      0  10251   2340  23156     46      0      0      0 
 20260818    11:41:40       0    446     70      -     99     46      0      0      0      0  10251   2505  23156     46      0     17      5 
 20260818    11:41:41       0    449     78      -    100      1      0      0      0      0  10251   2325  23156     46      0     17      5 
 20260818    11:41:42       0    431     76      -    100      1      0      0      0      0  10251   2385  23156     46      0      0      0 
 20260818    11:41:43       0    456     77      -    100      1      0      0      0      0  10251   2280  23156     46      0      0      0 
 20260818    11:41:44       0    447     77      -    100      1      0      0      0      0  10251   2310  23156     46      0      0      0 
 20260818    11:41:46       0    449     78      -    100      1      0      0      0      0  10251   2325  23156     46      0     19      4 
 20260818    11:41:47       0    449     78      -    100      1      0      0      0      0  10251   2340  23156     46      0      0      0 
 20260818    11:41:48       0    448     78      -    100      9      0      0      0      0  10251   2355  23156     46      0      0      0 
 20260818    11:41:49       0    448     78      -    100      1      0      0      0      0  10251   2325  23156     46      0      0      0 
 20260818    11:41:50       0    448     75      -    100    100      0      0      0      0  10251   2355  23156     46      0      0      0 
 20260818    11:41:51       0    450     78      -    100      1      0      0      0      0  10251   2340  23156     46      0      1      2 
 20260818    11:41:52       0    449     78      -    100      1      0      0      0      0  10251   2325  23156     46      0      0      0 
 20260818    11:41:53       0    448     76      -    100    100      0      0      0      0  10251   2385  23156     46      0     11      5 
 20260818    11:41:54       0    452     78      -    100      1      0      0      0      0  10251   2355  23156     46      0      0      1 
 20260818    11:41:55       0    447     72      -     99    100      0      0      0      0  10251   2565  23156     46      0      0      0 
 20260818    11:41:56       0    447     78      -    100      1      0      0      0      0  10251   2310  23156     46      0      0      0 
 20260818    11:41:57       0    445     77      -    100      1      0      0      0      0  10251   2340  23156     46      0      0      0 
 20260818    11:41:58       0    447     78      -    100      1      0      0      0      0  10251   2325  23156     46      0      9      3 
 20260818    11:41:59       0    454     77      -    100      1      0      0      0      0  10251   2325  23156     46      0      0      0 
 20260818    11:42:00       0    449     78      -    100      1      0      0      0      0  10251   2325  23156     46      0      0      0 
 20260818    11:42:01       0    451     78      -    100      1      0      0      0      0  10251   2340  23156     46      0      0      0 
 20260818    11:42:02       0    449     78      -    100      1      0      0      0      0  10251   2340  23156     46      0      0      0 
 20260818    11:42:03       0    450     78      -    100      1      0      0      0      0  10251   2340  23156     46      0     11      5 
 20260818    11:42:04       0    449     78      -    100      1      0      0      0      0  10251   2310  23156     46      0      0      0 
 20260818    11:42:05       0    448     75      -    100    100      0      0      0      0  10251   2355  23156     46      0  10385      0 
 20260818    11:42:07       0    450     78      -    100      1      0      0      0      0  10251   2355  23156     46      0      0      0 
 20260818    11:42:08       0    447     73      -    100    100      0      0      0      0  10251   2595  23156     46      0      6      0 
 20260818    11:42:09       0    451     78      -    100      1      0      0      0      0  10251   2325  23156     46      0     21      5 
 20260818    11:42:10       0    447     77      -    100      1      0      0      0      0  10251   2340  23156     46      0      0      0 
 20260818    11:42:11       0    449     78      -    100      1      0      0      0      0  10251   2340  23156     46      0     10    602 
 20260818    11:42:12       0    446     78      -    100      1      0      0      0      0  10251   2310  23156     46      0      0      0 
 20260818    11:42:13       0    447     77      -    100      1      0      0      0      0  10251   2355  23156     46      0      0      0 
 20260818    11:42:14       0    450     78      -    100      1      0      0      0      0  10251   2340  23156     46      0      0      2 
 20260818    11:42:15       0    449     78      -    100      1      0      0      0      0  10251   2340  23156     46      0      0      0 
 20260818    11:42:16       0    446     78      -    100     30      0      0      0      0  10251   2550  23156     46      0     12      5 
 20260818    11:42:17       0    449     78      -    100      1      0      0      0      0  10251   2310  23156     46      0      0      1 
 20260818    11:42:18       0    448     72      -     99     87      0      0      0      0  10251   2130  23156     46      0      0      0 
 20260818    11:42:19       0    444     78      -    100      1      0      0      0      0  10251   2295  23156     46      0      0      0 
#Date        Time         gpu    pwr  gtemp  mtemp     sm    mem    enc    dec    jpg    ofa   mclk   pclk     fb   bar1   ccpm  rxpci  txpci 
#YYYYMMDD    HH:MM:SS     Idx      W      C      C      %      %      %      %      %      %    MHz    MHz     MB     MB     MB   MB/s   MB/s 
 20260818    11:42:20       0    445     77      -    100      2      0      0      0      0  10251   2340  23156     46      0      0      0 
 20260818    11:42:21       0    448     74      -    100     91      0      0      0      0  10251   2145  23156     46      0     11      5 
 20260818    11:42:22       0    447     78      -    100      1      0      0      0      0  10251   2295  23156     46      0      0      0 
 20260818    11:42:23       0    444     79      -    100      2      0      0      0      0  10251   2340  23156     46      0      0      0 
 20260818    11:42:24       0    451     78      -    100      1      0      0      0      0  10251   2340  23156     46      0      0      0 
 20260818    11:42:25       0    449     78      -    100      1      0      0      0      0  10251   2340  23156     46      0      0      0 
 20260818    11:42:26       0    445     78      -    100     40      0      0      0      0  10251   2640  23156     46      0      8      3 
 20260818    11:42:28       0    448     78      -    100      1      0      0      0      0  10251   2310  23156     46      0      7      0 
 20260818    11:42:29       0    446     72      -     99    100      0      0      0      0  10251   2565  23156     46      0      0      0 
 20260818    11:42:30       0    446     77      -    100      1      0      0      0      0  10251   2280  23156     46      0      0      1 
 20260818    11:42:31       0    446     77      -    100      1      0      0      0      0  10251   2340  23156     46      0      0      0 
 20260818    11:42:32       0    445     75      -     99     96      0      0      0      0  10251   2580  23156     46      0     11      5 
 20260818    11:42:33       0    447     77      -    100      1      0      0      0      0  10251   2280  23156     46      0      1      0 
 20260818    11:42:34       0    448     80      -    100      1      0      0      0      0  10251   2325  23156     46      0      0      0 
 20260818    11:42:35       0    452     78      -    100      1      0      0      0      0  10251   2325  23156     46      0      0      0 
 20260818    11:42:36       0    448     78      -    100      1      0      0      0      0  10251   2325  23156     46      0      0      0 
 20260818    11:42:37       0    449     78      -    100      1      0      0      0      0  10251   2340  23156     46      0     12      5 
 20260818    11:42:38       0    448     78      -    100      1      0      0      0      0  10251   2310  23156     46      0      0      0 
 20260818    11:42:39       0    448     75      -    100    100      0      0      0      0  10251   2355  23156     46      0      0      0 
 20260818    11:42:40       0    456     78      -    100      1      0      0      0      0  10251   2280  23156     46      0      0      0 
 20260818    11:42:41       0    445     73      -    100    100      0      0      0      0  10251   2580  23156     46      0      0      0 
 20260818    11:42:42       0    448     76      -    100    100      0      0      0      0  10251   2370  23156     46      0      8      2 
 20260818    11:42:43       0    451     78      -    100      1      0      0      0      0  10251   2340  23156     46      0      0      0 
 20260818    11:42:44       0    446     73      -    100    100      0      0      0      0  10251   2595  23156     46      0      0      0 
 20260818    11:42:45       0    448     77      -    100      1      0      0      0      0  10251   2340  23156     46      0      0      0 
 20260818    11:42:46       0    447     77      -    100      1      0      0      0      0  10251   2340  23156     46      0      0      0 
 20260818    11:42:47       0    450     78      -    100      1      0      0      0      0  10251   2340  23156     46      0     11      5 
 20260818    11:42:49       0    454     78      -    100      1      0      0      0      0  10251   2325  23156     46      0      0      0 
 20260818    11:42:50       0    447     77      -    100     70      0      0      0      0  10251   2430  23156     46      0      2      6 
 20260818    11:42:51       0    448     78      -    100      1      0      0      0      0  10251   2340  23156     46      0      0      0 
 20260818    11:42:52       0    446     71      -     99    100      0      0      0      0  10251   2595  23156     46      0      0      0 
 20260818    11:42:53       0    446     78      -    100      1      0      0      0      0  10251   2325  23156     46      0     12      5 
 20260818    11:42:54       0    448     77      -    100      1      0      0      0      0  10251   2355  23156     46      0      0      0 
 20260818    11:42:55       0    443     76      -     99     86      0      0      0      0  10251   2565  23156     46      0  13753    182 
 20260818    11:42:56       0    448     77      -    100      1      0      0      0      0  10251   2295  23156     46      0      0      0 
 20260818    11:42:57       0    445     78      -    100      1      0      0      0      0  10251   2370  23156     46      0      0      0 
 20260818    11:42:58       0    451     78      -    100      1      0      0      0      0  10251   2340  23156     46      0     11      5 
 20260818    11:42:59       0    445     78      -    100      1      0      0      0      0  10251   2340  23156     46      0      0      0 
 20260818    11:43:00       0    447     75      -    100     58      0      0      0      0  10251   2565  23156     46      0      0      0 
 20260818    11:43:01       0    449     78      -    100      1      0      0      0      0  10251   2370  23156     46      0      0      0 
 20260818    11:43:02       0    446     71      -     99    100      0      0      0      0  10251   2580  23156     46      0      0      0 
 20260818    11:43:03       0    444     78      -    100      1      0      0      0      0  10251   2340  23156     46      0     12      5 
 20260818    11:43:04       0    448     78      -    100      1      0      0      0      0  10251   2340  23156     46      0      0      0 
 20260818    11:43:05       0    444     73      -     99     87      0      0      0      0  10251   2580  23156     46      0   9921      0 
#Date        Time         gpu    pwr  gtemp  mtemp     sm    mem    enc    dec    jpg    ofa   mclk   pclk     fb   bar1   ccpm  rxpci  txpci 
#YYYYMMDD    HH:MM:SS     Idx      W      C      C      %      %      %      %      %      %    MHz    MHz     MB     MB     MB   MB/s   MB/s 
 20260818    11:43:06       0    448     78      -    100      1      0      0      0      0  10251   2295  23156     46      0      0      0 
 20260818    11:43:07       0    445     76      -    100     18      0      0      0      0  10251   2370  23156     46      0      0      0 
 20260818    11:43:08       0    449     78      -    100      1      0      0      0      0  10251   2325  23156     46      0      0      0 
 20260818    11:43:10       0    452     77      -    100      1      0      0      0      0  10251   2385  23156     46      0     20     13 
 20260818    11:43:11       0    447     78      -    100      1      0      0      0      0  10251   2340  23156     46      0     29     18 
 20260818    11:43:12       0    442     79      -    100      1      0      0      0      0  10251   2385  23156     46      0      0      0 
 20260818    11:43:13       0    450     79      -    100      1      0      0      0      0  10251   2370  23156     46      0     12      4 
 20260818    11:43:14       0    453     79      -    100      1      0      0      0      0  10251   2385  23156     46      0      0      0 
 20260818    11:43:15       0    449     77      -    100      1      0      0      0      0  10251   2325  23156     46      0      0      0 
 20260818    11:43:16       0    456     78      -    100      1      0      0      0      0  10251   2340  23156     46      0      0      0 
 20260818    11:43:17       0    449     78      -    100      1      0      0      0      0  10251   2340  23156     46      0      0      0 
 20260818    11:43:18       0    449     78      -    100      1      0      0      0      0  10251   2340  23156     46      0     11      4 
 20260818    11:43:19       0    449     78      -    100      1      0      0      0      0  10251   2340  23156     46      0      0      0 
 20260818    11:43:20       0    449     74      -    100    100      0      0      0      0  10251   2385  23156     46      0      0      0 
 20260818    11:43:21       0    449     78      -    100      1      0      0      0      0  10251   2295  23156     46      0      0      0 
 20260818    11:43:22       0    443     73      -    100    100      0      0      0      0  10251   2595  23156     46      0      0      0 
 20260818    11:43:23       0    449     78      -    100      1      0      0      0      0  10251   2325  23156     46      0     27      4 
 20260818    11:43:24       0    447     77      -    100      1      0      0      0      0  10251   2355  23156     46      0      0      0 
 20260818    11:43:25       0    445     72      -     99     86      0      0      0      0  10251   2595  23156     46      0     11      5 
 20260818    11:43:26       0    447     78      -    100      1      0      0      0      0  10251   2295  23156     46      0      1      0 
 20260818    11:43:27       0    445     76      -     99     41      0      0      0      0  10251   2355  23156     46      0      0      0 
 20260818    11:43:28       0    448     78      -    100      1      0      0      0      0  10251   2340  23156     46      0      0      0 
 20260818    11:43:29       0    448     78      -    100      1      0      0      0      0  10251   2355  23156     46      0      0      0 
 20260818    11:43:31       0    450     78      -    100      1      0      0      0      0  10251   2340  23156     46      0     12      5 
 20260818    11:43:32       0    450     77      -    100      1      0      0      0      0  10251   2295  23156     46      0      0      0 
 20260818    11:43:33       0    448     74      -    100    100      0      0      0      0  10251   2355  23156     46      0      0      0 
 20260818    11:43:34       0    449     78      -    100      1      0      0      0      0  10251   2295  23156     46      0      0      0 
 20260818    11:43:35       0    447     73      -     99    100      0      0      0      0  10251   2580  23156     46      0      0      0 
 20260818    11:43:36       0    444     74      -    100     50      0      0      0      0  10251   2385  23156     46      0     11      4 
 20260818    11:43:37       0    446     78      -    100      1      0      0      0      0  10251   2340  23156     46      0      0      0 
 20260818    11:43:38       0    441     72      -     99    100      0      0      0      0  10251   2550  23156     46      0      0      0 
 20260818    11:43:39       0    442     77      -    100      1      0      0      0      0  10251   2295  23156     46      0      0      0 
 20260818    11:43:40       0    447     77      -    100      1      0      0      0      0  10251   2340  23156     46      0      0      0 
 20260818    11:43:41       0    452     78      -    100      1      0      0      0      0  10251   2325  23156     46      0     11      5 
 20260818    11:43:42       0    449     78      -    100      1      0      0      0      0  10251   2340  23156     46      0      0      0 
 20260818    11:43:43       0    449     75      -    100      2      0      0      0      0  10251   2415  23156     46      0      0      0 
 20260818    11:43:44       0    447     78      -    100      1      0      0      0      0  10251   2340  23156     46      0      0      0 
 20260818    11:43:45       0    447     72      -    100     90      0      0      0      0  10251   2550  23156     46      0      0      0 
 20260818    11:43:46       0    449     78      -    100      1      0      0      0      0  10251   2340  23156     46      0     21      5 
 20260818    11:43:47       0    448     78      -    100      1      0      0      0      0  10251   2325  23156     46      0      0      0 
 20260818    11:43:48       0    447     76      -    100    100      0      0      0      0  10251   2205  23156     46      0   8645   1343 
 20260818    11:43:49       0    448     78      -    100      1      0      0      0      0  10251   2325  23156     46      0      0      0 
 20260818    11:43:50       0    441     78      -     99     86      0      0      0      0  10251   2325  23156     46      0      0      0 
 20260818    11:43:52       0    448     78      -    100      1      0      0      0      0  10251   2325  23156     46      0     10      8 
#Date        Time         gpu    pwr  gtemp  mtemp     sm    mem    enc    dec    jpg    ofa   mclk   pclk     fb   bar1   ccpm  rxpci  txpci 
#YYYYMMDD    HH:MM:SS     Idx      W      C      C      %      %      %      %      %      %    MHz    MHz     MB     MB     MB   MB/s   MB/s 
 20260818    11:43:53       0    448     78      -    100      1      0      0      0      0  10251   2340  23156     46      0      0      0 
 20260818    11:43:54       0    450     76      -    100      1      0      0      0      0  10251   2430  23156     46      0    395      0 
 20260818    11:43:55       0    449     78      -    100      1      0      0      0      0  10251   2325  23156     46      0      0      0 
 20260818    11:43:56       0    444     73      -     99     85      0      0      0      0  10251   2580  23156     46      0      0      1 
 20260818    11:43:57       0    448     73      -    100      6      0      0      0      0  10251   2550  23156     46      0     11      5 
 20260818    11:43:58       0    448     78      -    100      1      0      0      0      0  10251   2325  23156     46      0      0      0 
 20260818    11:43:59       0    445     72      -     99     85      0      0      0      0  10251   2580  23156     46      0      0      0 
 20260818    11:44:00       0    447     77      -    100      1      0      0      0      0  10251   2280  23156     46      0      0      0 
 20260818    11:44:01       0    444     76      -    100      2      0      0      0      0  10251   2370  23156     46      0      0      0 
 20260818    11:44:02       0    451     78      -    100      1      0      0      0      0  10251   2340  23156     46      0     12      5 
 20260818    11:44:03       0    449     78      -    100      1      0      0      0      0  10251   2325  23156     46      0      0      0 
 20260818    11:44:04       0    450     76      -    100      1      0      0      0      0  10251   2415  23156     46      0   5662      0 
 20260818    11:44:05       0    447     78      -    100      1      0      0      0      0  10251   2340  23156     46      0      0      0 
 20260818    11:44:06       0    447     76      -    100    100      0      0      0      0  10251   2190  23156     46      0      0      0 
 20260818    11:44:07       0    450     78      -    100      1      0      0      0      0  10251   2340  23156     46      0      0      1 
 20260818    11:44:08       0    450     78      -    100      1      0      0      0      0  10251   2295  23156     46      0      0      0 
 20260818    11:44:09       0    448     75      -    100     73      0      0      0      0  10251   2355  23156     46      0     12      5 
 20260818    11:44:10       0    448     78      -    100      1      0      0      0      0  10251   2295  23156     46      0      0      0 
 20260818    11:44:11       0    446     73      -    100    100      0      0      0      0  10251   2610  23156     46      0      0      8 
 20260818    11:44:13       0    448     78      -    100      1      0      0      0      0  10251   2325  23156     46      0      0      0 
 20260818    11:44:14       0    447     78      -    100      1      0      0      0      0  10251   2340  23156     46      0      0      0 
 20260818    11:44:15       0    449     78      -    100      1      0      0      0      0  10251   2340  23156     46      0     11      5 
 20260818    11:44:16       0    449     78      -    100      1      0      0      0      0  10251   2355  23156     46      0      0      0 
 20260818    11:44:17       0    445     76      -    100     31      0      0      0      0  10251   2445  23156     46      0      0      0 
 20260818    11:44:18       0    449     78      -    100      1      0      0      0      0  10251   2340  23156     46      0      0      0 
 20260818    11:44:19       0    449     78      -    100      1      0      0      0      0  10251   2340  23156     46      0      0      0 
 20260818    11:44:20       0    449     73      -    100      6      0      0      0      0  10251   2550  23156     46      0      4      7 
 20260818    11:44:21       0    448     78      -    100      1      0      0      0      0  10251   2310  23156     46      0      0      0 
 20260818    11:44:22       0    445     72      -     99     86      0      0      0      0  10251   2580  23156     46      0      0      0 
 20260818    11:44:23       0    447     77      -    100      1      0      0      0      0  10251   2280  23156     46      0      0      0 
 20260818    11:44:24       0    446     76      -     99     33      0      0      0      0  10251   2355  23156     46      0      0      0 
 20260818    11:44:25       0    449     78      -    100      1      0      0      0      0  10251   2355  23156     46      0      7      3 
 20260818    11:44:26       0    449     78      -    100      1      0      0      0      0  10251   2340  23156     46      0      0      0 
 20260818    11:44:27       0    450     77      -    100      1      0      0      0      0  10251   2400  23156     46      0      0      0 
 20260818    11:44:28       0    449     78      -    100      1      0      0      0      0  10251   2340  23156     46      0      0      0 
 20260818    11:44:29       0    449     78      -    100      1      0      0      0      0  10251   2340  23156     46      0      0      0 
 20260818    11:44:30       0    448     73      -    100      6      0      0      0      0  10251   2580  23156     46      0     13      6 
 20260818    11:44:31       0    448     78      -    100      1      0      0      0      0  10251   2310  23156     46      0      0      0 
 20260818    11:44:32       0    447     72      -    100     90      0      0      0      0  10251   2565  23156     46      0      0      0 
 20260818    11:44:34       0    447     78      -    100      1      0      0      0      0  10251   2280  23156     46      0      0      8 
 20260818    11:44:35       0    445     76      -     99     42      0      0      0      0  10251   2355  23156     46      0      0      0 
 20260818    11:44:36       0    448     78      -    100      1      0      0      0      0  10251   2340  23156     46      0     11      5 
 20260818    11:44:37       0    448     78      -    100      1      0      0      0      0  10251   2355  23156     46      0      0      0 
 20260818    11:44:38       0    450     78      -    100      1      0      0      0      0  10251   2340  23156     46      0     32      5 
#Date        Time         gpu    pwr  gtemp  mtemp     sm    mem    enc    dec    jpg    ofa   mclk   pclk     fb   bar1   ccpm  rxpci  txpci 
#YYYYMMDD    HH:MM:SS     Idx      W      C      C      %      %      %      %      %      %    MHz    MHz     MB     MB     MB   MB/s   MB/s 
 20260818    11:44:39       0    445     78      -    100      1      0      0      0      0  10251   2310  23156     46      0     17      4 
 20260818    11:44:40       0    422     77      -     99     85      0      0      0      0  10251   2355  23156     46      0      0      0 
 20260818    11:44:41       0    460     77      -    100      1      0      0      0      0  10251   2280  23156     46      0      0      0 
 20260818    11:44:42       0    454     77      -    100      1      0      0      0      0  10251   2280  23156     46      0      0      0 
 20260818    11:44:43       0    458     78      -    100      1      0      0      0      0  10251   2280  23156     46      0     27      4 
 20260818    11:44:44       0    449     78      -    100      1      0      0      0      0  10251   2340  23156     46      0      0      0 
 20260818    11:44:45       0    449     78      -    100      1      0      0      0      0  10251   2310  23156     46      0      8      4 
 20260818    11:44:46       0    449     78      -    100      1      0      0      0      0  10251   2295  23156     46      0      0      1 
 20260818    11:44:47       0    446     75      -    100     60      0      0      0      0  10251   2355  23156     46      0      0      0 
 20260818    11:44:48       0    448     78      -    100      1      0      0      0      0  10251   2340  23156     46      0      0      0 
 20260818    11:44:49       0    449     78      -    100      1      0      0      0      0  10251   2340  23156     46      0      0      0 
 20260818    11:44:50       0    449     74      -    100      9      0      0      0      0  10251   2550  23156     46      0      8      3 
 20260818    11:44:51       0    448     78      -    100      1      0      0      0      0  10251   2325  23156     46      0      0      0 
 20260818    11:44:52       0    450     71      -    100     99      0      0      0      0  10251   2520  23156     46      0      0      0 
 20260818    11:44:53       0    448     78      -    100      1      0      0      0      0  10251   2295  23156     46      0      0      7 
 20260818    11:44:55       0    442     78      -     99     90      0      0      0      0  10251   2340  23156     46      0      0      0 
 20260818    11:44:56       0    448     78      -    100      1      0      0      0      0  10251   2340  23156     46      0     10      5 
 20260818    11:44:57       0    448     78      -    100      1      0      0      0      0  10251   2340  23156     46      0      0      0 
 20260818    11:44:58       0    449     78      -    100      1      0      0      0      0  10251   2340  23156     46      0     11   1463 
 20260818    11:44:59       0    449     78      -    100      1      0      0      0      0  10251   2295  23156     46      0      0      0 
 20260818    11:45:00       0    449     78      -    100      1      0      0      0      0  10251   2340  23156     46      0      0      0 
 20260818    11:45:01       0    450     78      -    100      1      0      0      0      0  10251   2340  23156     46      0      0      1 
 20260818    11:45:02       0    448     78      -    100      1      0      0      0      0  10251   2355  23156     46      0      0      0 
 20260818    11:45:03       0    448     75      -    100      3      0      0      0      0  10251   2505  23156     46      0     12      5 
 20260818    11:45:04       0    448     77      -    100      1      0      0      0      0  10251   2355  23156     46      0      0      0 
 20260818    11:45:05       0    449     71      -    100     91      0      0      0      0  10251   2445  23156     46      0      0      0 
 20260818    11:45:06       0    445     77      -    100      1      0      0      0      0  10251   2280  23156     46      0      0      0 
 20260818    11:45:07       0    446     76      -     99     30      0      0      0      0  10251   2340  23156     46      0      0      0 
 20260818    11:45:08       0    448     78      -    100      1      0      0      0      0  10251   2325  23156     46      0      4      6 
 20260818    11:45:09       0    448     78      -    100      1      0      0      0      0  10251   2340  23156     46      0      0      0 
 20260818    11:45:10       0    444     78      -     99     74      0      0      0      0  10251   2325  23156     46      0      0      0 
 20260818    11:45:11       0    449     78      -    100      1      0      0      0      0  10251   2325  23156     46      0      0      0 
 20260818    11:45:12       0    448     78      -    100      1      0      0      0      0  10251   2340  23156     46      0      0      0 
 20260818    11:45:13       0    450     78      -    100      1      0      0      0      0  10251   2340  23156     46      0     11      3 
 20260818    11:45:14       0    450     78      -    100      1      0      0      0      0  10251   2310  23156     46      0      0      0 
 20260818    11:45:16       0    447     75      -    100    100      0      0      0      0  10251   2340  23156     46      0      0      0 
 20260818    11:45:17       0    449     78      -    100      1      0      0      0      0  10251   2295  23156     46      0      6      0 
 20260818    11:45:18       0    447     70      -    100    100      0      0      0      0  10251   2685  23156     46      0      0      0 
 20260818    11:45:19       0    448     78      -    100      1      0      0      0      0  10251   2340  23156     46      0     11      5 
 20260818    11:45:20       0    447     78      -    100      1      0      0      0      0  10251   2355  23156     46      0      0      1 
 20260818    11:45:21       0    447     70      -    100    100      0      0      0      0  10251   2685  23156     46      0      0      0 
 20260818    11:45:22       0    450     78      -    100      1      0      0      0      0  10251   2325  23156     46      0      0      0 
 20260818    11:45:23       0    447     78      -    100      1      0      0      0      0  10251   2340  23156     46      0      0      0 
 20260818    11:45:24       0    450     78      -    100      1      0      0      0      0  10251   2340  23156     46      0      5      2 
#Date        Time         gpu    pwr  gtemp  mtemp     sm    mem    enc    dec    jpg    ofa   mclk   pclk     fb   bar1   ccpm  rxpci  txpci 
#YYYYMMDD    HH:MM:SS     Idx      W      C      C      %      %      %      %      %      %    MHz    MHz     MB     MB     MB   MB/s   MB/s 
 20260818    11:45:25       0    449     78      -    100      1      0      0      0      0  10251   2325  23156     46      0      0      0 
 20260818    11:45:26       0    448     76      -    100    100      0      0      0      0  10251   2160  23156     46      0      0      0 
 20260818    11:45:27       0    449     77      -    100      1      0      0      0      0  10251   2325  23156     46      0      0      0 
 20260818    11:45:28       0    441     79      -     99    100      0      0      0      0  10251   2325  23156     46      0      0      0 
 20260818    11:45:29       0    449     78      -    100      1      0      0      0      0  10251   2340  23156     46      0      6      2 
 20260818    11:45:30       0    446     78      -    100      1      0      0      0      0  10251   2340  23156     46      0      0      1 
 20260818    11:45:31       0    444     73      -     99    100      0      0      0      0  10251   2340  23156     46      0      0      0 
 20260818    11:45:32       0    451     78      -    100      1      0      0      0      0  10251   2310  23156     46      0      0      0 
 20260818    11:45:33       0    447     78      -    100      1      0      0      0      0  10251   2340  23156     46      0      0      0 
 20260818    11:45:34       0    449     78      -    100      1      0      0      0      0  10251   2340  23156     46      0     11      4 
 20260818    11:45:35       0    449     78      -    100      1      0      0      0      0  10251   2280  23156     46      0      0      0 
 20260818    11:45:37       0    444     75      -    100     37      0      0      0      0  10251   2385  23156     46      0   4034      6 
 20260818    11:45:38       0    448     78      -    100      1      0      0      0      0  10251   2355  23156     46      0      0      0 
 20260818    11:45:39       0    444     73      -     99     84      0      0      0      0  10251   2595  23156     46      0      0      0 
 20260818    11:45:40       0    447     77      -    100      1      0      0      0      0  10251   2310  23156     46      0     27      4 
 20260818    11:45:41       0    444     77      -    100      1      0      0      0      0  10251   2355  23156     46      0      0      0 
 20260818    11:45:42       0    444     73      -     99     87      0      0      0      0  10251   2580  23156     46      0      8   1010 
 20260818    11:45:43       0    447     77      -    100      1      0      0      0      0  10251   2340  23156     46      0      0      0 
 20260818    11:45:44       0    445     76      -    100      2      0      0      0      0  10251   2355  23156     46      0      0      0 
 20260818    11:45:45       0    451     78      -    100      1      0      0      0      0  10251   2340  23156     46      0      1      1 
 20260818    11:45:46       0    448     78      -    100      1      0      0      0      0  10251   2340  23156     46      0      0      0 
 20260818    11:45:47       0    450     78      -    100      1      0      0      0      0  10251   2460  23156     46      0     11      5 
 20260818    11:45:48       0    447     78      -    100      1      0      0      0      0  10251   2340  23156     46      0      1      0 
 20260818    11:45:49       0    447     76      -    100    100      0      0      0      0  10251   2205  23156     46      0      0      0 
 20260818    11:45:50       0    450     77      -    100      1      0      0      0      0  10251   2295  23156     46      0      0      0 
 20260818    11:45:51       0    446     77      -     99     66      0      0      0      0  10251   2355  23156     46      0      0      1 
 20260818    11:45:52       0    447     77      -    100    100      0      0      0      0  10251   2550  23156     46      0     12      5 
 20260818    11:45:53       0    450     78      -    100      1      0      0      0      0  10251   2310  23156     46      0      0      0 
 20260818    11:45:54       0    441     82      -     99     60      0      0      0      0  10251   2265  23156     46      0      0      0 
 20260818    11:45:55       0    455     78      -    100      1      0      0      0      0  10251   2340  23156     46      0      0      0 
 20260818    11:45:56       0    447     78      -    100      1      0      0      0      0  10251   2340  23156     46      0      0      0 
 20260818    11:45:58       0    450     77      -    100      1      0      0      0      0  10251   2625  23156     46      0     11      4 
 20260818    11:45:59       0    448     78      -    100      1      0      0      0      0  10251   2355  23156     46      0      0      2 
 20260818    11:46:00       0    448     72      -    100     90      0      0      0      0  10251   2595  23156     46      0      0      0 
 20260818    11:46:01       0    448     77      -    100      1      0      0      0      0  10251   2325  23156     46      0      0      2 
 20260818    11:46:02       0    447     76      -     99     37      0      0      0      0  10251   2370  23156     46      0      0      0 
 20260818    11:46:03       0    444     76      -    100    100      0      0      0      0  10251   2565  23156     46      0      8      3 
 20260818    11:46:04       0    448     78      -    100      1      0      0      0      0  10251   2280  23156     46      0      0      1 
 20260818    11:46:05       0    447     76      -     99    100      0      0      0      0  10251   2310  23156     46      0      0      0 
 20260818    11:46:06       0    451     78      -    100      1      0      0      0      0  10251   2340  23156     46      0      0      0 
 20260818    11:46:07       0    447     77      -    100      1      0      0      0      0  10251   2370  23156     46      0     17      4 
 20260818    11:46:08       0    451     78      -    100      1      0      0      0      0  10251   2400  23156     46      0     24      6 
 20260818    11:46:09       0    441     78      -    100      1      0      0      0      0  10251   2370  23156     46      0      0      0 
 20260818    11:46:10       0    451     79      -    100      1      0      0      0      0  10251   2340  23156     46      0     25      3 
#Date        Time         gpu    pwr  gtemp  mtemp     sm    mem    enc    dec    jpg    ofa   mclk   pclk     fb   bar1   ccpm  rxpci  txpci 
#YYYYMMDD    HH:MM:SS     Idx      W      C      C      %      %      %      %      %      %    MHz    MHz     MB     MB     MB   MB/s   MB/s 
 20260818    11:46:11       0    450     78      -    100      1      0      0      0      0  10251   2370  23156     46      0      0      0 
 20260818    11:46:12       0    444     78      -    100     44      0      0      0      0  10251   2475  23156     46      0      0      0 
 20260818    11:46:13       0    448     78      -    100      1      0      0      0      0  10251   2340  23156     46      0      0      0 
 20260818    11:46:14       0    448     77      -    100      1      0      0      0      0  10251   2370  23156     46      0      0      0 
 20260818    11:46:15       0    449     78      -    100      1      0      0      0      0  10251   2355  23156     46      0     27      4 
 20260818    11:46:16       0    449     78      -    100      1      0      0      0      0  10251   2355  23156     46      0      0      0 
 20260818    11:46:17       0    448     75      -    100    100      0      0      0      0  10251   2355  23156     46      0   3256   1468 
 20260818    11:46:19       0    455     78      -    100      1      0      0      0      0  10251   2355  23156     46      0      0      2 
 20260818    11:46:20       0    448     73      -    100    100      0      0      0      0  10251   2580  23156     46      0      4      0 
 20260818    11:46:21       0    450     78      -    100      1      0      0      0      0  10251   2340  23156     46      0      0      0 
 20260818    11:46:22       0    445     77      -    100      1      0      0      0      0  10251   2355  23156     46      0      0      0 
 20260818    11:46:23       0    450     78      -    100      1      0      0      0      0  10251   2340  23156     46      0     23      3 
 20260818    11:46:24       0    446     77      -    100      1      0      0      0      0  10251   2310  23156     46      0      0      0 
 20260818    11:46:25       0    446     71      -    100     22      0      0      0      0  10251   2325  23156     46      0      0      0 
 20260818    11:46:26       0    447     78      -    100      1      0      0      0      0  10251   2295  23156     46      0      0      0 
 20260818    11:46:27       0    448     78      -    100      1      0      0      0      0  10251   2340  23156     46      0      0      0 
 20260818    11:46:28       0    449     78      -    100      1      0      0      0      0  10251   2340  23156     46      0     11      4 
 20260818    11:46:29       0    450     78      -    100      1      0      0      0      0  10251   2325  23156     46      0      0      0 
 20260818    11:46:30       0    449     76      -    100    100      0      0      0      0  10251   2355  23156     46      0      0      0 
 20260818    11:46:31       0    450     78      -    100      1      0      0      0      0  10251   2295  23156     46      0      0      0 
 20260818    11:46:32       0    446     72      -     99    100      0      0      0      0  10251   2580  23156     46      0      0      0 
 20260818    11:46:33       0    447     77      -    100      1      0      0      0      0  10251   2325  23156     46      0     10      5 
 20260818    11:46:34       0    448     78      -    100      1      0      0      0      0  10251   2325  23156     46      0      0      0 
 20260818    11:46:35       0    444     71      -     99    100      0      0      0      0  10251   2595  23156     46      0  13716    406 
 20260818    11:46:36       0    449     78      -    100      1      0      0      0      0  10251   2280  23156     46      0      0      0 
 20260818    11:46:37       0    446     78      -    100      1      0      0      0      0  10251   2370  23156     46      0      0      0 
 20260818    11:46:38       0    451     78      -    100      1      0      0      0      0  10251   2340  23156     46      0     10      6 
 20260818    11:46:40       0    450     78      -    100      1      0      0      0      0  10251   2340  23156     46      0      0      0 
 20260818    11:46:41       0    449     78      -    100      7      0      0      0      0  10251   2430  23156     46      0     11      4 
 20260818    11:46:42       0    448     77      -    100      1      0      0      0      0  10251   2340  23156     46      0      0      0 
 20260818    11:46:43       0    446     73      -    100     88      0      0      0      0  10251   2400  23156     46      0      0      0 
 20260818    11:46:44       0    447     78      -    100      1      0      0      0      0  10251   2325  23156     46      0      0      1 
 20260818    11:46:45       0    449     78      -    100      1      0      0      0      0  10251   2280  23156     46      0      0      0 
 20260818    11:46:46       0    449     75      -    100    100      0      0      0      0  10251   2190  23156     46      0     12      5 
 20260818    11:46:47       0    447     78      -    100      1      0      0      0      0  10251   2295  23156     46      0      0      0 
 20260818    11:46:48       0    445     73      -     99     68      0      0      0      0  10251   2460  23156     46      0      0      0 
 20260818    11:46:49       0    448     78      -    100      1      0      0      0      0  10251   2325  23156     46      0      0      0 
 20260818    11:46:50       0    448     78      -    100      1      0      0      0      0  10251   2340  23156     46      0      0      0 
 20260818    11:46:51       0    448     78      -    100      2      0      0      0      0  10251   2340  23156     46      0      8      3 
 20260818    11:46:52       0    448     77      -    100      1      0      0      0      0  10251   2325  23156     46      0      1      0 
 20260818    11:46:53       0    444     77      -     99     85      0      0      0      0  10251   2580  23156     46      0      0      0 
 20260818    11:46:54       0    448     77      -    100      1      0      0      0      0  10251   2280  23156     46      0      8      6 
 20260818    11:46:55       0    448     78      -    100      1      0      0      0      0  10251   2340  23156     46      0      0      0 
 20260818    11:46:56       0    444     77      -     99     85      0      0      0      0  10251   2580  23156     46      0     10    959 
#Date        Time         gpu    pwr  gtemp  mtemp     sm    mem    enc    dec    jpg    ofa   mclk   pclk     fb   bar1   ccpm  rxpci  txpci 
#YYYYMMDD    HH:MM:SS     Idx      W      C      C      %      %      %      %      %      %    MHz    MHz     MB     MB     MB   MB/s   MB/s 
 20260818    11:46:57       0    447     78      -    100      1      0      0      0      0  10251   2295  23156     46      0      0      0 
 20260818    11:46:58       0    446     78      -    100      1      0      0      0      0  10251   2340  23156     46      0      0      0 
 20260818    11:46:59       0    453     78      -    100      1      0      0      0      0  10251   2325  23156     46      0      3      3 
 20260818    11:47:01       0    454     77      -    100      1      0      0      0      0  10251   2310  23156     46      0      0      2 
 20260818    11:47:02       0    448     78      -    100      2      0      0      0      0  10251   2310  23156     46      0     20      4 
 20260818    11:47:03       0    446     78      -    100      1      0      0      0      0  10251   2325  23156     46      0      0      0 
 20260818    11:47:04       0    448     74      -    100     92      0      0      0      0  10251   2115  23156     46      0      0      0 
 20260818    11:47:05       0    447     78      -    100      1      0      0      0      0  10251   2310  23156     46      0      0      1 
 20260818    11:47:06       0    449     78      -    100      1      0      0      0      0  10251   2295  23156     46      0      0      0 
 20260818    11:47:07       0    448     75      -    100    100      0      0      0      0  10251   2385  23156     46      0     26      4 
 20260818    11:47:08       0    446     78      -    100      1      0      0      0      0  10251   2355  23156     46      0      0      0 
 20260818    11:47:09       0    443     73      -     99    100      0      0      0      0  10251   2685  23156     46      0      0      0 
 20260818    11:47:10       0    450     77      -    100      1      0      0      0      0  10251   2325  23156     46      0      0      0 
 20260818    11:47:11       0    445     77      -    100      1      0      0      0      0  10251   2370  23156     46      0      0      0 
 20260818    11:47:12       0    450     78      -    100      1      0      0      0      0  10251   2340  23156     46      0     27      3 
 20260818    11:47:13       0    449     78      -    100      1      0      0      0      0  10251   2355  23156     46      0      0      0 
 20260818    11:47:14       0    448     74      -    100     91      0      0      0      0  10251   2385  23156     46      0      0      0 
 20260818    11:47:15       0    449     78      -    100      1      0      0      0      0  10251   2340  23156     46      0      0      1 
 20260818    11:47:16       0    449     78      -    100      1      0      0      0      0  10251   2340  23156     46      0      0      0 
 20260818    11:47:17       0    446     76      -    100     63      0      0      0      0  10251   2460  23156     46      0     11      3 
 20260818    11:47:18       0    450     78      -    100      1      0      0      0      0  10251   2340  23156     46      0      0      0 
 20260818    11:47:19       0    446     72      -     99    100      0      0      0      0  10251   2580  23156     46      0      0      0 
 20260818    11:47:20       0    446     78      -    100      1      0      0      0      0  10251   2295  23156     46      0      0      7 
 20260818    11:47:22       0    444     76      -    100      1      0      0      0      0  10251   2370  23156     46      0      0      0 
 20260818    11:47:23       0    448     78      -    100      1      0      0      0      0  10251   2355  23156     46      0      5      2 
 20260818    11:47:24       0    450     78      -    100      1      0      0      0      0  10251   2340  23156     46      0      0      0 
 20260818    11:47:25       0    447     78      -    100     82      0      0      0      0  10251   2385  23156     46      0      0      0 
 20260818    11:47:26       0    447     78      -    100      1      0      0      0      0  10251   2310  23156     46      0      0      1 
 20260818    11:47:27       0    448     78      -    100      1      0      0      0      0  10251   2355  23156     46      0      0      0 
 20260818    11:47:28       0    447     73      -    100    100      0      0      0      0  10251   2385  23156     46      0     26      5 
 20260818    11:47:29       0    449     78      -    100      1      0      0      0      0  10251   2280  23156     46      0      0      0 
 20260818    11:47:30       0    446     72      -    100    100      0      0      0      0  10251   2580  23156     46      0      0      0 
 20260818    11:47:31       0    449     78      -    100      1      0      0      0      0  10251   2325  23156     46      0      0      0 
 20260818    11:47:32       0    445     76      -    100      1      0      0      0      0  10251   2370  23156     46      0      0      0 
 20260818    11:47:33       0    449     78      -    100      1      0      0      0      0  10251   2355  23156     46      0     11      5 
 20260818    11:47:34       0    450     78      -    100      1      0      0      0      0  10251   2355  23156     46      0      0      0 
 20260818    11:47:35       0    450     79      -    100      1      0      0      0      0  10251   2340  23156     46      0     21      5 
 20260818    11:47:36       0    449     78      -    100      1      0      0      0      0  10251   2295  23156     46      0     18      5 
 20260818    11:47:37       0    430     77      -    100      1      0      0      0      0  10251   2385  23156     46      0      0      0 
 20260818    11:47:38       0    462     77      -    100      1      0      0      0      0  10251   2280  23156     46      0      0      0 
 20260818    11:47:39       0    449     77      -    100      1      0      0      0      0  10251   2310  23156     46      0      0      0 
 20260818    11:47:40       0    449     78      -    100      1      0      0      0      0  10251   2310  23156     46      0     11      5 
 20260818    11:47:41       0    449     78      -    100      1      0      0      0      0  10251   2310  23156     46      0      0      0 
 20260818    11:47:43       0    447     74      -    100     15      0      0      0      0  10251   2565  23156     46      0     10    691 
#Date        Time         gpu    pwr  gtemp  mtemp     sm    mem    enc    dec    jpg    ofa   mclk   pclk     fb   bar1   ccpm  rxpci  txpci 
#YYYYMMDD    HH:MM:SS     Idx      W      C      C      %      %      %      %      %      %    MHz    MHz     MB     MB     MB   MB/s   MB/s 
 20260818    11:47:44       0    448     78      -    100      1      0      0      0      0  10251   2340  23156     46      0      0      0 
 20260818    11:47:45       0    448     72      -    100    100      0      0      0      0  10251   2130  23156     46      0      0      0 
 20260818    11:47:46       0    449     78      -    100      1      0      0      0      0  10251   2310  23156     46      0      0      0 
 20260818    11:47:47       0    448     80      -     99     64      0      0      0      0  10251   2610  23156     46      0      0      0 
 20260818    11:47:48       0    448     74      -    100    100      0      0      0      0  10251   2340  23156     46      0     22      5 
 20260818    11:47:49       0    449     77      -    100      1      0      0      0      0  10251   2280  23156     46      0      0      0 
 20260818    11:47:50       0    446     71      -    100    100      0      0      0      0  10251   2550  23156     46      0      0      0 
 20260818    11:47:51       0    449     78      -    100      1      0      0      0      0  10251   2325  23156     46      0      0      0 
 20260818    11:47:52       0    447     77      -    100      1      0      0      0      0  10251   2325  23156     46      0      0      0 
 20260818    11:47:53       0    448     78      -    100      1      0      0      0      0  10251   2310  23156     46      0     11      4 
 20260818    11:47:54       0    448     78      -    100      1      0      0      0      0  10251   2325  23156     46      0      0      0 
 20260818    11:47:55       0    449     77      -    100      1      0      0      0      0  10251   2340  23156     46      0      0      0 
 20260818    11:47:56       0    451     78      -    100      1      0      0      0      0  10251   2325  23156     46      0      0      0 
 20260818    11:47:57       0    449     71      -    100     97      0      0      0      0  10251   2220  23156     46      0      0      0 
 20260818    11:47:58       0    450     78      -    100      1      0      0      0      0  10251   2340  23156     46      0     26      3 
 20260818    11:47:59       0    449     78      -    100      1      0      0      0      0  10251   2310  23156     46      0      0      0 
 20260818    11:48:00       0    448     74      -    100    100      0      0      0      0  10251   2340  23156     46      0      8      4 
 20260818    11:48:01       0    449     78      -    100      1      0      0      0      0  10251   2295  23156     46      0      1      0 
 20260818    11:48:03       0    446     71      -    100    100      0      0      0      0  10251   2595  23156     46      0      6      0 
 20260818    11:48:04       0    450     78      -    100      1      0      0      0      0  10251   2340  23156     46      0      0      0 
 20260818    11:48:05       0    447     78      -    100      1      0      0      0      0  10251   2325  23156     46      0      0      0 
 20260818    11:48:06       0    450     78      -    100      1      0      0      0      0  10251   2340  23156     46      0     12      5 
 20260818    11:48:07       0    450     78      -    100      1      0      0      0      0  10251   2340  23156     46      0      0      0 
 20260818    11:48:08       0    447     76      -    100     54      0      0      0      0  10251   2460  23156     46      0      0      0 
 20260818    11:48:09       0    448     78      -    100      1      0      0      0      0  10251   2340  23156     46      0      0      0 
 20260818    11:48:10       0    449     78      -    100      1      0      0      0      0  10251   2340  23156     46      0      0      0 
 20260818    11:48:11       0    448     74      -    100     15      0      0      0      0  10251   2565  23156     46      0     29      5 
 20260818    11:48:12       0    448     78      -    100      1      0      0      0      0  10251   2295  23156     46      0      0      0 
 20260818    11:48:13       0    447     72      -     99     90      0      0      0      0  10251   2550  23156     46      0      0      0 
 20260818    11:48:14       0    447     77      -    100      1      0      0      0      0  10251   2280  23156     46      0      0      0 
 20260818    11:48:15       0    446     76      -    100      6      0      0      0      0  10251   2340  23156     46      0      0      0 
 20260818    11:48:16       0    451     78      -    100      1      0      0      0      0  10251   2325  23156     46      0      7      2 
 20260818    11:48:17       0    449     78      -    100      1      0      0      0      0  10251   2355  23156     46      0      0      0 
 20260818    11:48:18       0    448     73      -    100      6      0      0      0      0  10251   2580  23156     46      0      0      0 
 20260818    11:48:19       0    451     78      -    100      1      0      0      0      0  10251   2340  23156     46      0      0      0 
 20260818    11:48:20       0    449     78      -    100      1      0      0      0      0  10251   2340  23156     46      0      0      0 
 20260818    11:48:21       0    446     75      -    100     52      0      0      0      0  10251   2385  23156     46      0      8      4 
 20260818    11:48:22       0    448     78      -    100      1      0      0      0      0  10251   2310  23156     46      0      0      0 
 20260818    11:48:24       0    445     73      -     99    100      0      0      0      0  10251   2580  23156     46      0      0      0 
 20260818    11:48:25       0    444     78      -    100      1      0      0      0      0  10251   2325  23156     46      0      2      6 
 20260818    11:48:26       0    447     78      -    100      1      0      0      0      0  10251   2355  23156     46      0      0      0 
 20260818    11:48:27       0    449     78      -    100      1      0      0      0      0  10251   2340  23156     46      0     12      5 
 20260818    11:48:28       0    450     78      -    100      1      0      0      0      0  10251   2310  23156     46      0      0      0 
 20260818    11:48:29       0    447     77      -    100      1      0      0      0      0  10251   2340  23156     46      0      0      0 
#Date        Time         gpu    pwr  gtemp  mtemp     sm    mem    enc    dec    jpg    ofa   mclk   pclk     fb   bar1   ccpm  rxpci  txpci 
#YYYYMMDD    HH:MM:SS     Idx      W      C      C      %      %      %      %      %      %    MHz    MHz     MB     MB     MB   MB/s   MB/s 
 20260818    11:48:30       0    448     78      -    100      1      0      0      0      0  10251   2340  23156     46      0      0      0 
 20260818    11:48:31       0    449     78      -    100      1      0      0      0      0  10251   2340  23156     46      0      0      0 
 20260818    11:48:32       0    448     75      -    100     19      0      0      0      0  10251   2475  23156     46      0     12      5 
 20260818    11:48:33       0    448     78      -    100      1      0      0      0      0  10251   2325  23156     46      0      0      0 
 20260818    11:48:34       0    449     71      -    100     92      0      0      0      0  10251   2550  23156     46      0      0      0 
 20260818    11:48:35       0    447     78      -    100      1      0      0      0      0  10251   2295  23156     46      0      0      0 
 20260818    11:48:36       0    445     77      -     99     68      0      0      0      0  10251   2325  23156     46      0      0      0 
 20260818    11:48:37       0    448     78      -    100      1      0      0      0      0  10251   2325  23156     46      0      6      2 
 20260818    11:48:38       0    448     78      -    100      1      0      0      0      0  10251   2340  23156     46      0      0      1 
 20260818    11:48:39       0    445     77      -     99     63      0      0      0      0  10251   2325  23156     46      0      0      0 
 20260818    11:48:40       0    448     78      -    100      1      0      0      0      0  10251   2340  23156     46      0      0      0 
 20260818    11:48:41       0    449     78      -    100      1      0      0      0      0  10251   2340  23156     46      0      0      0 
 20260818    11:48:42       0    449     78      -    100      1      0      0      0      0  10251   2340  23156     46      0     11      4 
 20260818    11:48:43       0    449     78      -    100      1      0      0      0      0  10251   2310  23156     46      0      0      0 
 20260818    11:48:45       0    448     75      -    100    100      0      0      0      0  10251   2265  23156     46      0      6      0 
 20260818    11:48:46       0    450     77      -    100      1      0      0      0      0  10251   2310  23156     46      0      0      0 
 20260818    11:48:47       0    443     78      -     99    100      0      0      0      0  10251   2385  23156     46      0      0      0 
 20260818    11:48:48       0    449     78      -    100      1      0      0      0      0  10251   2325  23156     46      0     11      4 
 20260818    11:48:49       0    448     78      -    100      1      0      0      0      0  10251   2340  23156     46      0      0      1 
 20260818    11:48:50       0    442     79      -     99    100      0      0      0      0  10251   2355  23156     46      0      0      0 
 20260818    11:48:51       0    449     77      -    100      1      0      0      0      0  10251   2310  23156     46      0      0      0 
 20260818    11:48:52       0    447     78      -    100      1      0      0      0      0  10251   2340  23156     46      0      0      0 
 20260818    11:48:53       0    450     78      -    100      1      0      0      0      0  10251   2340  23156     46      0      6      2 
 20260818    11:48:54       0    449     78      -    100      1      0      0      0      0  10251   2325  23156     46      0      0      0 
 20260818    11:48:55       0    450     71      -    100     98      0      0      0      0  10251   2535  23156     46      0      0      0 
 20260818    11:48:56       0    448     78      -    100      1      0      0      0      0  10251   2280  23156     46      0      0      0 
 20260818    11:48:57       0    445     76      -     99     30      0      0      0      0  10251   2355  23156     46      0      0      0 
 20260818    11:48:58       0    448     78      -    100      1      0      0      0      0  10251   2340  23156     46      0      4      3 
 20260818    11:48:59       0    448     78      -    100      1      0      0      0      0  10251   2355  23156     46      0      0      1 
 20260818    11:49:00       0    441     78      -     99     86      0      0      0      0  10251   2325  23156     46      0      0      0 
 20260818    11:49:01       0    449     78      -    100      1      0      0      0      0  10251   2310  23156     46      0      0      0 
 20260818    11:49:02       0    447     78      -    100      1      0      0      0      0  10251   2370  23156     46      0      0      0 
 20260818    11:49:03       0    450     78      -    100      1      0      0      0      0  10251   2340  23156     46      0     27      4 
 20260818    11:49:04       0    449     78      -    100      1      0      0      0      0  10251   2355  23156     46      0     16      4 
 20260818    11:49:06       0    450     75      -    100      1      0      0      0      0  10251   2430  23156     46      0   1983      5 
 20260818    11:49:07       0    438     78      -    100      1      0      0      0      0  10251   2340  23156     46      0      6      0 
 20260818    11:49:08       0    449     73      -    100      7      0      0      0      0  10251   2370  23156     46      0      0      0 
 20260818    11:49:09       0    447     78      -    100      1      0      0      0      0  10251   2340  23156     46      0      0      0 
 20260818    11:49:10       0    450     71      -    100     99      0      0      0      0  10251   2520  23156     46      0      0      1 
 20260818    11:49:11       0    449     78      -    100      1      0      0      0      0  10251   2340  23156     46      0      3      7 
 20260818    11:49:12       0    450     78      -    100      1      0      0      0      0  10251   2295  23156     46      0      0      0 
 20260818    11:49:13       0    448     75      -    100     74      0      0      0      0  10251   2325  23156     46      0     11      5 
 20260818    11:49:14       0    449     78      -    100      1      0      0      0      0  10251   2325  23156     46      0      0      0 
 20260818    11:49:15       0    444     74      -     99    100      0      0      0      0  10251   2640  23156     46      0      0      0 
#Date        Time         gpu    pwr  gtemp  mtemp     sm    mem    enc    dec    jpg    ofa   mclk   pclk     fb   bar1   ccpm  rxpci  txpci 
#YYYYMMDD    HH:MM:SS     Idx      W      C      C      %      %      %      %      %      %    MHz    MHz     MB     MB     MB   MB/s   MB/s 
 20260818    11:49:16       0    445     78      -    100      1      0      0      0      0  10251   2325  23156     46      0      0      0 
 20260818    11:49:17       0    447     77      -    100      1      0      0      0      0  10251   2340  23156     46      0      0      0 
 20260818    11:49:18       0    453     78      -    100      1      0      0      0      0  10251   2340  23156     46      0      5      2 
 20260818    11:49:19       0    448     78      -    100      1      0      0      0      0  10251   2340  23156     46      0      0      0 
 20260818    11:49:20       0    450     78      -    100      1      0      0      0      0  10251   2355  23156     46      0      0      1 
 20260818    11:49:21       0    449     78      -    100      1      0      0      0      0  10251   2325  23156     46      0      0      0 
 20260818    11:49:22       0    448     78      -    100      1      0      0      0      0  10251   2340  23156     46      0      0      0 
 20260818    11:49:23       0    449     78      -    100      1      0      0      0      0  10251   2340  23547     48      0     11      5 
 20260818    11:49:24       0    450     78      -    100      1      0      0      0      0  10251   2310  23547     48      0      0      0 
 20260818    11:49:25       0    448     75      -    100     91      0      0      0      0  10251   2310  23156     46      0  11645   1048 
 20260818    11:49:27       0    448     78      -    100      1      0      0      0      0  10251   2280  23156     46      0      0      3 
 20260818    11:49:28       0    445     73      -     99    100      0      0      0      0  10251   2580  23156     46      0      5      0 
 20260818    11:49:29       0    445     78      -    100      1      0      0      0      0  10251   2310  23156     46      0      0      0 
 20260818    11:49:30       0    446     76      -    100      2      0      0      0      0  10251   2355  23156     46      0      0      0 
 20260818    11:49:31       0    452     78      -    100      1      0      0      0      0  10251   2325  23156     46      0      8      3 
 20260818    11:49:32       0    448     78      -    100      1      0      0      0      0  10251   2340  23156     46      0      0      0 
 20260818    11:49:33       0    444     76      -    100     20      0      0      0      0  10251   2370  23156     46      0      0      0 
 20260818    11:49:34       0    448     78      -    100      1      0      0      0      0  10251   2340  23156     46      0      0      0 
 20260818    11:49:35       0    446     78      -    100      1      0      0      0      0  10251   2340  23156     46      0      0      0 
 20260818    11:49:36       0    450     78      -    100      1      0      0      0      0  10251   2430  23156     46      0     24      5 
 20260818    11:49:37       0    450     77      -    100      1      0      0      0      0  10251   2310  23156     46      0      0      0 
 20260818    11:49:38       0    447     76      -    100    100      0      0      0      0  10251   2145  23156     46      0      0      0 
 20260818    11:49:39       0    447     77      -    100      1      0      0      0      0  10251   2280  23156     46      0      0      0 
 20260818    11:49:40       0    441     78      -     99     88      0      0      0      0  10251   2325  23156     46      0      0      0 
 20260818    11:49:41       0    453     78      -    100      1      0      0      0      0  10251   2325  23156     46      0      6      2 
 20260818    11:49:42       0    449     78      -    100      1      0      0      0      0  10251   2295  23156     46      0      0      0 
 20260818    11:49:43       0    445     74      -     99    100      0      0      0      0  10251   2340  23156     46      0      0      0 
 20260818    11:49:44       0    449     78      -    100      1      0      0      0      0  10251   2325  23156     46      0      0      0 
 20260818    11:49:45       0    447     78      -    100      1      0      0      0      0  10251   2340  23156     46      0      0      0 
 20260818    11:49:46       0    449     78      -    100      1      0      0      0      0  10251   2340  23156     46      0      4      4 
 20260818    11:49:48       0    450     78      -    100      1      0      0      0      0  10251   2280  23156     46      0      0      0 
 20260818    11:49:49       0    447     76      -    100    100      0      0      0      0  10251   2160  23156     46      0      0      0 
 20260818    11:49:50       0    446     77      -    100      1      0      0      0      0  10251   2295  23156     46      0      0      0 
 20260818    11:49:51       0    447     76      -     99     37      0      0      0      0  10251   2340  23156     46      0      0      0 
 20260818    11:49:52       0    448     78      -    100      1      0      0      0      0  10251   2325  23156     46      0      8      3 
 20260818    11:49:53       0    448     78      -    100      1      0      0      0      0  10251   2280  23156     46      0      0      0 
 20260818    11:49:54       0    446     76      -     99     30      0      0      0      0  10251   2370  23156     46      0      0      0 
 20260818    11:49:55       0    448     78      -    100      1      0      0      0      0  10251   2340  23156     46      0      0      0 
 20260818    11:49:56       0    449     78      -    100      1      0      0      0      0  10251   2340  23156     46      0      0      0 
 20260818    11:49:57       0    449     78      -    100      1      0      0      0      0  10251   2430  23156     46      0     12      5 
 20260818    11:49:58       0    449     78      -    100      1      0      0      0      0  10251   2325  23156     46      0      0      0 
 20260818    11:49:59       0    449     71      -    100    100      0      0      0      0  10251   2565  23156     46      0      0      0 
 20260818    11:50:00       0    448     78      -    100      1      0      0      0      0  10251   2280  23156     46      0      0      0 
 20260818    11:50:01       0    446     77      -     99     62      0      0      0      0  10251   2355  23156     46      0      0      0 
#Date        Time         gpu    pwr  gtemp  mtemp     sm    mem    enc    dec    jpg    ofa   mclk   pclk     fb   bar1   ccpm  rxpci  txpci 
#YYYYMMDD    HH:MM:SS     Idx      W      C      C      %      %      %      %      %      %    MHz    MHz     MB     MB     MB   MB/s   MB/s 
 20260818    11:50:02       0    449     78      -    100      1      0      0      0      0  10251   2325  23156     46      0      4      3 
 20260818    11:50:03       0    451     77      -    100      1      0      0      0      0  10251   2295  23156     46      0      0      0 
 20260818    11:50:04       0    446     70      -    100    100      0      0      0      0  10251   2475  23156     46      0      0      0 
 20260818    11:50:05       0    449     78      -    100      1      0      0      0      0  10251   2325  23156     46      0      0      0 
 20260818    11:50:06       0    447     78      -    100      1      0      0      0      0  10251   2340  23156     46      0      0      0 
 20260818    11:50:07       0    449     78      -    100      1      0      0      0      0  10251   2340  23156     46      0      8      2 
 20260818    11:50:09       0    449     78      -    100      1      0      0      0      0  10251   2295  23156     46      0      0      8 
 20260818    11:50:10       0    446     74      -    100    100      0      0      0      0  10251   2175  23156     46      0      0      0 
 20260818    11:50:11       0    450     77      -    100      1      0      0      0      0  10251   2295  23156     46      0      0      0 
 20260818    11:50:12       0    441     69      -    100    100      0      0      0      0  10251   2685  23156     46      0      0      0 
 20260818    11:50:13       0    447     77      -    100      1      0      0      0      0  10251   2340  23156     46      0     11      4 
 20260818    11:50:14       0    453     78      -    100      1      0      0      0      0  10251   2310  23156     46      0      0      0 
 20260818    11:50:15       0    445     72      -    100    100      0      0      0      0  10251   2685  23156     46      0      0      0 
 20260818    11:50:16       0    450     78      -    100      1      0      0      0      0  10251   2340  23156     46      0      0      0 
 20260818    11:50:17       0    452     77      -    100      1      0      0      0      0  10251   2310  23156     46      0      0      0 
 20260818    11:50:18       0    444     78      -    100      1      0      0      0      0  10251   2340  23156     46      0     11      3 
 20260818    11:50:19       0    448     78      -    100      1      0      0      0      0  10251   2310  23156     46      0      0      0 
 20260818    11:50:20       0    447     73      -    100    100      0      0      0      0  10251   2190  23156     46      0      0      0 
 20260818    11:50:21       0    451     77      -    100      1      0      0      0      0  10251   2325  23156     46      0      0      0 
 20260818    11:50:22       0    442     79      -     99    100      0      0      0      0  10251   2340  23156     46      0      0      0 
 20260818    11:50:23       0    449     78      -    100      1      0      0      0      0  10251   2310  23156     46      0     23      5 
 20260818    11:50:24       0    449     77      -    100      1      0      0      0      0  10251   2295  23156     46      0      0      0 
 20260818    11:50:25       0    444     81      -     99     75      0      0      0      0  10251   2265  23156     46      0      0      0 
 20260818    11:50:26       0    453     78      -    100      1      0      0      0      0  10251   2340  23156     46      0      0      0 
 20260818    11:50:27       0    448     78      -    100      1      0      0      0      0  10251   2340  23156     46      0      0      0 
 20260818    11:50:28       0    450     78      -    100      1      0      0      0      0  10251   2355  23156     46      0      4      6 
 20260818    11:50:30       0    447     78      -    100      1      0      0      0      0  10251   2310  23156     46      0      0      0 
 20260818    11:50:31       0    447     75      -    100     74      0      0      0      0  10251   2340  23156     46      0      0      0 
 20260818    11:50:32       0    446     78      -    100      1      0      0      0      0  10251   2340  23156     46      0      0      0 
 20260818    11:50:33       0    446     72      -    100     90      0      0      0      0  10251   2580  23156     46      0     19      5 
 20260818    11:50:34       0    447     78      -    100      1      0      0      0      0  10251   2280  23156     46      0     21      8 
 20260818    11:50:35       0    440     79      -    100      1      0      0      0      0  10251   2385  23156     46      0      0      0 
 20260818    11:50:36       0    449     78      -    100     74      0      0      0      0  10251   2625  23156     46      0     11      3 
 20260818    11:50:37       0    448     78      -    100      1      0      0      0      0  10251   2370  23156     46      0      0      0 
 20260818    11:50:38       0    445     76      -     99     90      0      0      0      0  10251   2580  23156     46      0      0      0 
 20260818    11:50:39       0    454     77      -    100      1      0      0      0      0  10251   2295  23156     46      0      0      0 
 20260818    11:50:40       0    442     73      -    100     13      0      0      0      0  10251   2310  23156     46      0      0      0 
 20260818    11:50:41       0    450     78      -    100      1      0      0      0      0  10251   2340  23156     46      0      2      1 
 20260818    11:50:42       0    446     77      -    100      1      0      0      0      0  10251   2340  23156     46      0      0      0 
 20260818    11:50:43       0    449     78      -    100      1      0      0      0      0  10251   2340  23156     46      0     12      5 
 20260818    11:50:44       0    446     78      -    100      1      0      0      0      0  10251   2340  23156     46      0      0      1 
 20260818    11:50:45       0    448     77      -    100      1      0      0      0      0  10251   2355  23156     46      0      0      0 
 20260818    11:50:46       0    449     78      -    100      1      0      0      0      0  10251   2340  23156     46      0      0      0 
 20260818    11:50:47       0    449     78      -    100      1      0      0      0      0  10251   2340  23156     46      0      0      0 
#Date        Time         gpu    pwr  gtemp  mtemp     sm    mem    enc    dec    jpg    ofa   mclk   pclk     fb   bar1   ccpm  rxpci  txpci 
#YYYYMMDD    HH:MM:SS     Idx      W      C      C      %      %      %      %      %      %    MHz    MHz     MB     MB     MB   MB/s   MB/s 
 20260818    11:50:48       0    447     78      -    100     23      0      0      0      0  10251   2415  23156     46      0      4      6 
 20260818    11:50:49       0    447     78      -    100      1      0      0      0      0  10251   2340  23156     46      0      0      0 
 20260818    11:50:51       0    444     74      -     99     86      0      0      0      0  10251   2250  23156     46      0      0      2 
 20260818    11:50:52       0    447     77      -    100      1      0      0      0      0  10251   2325  23156     46      0      4      0 
 20260818    11:50:53       0    447     70      -     99     32      0      0      0      0  10251   2280  23156     46      0      0      0 
 20260818    11:50:54       0    449     78      -    100      1      0      0      0      0  10251   2340  23156     46      0     11      5 
 20260818    11:50:55       0    449     78      -    100      1      0      0      0      0  10251   2355  23156     46      0      0      0 
 20260818    11:50:56       0    441     73      -     99     91      0      0      0      0  10251   2685  23156     46      0      0      0 
 20260818    11:50:57       0    449     78      -    100      1      0      0      0      0  10251   2310  23156     46      0      0      0 
 20260818    11:50:58       0    447     77      -    100      1      0      0      0      0  10251   2355  23156     46      0      0      0 
 20260818    11:50:59       0    450     78      -    100      1      0      0      0      0  10251   2340  23156     46      0     11      6 
 20260818    11:51:00       0    449     78      -    100      1      0      0      0      0  10251   2340  23156     46      0      0      0 
 20260818    11:51:01       0    447     78      -    100     82      0      0      0      0  10251   2445  23156     46      0      8   1232 
 20260818    11:51:02       0    447     78      -    100      1      0      0      0      0  10251   2355  23156     46      0      0      0 
 20260818    11:51:03       0    446     71      -     99    100      0      0      0      0  10251   2580  23156     46      0      0      0 
 20260818    11:51:04       0    444     78      -    100      1      0      0      0      0  10251   2310  23156     46      0      2      1 
 20260818    11:51:05       0    446     76      -    100      1      0      0      0      0  10251   2355  23156     46      0      0      0 
 20260818    11:51:06       0    446     74      -     99     99      0      0      0      0  10251   2565  23156     46      0     11      5 
 20260818    11:51:07       0    446     78      -    100      1      0      0      0      0  10251   2280  23156     46      0      1      0 
 20260818    11:51:08       0    446     77      -    100      1      0      0      0      0  10251   2355  23156     46      0      0      0 
 20260818    11:51:09       0    450     78      -    100      1      0      0      0      0  10251   2325  23156     46      0      0      0 
 20260818    11:51:10       0    449     78      -    100      1      0      0      0      0  10251   2340  23156     46      0      0      8 
 20260818    11:51:12       0    448     78      -    100      7      0      0      0      0  10251   2430  23156     46      0     18      5 
 20260818    11:51:13       0    448     78      -    100      1      0      0      0      0  10251   2340  23156     46      0      0      0 
 20260818    11:51:14       0    447     73      -    100     91      0      0      0      0  10251   2355  23156     46      0      0      0 
 20260818    11:51:15       0    447     78      -    100      1      0      0      0      0  10251   2325  23156     46      0      0      0 
 20260818    11:51:16       0    445     78      -    100      1      0      0      0      0  10251   2370  23156     46      0      0      1 
 20260818    11:51:17       0    444     71      -     99    100      0      0      0      0  10251   2595  23156     46      0     11      4 
 20260818    11:51:18       0    445     78      -    100      1      0      0      0      0  10251   2295  23156     46      0      1      0 
 20260818    11:51:19       0    448     77      -    100      1      0      0      0      0  10251   2355  23156     46      0      0      0 
 20260818    11:51:20       0    449     78      -    100      1      0      0      0      0  10251   2340  23156     46      0     27      4 
 20260818    11:51:21       0    449     78      -    100      1      0      0      0      0  10251   2340  23156     46      0      0      0 
 20260818    11:51:22       0    448     75      -    100     91      0      0      0      0  10251   2385  23156     46      0  11759   1035 
 20260818    11:51:23       0    448     78      -    100      1      0      0      0      0  10251   2355  23156     46      0      0      0 
 20260818    11:51:24       0    446     73      -    100    100      0      0      0      0  10251   2580  23156     46      0      0      0 
 20260818    11:51:25       0    450     78      -    100      1      0      0      0      0  10251   2310  23156     46      0     26      4 
 20260818    11:51:26       0    447     77      -    100      1      0      0      0      0  10251   2355  23156     46      0      0      1 
 20260818    11:51:27       0    446     72      -     99    100      0      0      0      0  10251   2580  23156     46      0   9185   1287 
 20260818    11:51:28       0    448     78      -    100      1      0      0      0      0  10251   2325  23547     48      0      0      0 
 20260818    11:51:29       0    446     77      -    100      1      0      0      0      0  10251   2355  23547     48      0      0      0 
 20260818    11:51:30       0    449     78      -    100      1      0      0      0      0  10251   2340  23547     48      0      0      1 
 20260818    11:51:31       0    449     78      -    100      1      0      0      0      0  10251   2340  23547     48      0      0      0 
 20260818    11:51:33       0    448     78      -    100      6      0      0      0      0  10251   2355  23547     48      0     12      8 
 20260818    11:51:34       0    449     78      -    100      1      0      0      0      0  10251   2325  23547     48      0      5      0 
#Date        Time         gpu    pwr  gtemp  mtemp     sm    mem    enc    dec    jpg    ofa   mclk   pclk     fb   bar1   ccpm  rxpci  txpci 
#YYYYMMDD    HH:MM:SS     Idx      W      C      C      %      %      %      %      %      %    MHz    MHz     MB     MB     MB   MB/s   MB/s 
 20260818    11:51:35       0    444     77      -     99     87      0      0      0      0  10251   2565  23547     48      0      0      0 
 20260818    11:51:36       0    447     78      -    100      1      0      0      0      0  10251   2295  23156     46      0      0      0 
 20260818    11:51:37       0    443     77      -    100      3      0      0      0      0  10251   2385  23547     48      0      0      0 
 20260818    11:51:38       0    453     78      -    100      1      0      0      0      0  10251   2355  23547     48      0     11      4 
 20260818    11:51:39       0    447     77      -    100      1      0      0      0      0  10251   2295  23156     46      0      0      0 
 20260818    11:51:40       0    445     78      -    100      2      0      0      0      0  10251   2355  23156     46      0      0      0 
 20260818    11:51:41       0    451     78      -    100      1      0      0      0      0  10251   2340  23156     46      0      0      0 
 20260818    11:51:42       0    449     78      -    100      1      0      0      0      0  10251   2355  23156     46      0      0      0 
 20260818    11:51:43       0    449     78      -    100      1      0      0      0      0  10251   2340  23156     46      0      8      4 
 20260818    11:51:44       0    448     78      -    100      1      0      0      0      0  10251   2340  23156     46      0      0      0 
 20260818    11:51:45       0    444     75      -     99     85      0      0      0      0  10251   2565  23156     46      0      0      0 
 20260818    11:51:46       0    447     77      -    100      1      0      0      0      0  10251   2310  23156     46      0      0      0 
 20260818    11:51:47       0    445     79      -    100      1      0      0      0      0  10251   2340  23156     46      0      0      0 
 20260818    11:51:48       0    445     73      -     99     99      0      0      0      0  10251   2580  23156     46      0     11      4 
 20260818    11:51:49       0    448     78      -    100      1      0      0      0      0  10251   2280  23156     46      0      0      0 
 20260818    11:51:50       0    444     76      -    100      1      0      0      0      0  10251   2355  23156     46      0      0      0 
 20260818    11:51:51       0    449     78      -    100      1      0      0      0      0  10251   2340  23156     46      0     22      5 
 20260818    11:51:52       0    450     77      -    100      1      0      0      0      0  10251   2340  23156     46      0      0      0 
 20260818    11:51:54       0    448     73      -    100     91      0      0      0      0  10251   2565  23156     46      0  13726    380 
 20260818    11:51:55       0    449     78      -    100      1      0      0      0      0  10251   2310  23156     46      0      0      0 
 20260818    11:51:56       0    446     72      -     99    100      0      0      0      0  10251   2580  23156     46      0      0      0 
 20260818    11:51:57       0    446     78      -    100      1      0      0      0      0  10251   2340  23156     46      0      4      4 
 20260818    11:51:58       0    446     77      -    100      1      0      0      0      0  10251   2355  23156     46      0      0      0 
 20260818    11:51:59       0    445     72      -     99     85      0      0      0      0  10251   2550  23156     46      0     12      5 
 20260818    11:52:00       0    446     77      -    100      1      0      0      0      0  10251   2280  23156     46      0      0      1 
 20260818    11:52:01       0    440     73      -     99     99      0      0      0      0  10251   2640  23156     46      0     17      5 
 20260818    11:52:02       0    450     78      -    100      1      0      0      0      0  10251   2325  23156     46      0     17      5 
 20260818    11:52:03       0    431     78      -    100      1      0      0      0      0  10251   2460  23156     46      0      0      0 
 20260818    11:52:04       0    459     79      -    100      1      0      0      0      0  10251   2355  23156     46      0      0      0 
 20260818    11:52:05       0    444     69      -    100     44      0      0      0      0  10251   2490  23156     46      0      0      0 
 20260818    11:52:06       0    448     78      -    100      1      0      0      0      0  10251   2430  23156     46      0      0      0 
 20260818    11:52:07       0    445     79      -    100     90      0      0      0      0  10251   2475  23156     46      0      0      0 
 20260818    11:52:08       0    448     79      -    100      1      0      0      0      0  10251   2400  23156     46      0      0      1 
 20260818    11:52:09       0    446     80      -    100      1      0      0      0      0  10251   2475  23156     46      0      0      0 
 20260818    11:52:10       0    448     80      -    100      1      0      0      0      0  10251   2505  23156     46      0      0      0 
 20260818    11:52:11       0    447     80      -    100      1      0      0      0      0  10251   2460  23156     46      0      0      0 
 20260818    11:52:12       0    449     80      -    100      1      0      0      0      0  10251   2445  23156     46      0      2      1 
 20260818    11:52:13       0    450     80      -    100      1      0      0      0      0  10251   2460  23156     46      0      0      0 
 20260818    11:52:15       0    450     80      -    100      1      0      0      0      0  10251   2460  23156     46      0     10      5 
 20260818    11:52:16       0    448     80      -    100      1      0      0      0      0  10251   2475  23156     46      0      6      0 
 20260818    11:52:17       0    449     80      -    100      1      0      0      0      0  10251   2475  23156     46      0     11      5 
 20260818    11:52:18       0    445     81      -    100      1      0      0      0      0  10251   2490  23156     46      0      0      0 
 20260818    11:52:19       0    451     80      -    100      1      0      0      0      0  10251   2460  23156     46      0     11      5 
 20260818    11:52:20       0    448     79      -    100      1      0      0      0      0  10251   2400  23156     46      0      0      0 
#Date        Time         gpu    pwr  gtemp  mtemp     sm    mem    enc    dec    jpg    ofa   mclk   pclk     fb   bar1   ccpm  rxpci  txpci 
#YYYYMMDD    HH:MM:SS     Idx      W      C      C      %      %      %      %      %      %    MHz    MHz     MB     MB     MB   MB/s   MB/s 
 20260818    11:52:21       0    449     77      -    100     65      0      0      0      0  10251   2625  23156     46      0      5      2 
 20260818    11:52:22       0    450     80      -    100      1      0      0      0      0  10251   2445  23156     46      0      1      0 
 20260818    11:52:23       0    448     73      -    100      8      0      0      0      0  10251   2430  23156     46      0     27   1391 
 20260818    11:52:24       0    447     80      -    100      1      0      0      0      0  10251   2445  23156     46      0      0      0 
 20260818    11:52:25       0    448     80      -    100      1      0      0      0      0  10251   2415  23156     46      0   5043      4 
 20260818    11:52:26       0    448     80      -    100      1      0      0      0      0  10251   2385  23156     46      0      0      1 
 20260818    11:52:27       0    448     80      -    100      1      0      0      0      0  10251   2430  23156     46      0      7      3 
 20260818    11:52:28       0    448     80      -    100      1      0      0      0      0  10251   2445  23156     46      0      0      0 
 20260818    11:52:29       0    448     80      -    100      1      0      0      0      0  10251   2430  23156     46      0      8      3 
 20260818    11:52:30       0    449     79      -    100      1      0      0      0      0  10251   2385  23156     46      0      0      0 
 20260818    11:52:31       0    445     73      -    100     94      0      0      0      0  10251   2535  23156     46      0      0      0 
 20260818    11:52:32       0    447     79      -    100      1      0      0      0      0  10251   2400  23156     46      0      0      0 
 20260818    11:52:33       0    446     72      -    100     88      0      0      0      0  10251   2520  23156     46      0      0      0 
 20260818    11:52:35       0    448     79      -    100      1      0      0      0      0  10251   2385  23547     48      0      0      2 
 20260818    11:52:36       0    447     75      -    100    100      0      0      0      0  10251   2235  23547     48      0      5      0 
 20260818    11:52:37       0    451     79      -    100      1      0      0      0      0  10251   2385  23156     46      0      0      0 
 20260818    11:52:38       0    448     74      -    100    100      0      0      0      0  10251   2265  23156     46      0      0      0 
 20260818    11:52:39       0    448     80      -    100      1      0      0      0      0  10251   2385  23156     46      0      0      0 
 20260818    11:52:40       0    447     75      -    100     65      0      0      0      0  10251   2310  23156     46      0      0      1 
 20260818    11:52:41       0    450     80      -    100      1      0      0      0      0  10251   2445  23156     46      0      0      0 
 20260818    11:52:42       0    449     79      -    100      1      0      0      0      0  10251   2430  23156     46      0      0      0 
 20260818    11:52:43       0    454     80      -    100      1      0      0      0      0  10251   2490  23156     46      0      0      0 
 20260818    11:52:44       0    445     78      -    100     40      0      0      0      0  10251   2490  23156     46      0      0      0 
 20260818    11:52:45       0    451     79      -    100      1      0      0      0      0  10251   2445  23156     46      0      0      0 
 20260818    11:52:46       0    439     79      -    100    100      0      0      0      0  10251   2520  23156     46      0      0      0 
 20260818    11:52:47       0    451     79      -    100      1      0      0      0      0  10251   2430  23156     46      0      0      0 
 20260818    11:52:48       0    445     70      -    100    100      0      0      0      0  10251   2685  23156     46      0      0      0 
 20260818    11:52:49       0    453     79      -    100      1      0      0      0      0  10251   2445  23156     46      0      0      0 
 20260818    11:52:50       0    446     73      -    100     99      0      0      0      0  10251   2565  23156     46      0      0      1 
 20260818    11:52:51       0    450     80      -    100      1      0      0      0      0  10251   2445  23156     46      0      0      0 
 20260818    11:52:52       0    446     80      -    100      1      0      0      0      0  10251   2490  23156     46      0      0      0 
 20260818    11:52:53       0    451     80      -    100      1      0      0      0      0  10251   2460  23156     46      0      0      0 
 20260818    11:52:54       0    450     80      -    100      1      0      0      0      0  10251   2460  23156     46      0      0      0 
 20260818    11:52:56       0    449     81      -    100      1      0      0      0      0  10251   2475  23156     46      0      0      0 
 20260818    11:52:57       0    448     79      -    100      1      0      0      0      0  10251   2490  23156     46      0      0      0 
 20260818    11:52:58       0    450     80      -    100      2      0      0      0      0  10251   2460  23156     46      0      6      0 
 20260818    11:52:59       0    448     80      -    100      1      0      0      0      0  10251   2505  23156     46      0      0      0 
 20260818    11:53:00       0    450     80      -    100      1      0      0      0      0  10251   2460  23156     46      0      4      4 
 20260818    11:53:01       0    448     80      -    100      1      0      0      0      0  10251   2505  23156     46      0      0      0 
 20260818    11:53:02       0    448     76      -    100      1      0      0      0      0  10251   2475  23156     46      0     10      5 
 20260818    11:53:03       0    446     79      -    100      1      0      0      0      0  10251   2415  23156     46      0      0      0 
 20260818    11:53:04       0    449     80      -    100      1      0      0      0      0  10251   2415  23156     46      0     11      5 
 20260818    11:53:05       0    446     80      -    100      1      0      0      0      0  10251   2430  23156     46      0      0      0 
 20260818    11:53:06       0    448     80      -    100      1      0      0      0      0  10251   2430  23156     46      0     11      4 
#Date        Time         gpu    pwr  gtemp  mtemp     sm    mem    enc    dec    jpg    ofa   mclk   pclk     fb   bar1   ccpm  rxpci  txpci 
#YYYYMMDD    HH:MM:SS     Idx      W      C      C      %      %      %      %      %      %    MHz    MHz     MB     MB     MB   MB/s   MB/s 
 20260818    11:53:07       0    453     80      -    100      3      0      0      0      0  10251   2400  23547     48      0      0      0 
 20260818    11:53:08       0    449     80      -    100      1      0      0      0      0  10251   2400  23156     46      0      9      3 
 20260818    11:53:09       0    447     80      -    100      1      0      0      0      0  10251   2430  23156     46      0      0      1 
 20260818    11:53:10       0    448     79      -    100      2      0      0      0      0  10251   2490  23547     48      0      4      6 
 20260818    11:53:11       0    448     80      -    100      1      0      0      0      0  10251   2460  23156     46      0      0      0 
 20260818    11:53:12       0    449     80      -    100      1      0      0      0      0  10251   2445  23156     46      0   8396   1388 
 20260818    11:53:13       0    449     79      -    100      1      0      0      0      0  10251   2415  23156     46      0      0      0 
 20260818    11:53:14       0    446     72      -    100    100      0      0      0      0  10251   2430  23156     46      0      8      3 
 20260818    11:53:15       0    448     79      -    100      1      0      0      0      0  10251   2430  23156     46      0      2      0 
 20260818    11:53:16       0    448     75      -    100     90      0      0      0      0  10251   2295  23156     46      0      7      3 
 20260818    11:53:18       0    447     80      -    100      1      0      0      0      0  10251   2400  23156     46      0      0      4 
 20260818    11:53:19       0    445     75      -    100     38      0      0      0      0  10251   2385  23156     46      0      7      0 
 20260818    11:53:20       0    449     79      -    100      1      0      0      0      0  10251   2430  23156     46      0      0      0 
 20260818    11:53:21       0    446     74      -    100      6      0      0      0      0  10251   2520  23156     46      0      0      0 
 20260818    11:53:22       0    448     80      -    100      1      0      0      0      0  10251   2445  23156     46      0      0      0 
 20260818    11:53:23       0    448     80      -    100      1      0      0      0      0  10251   2385  23156     46      0      0      1 
 20260818    11:53:24       0    452     80      -    100      1      0      0      0      0  10251   2460  23156     46      0      0      0 
 20260818    11:53:25       0    442     79      -    100    100      0      0      0      0  10251   2490  23156     46      0      0      0 
 20260818    11:53:26       0    451     80      -    100      1      0      0      0      0  10251   2415  23156     46      0      0      0 
 20260818    11:53:27       0    447     71      -    100    100      0      0      0      0  10251   2655  23156     46      0      0      0 
 20260818    11:53:28       0    451     79      -    100      1      0      0      0      0  10251   2415  23156     46      0      0      0 
 20260818    11:53:29       0    444     72      -    100    100      0      0      0      0  10251   2565  23156     46      0      0      0 
 20260818    11:53:30       0    445     78      -    100      1      0      0      0      0  10251   2400  23156     46      0      0      0 
 20260818    11:53:31       0    443     70      -    100     85      0      0      0      0  10251   2490  23156     46      0      0      0 
 20260818    11:53:32       0    444     79      -    100      1      0      0      0      0  10251   2430  23156     46      0      0      0 
 20260818    11:53:33       0    450     71      -    100    100      0      0      0      0  10251   2415  23156     46      0      0      0 
 20260818    11:53:34       0    448     79      -    100      1      0      0      0      0  10251   2400  23156     46      0      0      0 
 20260818    11:53:35       0    448     80      -    100      1      0      0      0      0  10251   2475  23156     46      0      0      0 
 20260818    11:53:36       0    449     80      -    100      1      0      0      0      0  10251   2475  23156     46      0      0      0 
 20260818    11:53:37       0    450     80      -    100      1      0      0      0      0  10251   2505  23156     46      0      0      0 
 20260818    11:53:38       0    451     80      -    100      1      0      0      0      0  10251   2490  23156     46      0      0      0 
 20260818    11:53:40       0    445     79      -    100      1      0      0      0      0  10251   2505  23547     48      0      0      0 
 20260818    11:53:41       0    451     80      -    100      1      0      0      0      0  10251   2445  23156     46      0      0      0 
 20260818    11:53:42       0    448     79      -    100      1      0      0      0      0  10251   2475  23156     46      0      0      0 
 20260818    11:53:43       0    451     80      -    100      1      0      0      0      0  10251   2475  23547     48      0      0      0 
 20260818    11:53:44       0    446     78      -    100     33      0      0      0      0  10251   2535  23156     46      0     17      4 
 20260818    11:53:45       0    450     80      -    100      1      0      0      0      0  10251   2490  23185     48      0    247     95 
 20260818    11:53:46       0    266     60      -     75     47      0      0      0      0  10251   2700   2443     48      0  11206   1069 
 20260818    11:53:47       0    243     66      -    100     15      0      0      0      0  10251   2700   2036     46      0  12931   1387 
 20260818    11:53:48       0    266     63      -    100     15      0      0      0      0  10251   2700   2427     48      0  12956   1415 
 20260818    11:53:49       0    250     62      -     57      7      0      0      0      0  10251   2700   2196     46      0  12904   1424 
 20260818    11:53:50       0    248     64      -    100     15      0      0      0      0  10251   2700   2196     46      0  13038   1389 
 20260818    11:53:51       0    263     62      -    100     14      0      0      0      0  10251   2700   2587     48      0  13050   1422 
 20260818    11:53:52       0    246     61      -    100     16      0      0      0      0  10251   2700   2356     46      0  12982   1415 
#Date        Time         gpu    pwr  gtemp  mtemp     sm    mem    enc    dec    jpg    ofa   mclk   pclk     fb   bar1   ccpm  rxpci  txpci 
#YYYYMMDD    HH:MM:SS     Idx      W      C      C      %      %      %      %      %      %    MHz    MHz     MB     MB     MB   MB/s   MB/s 
 20260818    11:53:53       0    257     63      -    100     15      0      0      0      0  10251   2700   2356     46      0  12906   1385 
 20260818    11:53:54       0    266     62      -    100     14      0      0      0      0  10251   2700   2747     48      0  13213   1412 
 20260818    11:53:55       0    248     60      -    100     16      0      0      0      0  10251   2700   2356     46      0  13111   1411 
 20260818    11:53:56       0    261     62      -    100     16      0      0      0      0  10251   2700   2356     46      0  12884   1380 
 20260818    11:53:57       0    257     60      -    100     16      0      0      0      0  10251   2700   2779     48      0  12912   1384 
 20260818    11:53:58       0    246     62      -    100     14      0      0      0      0  10251   2700   2388     46      0  13213   1407 
 20260818    11:53:59       0    265     62      -    100     16      0      0      0      0  10251   2700   2388     46      0  12903   1378 
 20260818    11:54:01       0    242     59      -     56      6      0      0      0      0  10251   2700   2779     48      0  12889   1381 
 20260818    11:54:02       0    239     61      -    100     14      0      0      0      0  10251   2700   2388     46      0  13274   1404 
 20260818    11:54:03       0    257     62      -    100     14      0      0      0      0  10251   2700   2388     46      0  13018   1375 
 20260818    11:54:04       0    249     60      -    100     15      0      0      0      0  10251   2700   2779     48      0  13057   1390 
 20260818    11:54:05       0    257     61      -    100     14      0      0      0      0  10251   2700   2388     46      0  13393   1385 
 20260818    11:54:06       0    257     62      -    100     14      0      0      0      0  10251   2700   2388     46      0  13178   1389 
 20260818    11:54:07       0    247     59      -    100     17      0      0      0      0  10251   2700   2420     46      0  12957   1390 
 20260818    11:54:08       0    260     60      -    100     17      0      0      0      0  10251   2700   2420     46      0  13236   1395 
 20260818    11:54:09       0    260     56      -    100     17      0      0      0      0  10251   2700   2420     46      0  13047   1419 
 20260818    11:54:10       0    254     60      -    100     17      0      0      0      0  10251   2700   2420     46      0  12938   1382 
 20260818    11:54:11       0    263     60      -    100     17      0      0      0      0  10251   2700   2420     46      0  12987   1409 
 20260818    11:54:12       0    253     60      -     92     15      0      0      0      0  10251   2700   2420     46      0  13273   1417 
 20260818    11:54:13       0    260     59      -    100     16      0      0      0      0  10251   2700   2420     46      0  12847   1404 
 20260818    11:54:14       0    266     61      -    100     16      0      0      0      0  10251   2700   2420     46      0  13191   1418 
 20260818    11:54:15       0    251     60      -    100     16      0      0      0      0  10251   2700   2420     46      0  13362   1391 
 20260818    11:54:16       0    259     60      -    100     17      0      0      0      0  10251   2700   2420     46      0  13023   1440 
 20260818    11:54:17       0    260     61      -    100     15      0      0      0      0  10251   2700   2420     46      0      0    836 
 20260818    11:54:18       0    246     60      -    100     15      0      0      0      0  10251   2700   2420     46      0  13003   1384 
 20260818    11:54:19       0    257     60      -    100     15      0      0      0      0  10251   2700   2420     46      0  13374   1385 
 20260818    11:54:20       0    251     57      -     58      8      0      0      0      0  10251   2700   2420     46      0  13139   1406 
 20260818    11:54:21       0    244     60      -    100     15      0      0      0      0  10251   2700   2420     46      0  12811   1383 
 20260818    11:54:23       0    263     61      -    100     15      0      0      0      0  10251   2700   2420     46      0  13124   1407 
 20260818    11:54:24       0    251     60      -    100     15      0      0      0      0  10251   2700   2420     46      0  13149   1414 
 20260818    11:54:25       0    260     61      -    100     14      0      0      0      0  10251   2700   2420     46      0  12939   1380 
 20260818    11:54:26       0    263     61      -    100     14      0      0      0      0  10251   2700   2420     46      0  13173   1419 
 20260818    11:54:27       0    247     59      -    100     15      0      0      0      0  10251   2700   2420     46      0  13245   1404 
 20260818    11:54:28       0    260     58      -    100     17      0      0      0      0  10251   2700   2420     46      0  12965   1419 
 20260818    11:54:29       0    263     54      -     91     16      0      0      0      0  10251   2700   2420     46      0  13164   1405 
 20260818    11:54:30       0    248     60      -    100     16      0      0      0      0  10251   2700   2420     46      0  13236   1390 
 20260818    11:54:31       0    258     58      -    100     16      0      0      0      0  10251   2700   2420     46      0  13145   1405 
 20260818    11:54:32       0    246     58      -     91     15      0      0      0      0  10251   2700   2420     46      0  13274   1400 
 20260818    11:54:33       0    255     59      -    100     17      0      0      0      0  10251   2700   2420     46      0  13126   1379 
 20260818    11:54:34       0    265     58      -    100     17      0      0      0      0  10251   2700   2420     46      0  13223   1402 
 20260818    11:54:35       0    256     58      -    100     16      0      0      0      0  10251   2700   2420     46      0  13201   1393 
 20260818    11:54:36       0    261     59      -    100     16      0      0      0      0  10251   2700   2420     46      0  12943   1386 
 20260818    11:54:37       0    259     59      -    100     17      0      0      0      0  10251   2700   2420     46      0  13358   3255 
 20260818    11:54:38       0    245     59      -    100     16      0      0      0      0  10251   2700   2420     46      0  13167   1414 
#Date        Time         gpu    pwr  gtemp  mtemp     sm    mem    enc    dec    jpg    ofa   mclk   pclk     fb   bar1   ccpm  rxpci  txpci 
#YYYYMMDD    HH:MM:SS     Idx      W      C      C      %      %      %      %      %      %    MHz    MHz     MB     MB     MB   MB/s   MB/s 
 20260818    11:54:39       0    257     60      -    100     15      0      0      0      0  10251   2700   2420     46      0  12921   1387 
 20260818    11:54:40       0    249     55      -     51      7      0      0      0      0  10251   2700   2420     46      0  12877   1379 
 20260818    11:54:41       0    246     59      -    100     16      0      0      0      0  10251   2700   2420     46      0  13151   1405 
 20260818    11:54:42       0    262     60      -    100     15      0      0      0      0  10251   2700   2420     46      0  12920   1388 
 20260818    11:54:44       0    247     58      -    100     16      0      0      0      0  10251   2700   2420     46      0  13099   1372 
 20260818    11:54:45       0    261     57      -    100     17      0      0      0      0  10251   2700   2420     46      0  13091   1419 
 20260818    11:54:46       0    255     59      -    100     15      0      0      0      0  10251   2700   2420     46      0  12945   1386 
 20260818    11:54:47       0    204     49      -      0      0      0      0      0      0  10251   2715   1620     46      0      0      0 
 20260818    11:54:48       0     87     47      -      0      0      0      0      0      0  10251   2715   1620     46      0      0      0 
 20260818    11:54:49       0     73     46      -      0      0      0      0      0      0  10251   2565   1620     46      0      0      0 
 20260818    11:54:50       0     67     45      -      0      0      0      0      0      0  10251   2565   1620     46      0      0      0 
 20260818    11:54:51       0     61     44      -      0      0      0      0      0      0  10251   2565   1620     46      0      0      0 
 20260818    11:54:52       0     61     44      -      0      0      0      0      0      0  10251   2565   1620     46      0      0      0 
 20260818    11:54:53       0     60     44      -      0      0      0      0      0      0  10251   2565   1620     46      0      0      0 
 20260818    11:54:54       0     60     44      -      0      0      0      0      0      0  10251   2565   1620     46      0      0      0 
 20260818    11:54:55       0     60     43      -      0      0      0      0      0      0  10251   2565   1620     46      0      0      0 
 20260818    11:54:56       0     60     43      -      0      0      0      0      0      0  10251   2565   1620     46      0      0      0 
 20260818    11:54:57       0     60     43      -      0      0      0      0      0      0  10251   2565   1620     46      0      0      0 
 20260818    11:54:58       0     60     43      -      0      0      0      0      0      0  10251   2565   1620     46      0      0      0 
 20260818    11:54:59       0     60     43      -      0      0      0      0      0      0  10251   2565   1620     46      0      0      0 
 20260818    11:55:00       0     60     42      -      0      0      0      0      0      0  10251   2565   1620     46      0      0      0 
